ID,Title,Author,Date,Votes,Tags,Posts,Views
25289,Multi-Account Containers,VENIX,2018-02-20T23:46:55.244Z,567,COOKIES:PRIVACY AND SECURITY:TABS:NICE TO HAVE,342,77990
25289,Multi-Account Containers,VENIX,2018-02-20T23:46:55.244Z,567,COOKIES:PRIVACY AND SECURITY:TABS:NICE TO HAVE,342,77990
16674,Color a Single Tab (or Tab Group),netean,2017-05-08T16:20:07.319Z,285,TABS:TAB STACKS:NICE TO HAVE:TAB BAR,162,19953
16674,Color a Single Tab (or Tab Group),netean,2017-05-08T16:20:07.319Z,285,TABS:TAB STACKS:NICE TO HAVE:TAB BAR,162,19953
24240,Save Opened files in Temporary Folder,Christian.Rauch,2018-01-31T11:10:59.845Z,262,DOWNLOADS:PIPELINE,123,17962
24238,Master Password Protected Mode to Protect your Profile,awking,2018-01-31T11:09:35.034Z,252,WILL NOT DO:PRIVACY AND SECURITY:PROFILES,128,17207
24303,Option to Disable Autoload and Autoplay of HTML5 Videos,ghpy,2018-01-31T18:54:02.090Z,246,IN PROGRESS:SETTINGS,124,23206
24478,Sync saved sessions,ROTFL,2018-02-01T22:53:24.887Z,237,SYNC:SESSIONS:NICE TO HAVE,67,9206
24608,Implement Tree-style Tabs,Hadden89,2018-02-03T05:05:07.741Z,231,TABS,107,19062
31658,TrackPad/TouchPad Gestures for History Navigation,chriscochrun,2018-10-26T02:33:14.442Z,219,PIPELINE:MOUSE GESTURES:NAVIGATION,118,21288
24141,Support for MIME Types,Pesala,2018-01-31T09:30:45.384Z,218,NICE TO HAVE,29,7497
24595,Add Searchable Tags for Bookmarks,josephj11,2018-02-02T21:44:18.401Z,208,BOOKMARKS:PIPELINE,79,11147
24867,Auto Detect Logos + Select Part of the Page for Speed Dial and Bookmark Thumbnails,hrh_fourtyseven,2018-02-09T05:56:27.575Z,199,SPEED DIAL:BOOKMARKS:NICE TO HAVE,30,4880
24801,Export/Import for User Settings,redqueen,2018-02-07T08:01:11.396Z,187,SETTINGS:PIPELINE,71,11421
33411,Flatpak support,andrewlucky,2018-12-25T22:46:14.719Z,179,IN PROGRESS,292,53855
25451,Option to Autohide Tab Bar / UI,somebody,2018-02-26T12:46:33.100Z,170,USER INTERFACE:NICE TO HAVE,52,10369
27660,Names for Windows,yoxxx,2018-05-26T13:37:21.774Z,165,PIPELINE:WINDOW,105,11480
24395,Private Tabs,kurevska_registracia,2018-02-01T10:17:08.762Z,164,NICE TO HAVE:PRIVACY AND SECURITY:COOKIES:TABS,18,5744
24479,Sync custom Speed Dial thumbnails,ROTFL,2018-02-01T22:57:16.058Z,161,SPEED DIAL:SYNC:THUMBNAILS:PIPELINE:BOOKMARKS,59,6462
24116,RegEx Support for "Find in Page",solidsnake,2018-01-31T08:37:07.538Z,157,PIPELINE,45,6406
24174,Option to detect mobile touch icons instead of thumbnails,LonM,2018-01-31T09:42:03.293Z,150,SPEED DIAL:ICONS:IN PROGRESS,28,4058
24127,Download Manager,Pesala,2018-01-31T09:20:41.797Z,141,DOWNLOADS:PIPELINE,29,7800
24248,Option to delete items from disk inside the download panel,krabbel,2018-01-31T11:37:55.472Z,139,DOWNLOADS:PIPELINE,28,4921
24491,Duplicated bookmark detection / cleanup,ROTFL,2018-02-01T23:55:00.884Z,136,BOOKMARKS:PIPELINE,36,8323
24235,Better Cookie Management,luetage,2018-01-31T11:05:08.804Z,131,COOKIES:PIPELINE,44,8738
85026,Pin Across Workspaces,ThatRossChap,2023-03-22T23:52:08.982Z,125,TABS:TAB STACKS:WORKSPACES,56,4493
24359,Customize Appearance of Menus and Scrollbars,Asires,2018-02-01T01:54:40.532Z,116,MENUS:THEMES:NICE TO HAVE:USER INTERFACE:WEB PAGES,29,5366
24148,Links Panel,Pesala,2018-01-31T09:33:39.563Z,111,PANELS:NICE TO HAVE,12,3783
25070,Locking Pinned Tabs,spinnekop,2018-02-14T21:38:15.521Z,105,PINNED TABS,42,6490
24268,Mouse Gesture Trails,longvoid,2018-01-31T13:51:45.535Z,105,MOUSE GESTURES:NICE TO HAVE,20,4255
24246,Scroll-sync for tiles,bimlas,2018-01-31T11:27:35.759Z,102,TABS:NICE TO HAVE:WEB PAGES,28,3430
24224,True Alphabetical Bookmarks Sorting,luetage,2018-01-31T10:47:46.307Z,102,BOOKMARKS:NICE TO HAVE,35,4744
25453,Multiple Row Tabs,LonM,2018-02-26T15:52:47.681Z,101,TABS:TAB BAR:NICE TO HAVE,247,40385
25257,Add  Protocol Handler to Settings,carstorm,2018-02-20T06:47:21.166Z,101,SETTINGS:PIPELINE,26,7679
24578,Open Bookmark Folder in Tab Stack,Artex,2018-02-02T17:25:04.496Z,100,BOOKMARKS:TAB STACKS:PIPELINE,28,3635
24139,Choose Fonts for GUI,Pesala,2018-01-31T09:29:35.587Z,98,USER INTERFACE:NICE TO HAVE,13,2728
42397,Profile Icons on Taskbar.,Azenix,2019-11-27T02:21:24.623Z,94,NICE TO HAVE,84,9354
43572,Media Control Feature like "Media hub" of Chrome,kyu3a,2020-01-20T15:03:54.901Z,90,,27,4079
24232,Native Themes to Match the OS Design,Nekomajin,2018-01-31T10:58:50.572Z,90,THEMES,19,4659
32575,Option to Disable Mouse Gestures for Certain URLs,GeeZuZz,2018-11-27T15:44:52.444Z,89,MOUSE GESTURES:SETTINGS:NICE TO HAVE,32,4725
25366,Show icons in context menu,bimlas,2018-02-22T22:30:32.296Z,87,MENUS:PIPELINE,39,4728
85002,SpeedDial and bookmark bar dedicated to each Workspaces,Blindheit,2023-03-22T10:05:46.850Z,84,SPEED DIAL:BOOKMARK BAR:USER INTERFACE:WORKSPACES,42,3904
24234,Option to Disable the Confirm Download Dialog,Christian.Rauch,2018-01-31T11:00:57.833Z,80,DOWNLOADS:NICE TO HAVE:PRIVACY AND SECURITY,60,8396
24740,Add Chrome-Like URL Completion & Quicksearch,shooterbret,2018-02-05T21:26:41.776Z,78,ADDRESS BAR:SEARCH:NICE TO HAVE,67,9172
44798,Two panels (sidebars) at the same time,solidsnake,2020-03-10T16:18:40.158Z,76,PANELS,33,3880
25189,Battery Saver Mode,CheVe11e_191,2018-02-18T09:46:57.271Z,74,SETTINGS:NICE TO HAVE,17,5117
24540,Hibernating / unloading web panels content,ROTFL,2018-02-02T11:36:58.944Z,74,PANELS:NICE TO HAVE,24,3888
24926,Tab Bar Below Address Bar,nfsmaniac,2018-02-10T19:52:26.720Z,73,TAB BAR:ADDRESS BAR:SETTINGS,45,7196
24228,Dedicated Bookmarks Folder for Web Panels,luetage,2018-01-31T10:55:13.995Z,72,PANELS:BOOKMARKS,8,2205
24348,Custom Web Panel Icons,AltCode,2018-01-31T22:44:35.177Z,70,PANELS:ICONS,12,4124
25542,Configurable Middle-click (e.g. open Tabs in Foreground),schreck,2018-03-01T02:53:25.551Z,68,TABS,94,14387
31820,Subtitles in Picture in Picture (PiP),pauloaguia,2018-10-30T14:13:04.223Z,66,MEDIA:POP-OUT VIDEO,20,3672
29800,Increase Max Width of Vertical Tab Bar,Tinsmith,2018-09-05T07:05:10.825Z,65,VERTICAL TABS:TABS,88,9833
24145,Preserve Custom Modifications Across Upgrades,LonM,2018-01-31T09:33:02.161Z,65,USER INTERFACE,14,2200
24964,Option to Open a URL / Search Results in a New Tab from the Address Bar with "Enter",ysul0614,2018-02-11T20:23:45.171Z,62,ADDRESS BAR:NEW TAB:SHORTCUTS,144,26940
29930,Show the Bookmarks Bar only on New Tabs,zook,2018-09-10T02:19:22.194Z,62,BOOKMARKS BAR:START PAGE:SETTINGS,39,6242
24396,Drag Text to Tab Bar  Tabs to Search,kurevska_registracia,2018-02-01T10:20:38.629Z,62,SEARCH:DRAGANDDROP,66,7846
85196,Allow sorting of Workspaces,g_bartsch,2023-03-29T07:33:23.934Z,61,WORKSPACES,13,943
24134,Ctrl+Click on Images to Save Them,Pesala,2018-01-31T09:25:45.619Z,61,IMAGE:SHORTCUTS,13,2371
67055,Select Source and Target Languages for Translator,Kevinar,2021-10-03T15:05:03.191Z,61,SETTINGS:TRANSLATE,19,1722
24452,Read Aloud Selected Text,Pesala,2018-02-01T20:21:12.206Z,61,READING:VOICE:ACCESSIBILITY,9,3936
70909,Edge type vertical tab minimizing,dobeye,2022-01-15T00:00:36.533Z,60,TABS,29,4587
25059,Ctrl+F Should Toggle Find in Page,torniojaws,2018-02-14T13:24:24.256Z,58,PIPELINE:KEYBOARD SHORTCUTS,17,2209
24247,Page Information Panel,Pesala,2018-01-31T11:37:51.887Z,58,PANELS,3,3083
24392,Delete Bookmark Thumbnails,Pesala,2018-02-01T10:05:22.543Z,56,BOOKMARKS:THUMBNAILS,48,4558
24582,Save Webpage as PDF,Artex,2018-02-02T17:43:37.835Z,56,DOWNLOADS,44,8146
46811,Quick Unit Converter (currency  time zone  temp scales  measurements oz  cm  etc),rluik,2020-05-08T22:26:09.028Z,55,,21,2375
24156,Built in Support for UserStyles / UserCSS,LonM,2018-01-31T09:36:22.233Z,55,USERCSS,13,2315
24313,Open Download Manager in a separate tab,david.cortes,2018-01-31T19:38:57.500Z,54,DOWNLOADS:TAB:NICE TO HAVE:SETTINGS,31,4346
24576,Show Tab and Address Bar in Fullscreen by Hovering at Top of Screen,kurevska_registracia,2018-02-02T17:00:53.817Z,54,AUTO-HIDE:TABS:ADDRESS BAR,20,4274
36326,Ability to change web panel home URL without having to create a new web panel,valiowk,2019-04-06T20:46:45.929Z,53,WEB PANELS:PANELS,14,1252
27145,Option to Modify the Tab Width,seeley,2018-05-03T05:32:59.394Z,52,SETTINGS:TAB BAR,45,9767
24462,Built-in Proxy settings,Stardust,2018-02-01T21:11:21.324Z,52,PROXY,23,6872
29771,Remove restrictions on Web Panel width - also allow fullscreen mode,CheVe11e_191,2018-09-03T19:00:11.343Z,52,PANELS,30,2672
24587,Highlight duplicate tabs with blinking,ROTFL,2018-02-02T18:51:58.300Z,52,TABS:HIGHLIGHT,30,4665
26593,Collapse Folders when Adding a Bookmark,oskark,2018-04-10T13:18:21.888Z,50,BOOKMARKS,58,5400
26784,Return to Previous Position after Scroll to Top,talkaboom,2018-04-19T07:15:50.997Z,49,NAVIGATION,24,4821
29371,Bookmark Manager Improvements,kmedeiros,2018-08-14T18:23:57.897Z,49,BOOKMARKS,23,4382
24113,Go Back to Parent Folder in Speed Dial,RayAlpha,2018-01-31T08:30:28.188Z,49,SPEED DIAL:NAVIGATION:BOOKMARKS,32,4108
24497,Keep multiple backups of sessions / bookmarks / notes / ...,ROTFL,2018-02-02T00:21:33.395Z,49,BOOKMARKS:SESSIONS:NOTES,12,2588
24298,Show Pinned Tabs as Icons on Vertical Tab Bar,Flex,2018-01-31T18:27:48.495Z,48,TAB BAR:TABS:PIPELINE,24,3166
32095,Option for Colored Bookmark Folders,FatihSultan,2018-11-09T17:13:00.112Z,48,BOOKMARKS:BOOKMARKS PANEL:COLOR,15,2080
24190,Image Properties as a Dialogue,Pesala,2018-01-31T09:51:35.572Z,48,GUI:IMAGE,11,1747
24283,Reorder Tab Stacks by Dragging Thumbnails,Guilimote,2018-01-31T16:20:13.457Z,48,TAB STACKS:THUMBNAILS:DRAGANDDROP:TABS,3,1262
72623,Upload Clipboard Content / Recent Download As File (like opera),Computerdores,2022-03-02T01:14:38.914Z,47,DOWNLOADS,36,4085
24460,Persistent Page Actions,LonM,2018-02-01T21:04:31.896Z,47,PAGE ACTIONS,28,2350
74553,Multiple picture-in-picture windows,m0rgane,2022-04-20T08:17:17.783Z,46,POP-OUT VIDEO,22,2513
29011,Browser Fingerprinting protection,dude99,2018-07-27T05:49:39.680Z,46,PRIVACY:SECURITY,21,6078
24375,Shortcuts and Gestures to Save Images,neltherion,2018-02-01T07:51:25.752Z,46,SHORTCUTS:IMAGE:MOUSE GESTURES,13,3510
24314,Quick Preferences Menu as in Opera 12.18,Morg42,2018-01-31T19:40:34.764Z,46,MENUS:SETTINGS,7,1818
25402,Lock/Protect Tabs,duarte.framos,2018-02-23T19:23:23.085Z,46,WILL NOT DO:TABS,14,2670
24529,Graphic Tools in Screenshot Feature,dominicw2,2018-02-02T10:54:33.741Z,46,WILL NOT DO:CAPTURE PAGE,41,6665
70115,Chrome-like Tab Dragging,AltCode,2021-12-18T15:48:07.793Z,46,TABS:WINDOW,9,502
25969,Follower Tabs,chaswmsday,2018-03-17T17:58:18.619Z,46,TABS,18,2837
24137,Open With Context Menu,Pesala,2018-01-31T09:28:31.255Z,45,MENUS:GUI,10,2090
24118,Enable Mouse Gestures in Web Panels,EmilEichhoernchen,2018-01-31T08:42:40.068Z,45,PANELS:MOUSE GESTURES,7,1235
85982,Workspaces Multi-Window mode,paulspectre,2023-04-21T21:10:14.346Z,44,WORKSPACES:TABS:WINDOW,15,1531
24289,Remember Path for Downloads by Domain,d_A_y_x,2018-01-31T16:42:01.344Z,44,DOWNLOADS,15,1215
48799,Prioritise Frequently Visited for autocomplete,Pathduck,2020-07-07T12:51:13.986Z,44,ADDRESS BAR,23,1457
36738,Color for group of tabs,alfaex,2019-04-21T16:23:25.191Z,44,TABS:UI DESIGN,26,2873
24349,Option to Disable White Background Behind Favicons,AltCode,2018-01-31T22:47:28.382Z,44,FAVICONS:GUI:CUSTOMIZE,20,3587
62212,Better pdf Reader Needed,kantbot,2021-06-10T11:22:44.038Z,43,,15,1730
24970,Separate Options for Tab Cycling and Scrolling Tabs on Tab bar,Formedras,2018-02-12T04:27:44.871Z,43,TABS:SCROLLING:TAB CYCLING,38,4654
24673,Autocomplete Root Domain before Subdomain,NemoAnonymous,2018-02-04T14:10:59.585Z,43,ADDRESS BAR:IN PROGRESS,9,1891
25266,"Open With" in Download Manager,ahhalai,2018-02-20T09:55:48.828Z,43,DOWNLOADS,10,1981
24592,Drop-down bookmarks menu button on the Address Bar,Stardust,2018-02-02T20:31:35.359Z,42,MENUS:ADDRESS BAR:BOOKMARKS,26,4656
24592,Drop-down bookmarks menu button on the Address Bar,Stardust,2018-02-02T20:31:35.359Z,42,MENUS:ADDRESS BAR:BOOKMARKS,26,4656
85788,Make pinned tabs global and not per workspace,francesco2015,2023-04-18T21:45:34.398Z,42,WORKSPACES:TABS:USER INTERFACE,26,1819
33490,Enable scrolling while selecting a larger area to take as a screenshot,hordosikrisztian,2018-12-30T09:47:51.821Z,42,SCREENSHOT:SCROLLING,27,3192
43366,Stop websites from reassigning Vivaldi shortcuts,david.cortes,2020-01-10T08:04:37.690Z,42,,19,1966
24335,Option to Create Tab-stack by Ctrl-clicking or Middle-clicking on Links,trevtech,2018-01-31T21:22:17.941Z,42,TAB STACKS:TABS,17,2385
30085,Add a Load Wait Effect Before Getting a Response,hentioe,2018-09-16T06:26:20.103Z,42,ADDRESS BAR,8,1294
26273,Option not to Open Explorer after Screen Capture,steveh64,2018-03-28T11:51:44.992Z,41,SCREEN CAPTURE:SCREENSHOT:SETTINGS,23,2956
43873,Allow more complex themes,gabevilela,2020-01-31T23:58:28.531Z,41,THEMES,8,657
46130,Adjustable Tab Volume,mrmeireles,2020-04-24T05:30:41.386Z,40,VOLUME,17,1602
24209,Option to Change Date and Time Format,luetage,2018-01-31T10:29:04.384Z,39,,15,1880
45991,fullscreen in PIP,matiasmovie,2020-04-22T17:00:46.682Z,39,POP-OUT VIDEO,18,2519
40970,Force default fonts,LonM,2019-09-28T13:50:39.761Z,39,FONTS:ACCESSIBILITY,32,4160
27631,Inbuilt password manager,luetage,2018-05-24T18:30:03.534Z,39,PRIVACY:PASSWORDS,23,4046
50834,Improve ad blocker rule compatibility,hexianpeel,2020-09-17T12:14:11.244Z,39,,2,565
24585,Advanced "Find in page",ROTFL,2018-02-02T18:48:14.996Z,39,FIND IN PAGE,6,1327
26811,Option to Clear Everything on Exit,UpGrade,2018-04-20T14:11:45.417Z,38,PRIVACY,38,6696
24825,Mnemonic Shortcuts,Pesala,2018-02-07T22:47:05.644Z,38,SHORTCUTS,16,1963
34494,More Complex Tab Auto-Stacking,AltCode,2019-02-09T09:53:40.611Z,38,TAB STACKS:TABS,19,1830
24382,Drag and Drop Tiled Tabs,Pesala,2018-02-01T08:23:44.681Z,38,TILING:DRAGANDDROP,5,1615
26468,Make Current Tab More Distinguishable,Ornorm,2018-04-04T23:30:28.833Z,38,TABS:THEMES,12,2403
25620,Find in Page as you Type,Pesala,2018-03-03T20:02:41.305Z,37,FIND IN PAGE,18,2396
32476,Permanent Tab Tiling,otiv,2018-11-23T15:49:13.439Z,37,TABS:TILING,20,1567
24486,History / address bar blacklist ("Forget about this site"),ROTFL,2018-02-01T23:32:12.222Z,37,HISTORY:ADDRESS BAR,13,1599
40624,Stop redirecting `chrome://` URLs to `vivaldi://`,Pathduck,2019-09-19T21:36:06.908Z,37,SETTINGS,16,1702
24483,Close tabs by middle-click on thumbnail,ROTFL,2018-02-01T23:17:59.394Z,37,CLOSE TABS:TABS,2,831
24466,Middle-click Scrolling for Linux Version,Stardust,2018-02-01T21:14:29.039Z,36,MIDDLE-CLICK:LINUX:SCROLLING,75,7933
26231,Vertical Tab Bar needs (Auto)Scroll to Active Tab Functions,dude99,2018-03-27T11:17:48.844Z,36,VERTICAL:TAB BAR:SCROLLING:TABS,24,3404
25127,Support gestures on touchscreen,ROTFL,2018-02-16T08:12:59.902Z,36,MOUSE GESTURES,16,4943
29670,Capture as PDF,iayestaran,2018-08-29T08:04:27.265Z,36,CAPTURE:PDF,15,2351
24734,Stop Video/Audio =  stop buffering,dude99,2018-02-05T17:48:29.643Z,36,VIDEO:AUDIO:MEDIA,4,1690
24361,New "History" mode: "View by Site",Asires,2018-02-01T02:00:08.970Z,36,HISTORY,7,1031
24866,Allow Editing of Passwords and Details in Privacy Settings,aderitobonito,2018-02-09T05:48:44.937Z,35,PASSWORDS:PRIVACY,24,2947
50150,Do not dim the entire Picture in Picture (PiP) video on mouse hover.,RammsteinAM,2020-08-28T21:32:48.039Z,35,POP-OUT VIDEO,22,1609
24955,Capture Page Elements,AfsarPasha,2018-02-11T14:56:28.514Z,35,SCREENSHOT,18,2181
27576,Middle-click on Tab Bar to Open New Tab,Tell,2018-05-22T10:46:56.840Z,35,MIDDLE-CLICK:TAB BAR:NEW TAB:TABS,22,3092
24659,Tab Snooze / Keep for later time,dakira,2018-02-04T00:44:40.363Z,35,TABS:HIBERNATION,22,2500
67470,Translator: list of "favourite" languages in the top of the language list,Agych,2021-10-12T11:27:01.502Z,34,SETTINGS:TRANSLATE,8,706
28972,Keep Current Bookmark Selected After Cancelling Tree Search,Marc Sigrist,2018-07-25T16:35:26.573Z,34,BOOKMARKS:SEARCH,25,2042
26317,Option to Block Extension Updates,terere,2018-03-30T09:59:48.587Z,34,BLOCK:EXTENSION,8,1884
25448,"One-way" Sync,ROTFL,2018-02-26T07:55:54.753Z,34,SYNC,12,843
34405,Colored Bookmark Folders and Separator Bars,tristanhenderson,2019-02-07T11:53:44.143Z,34,BOOKMARKS:GUI,11,1200
26576,Use / Autofill Saved Usernames and Passwords in Web Panels,claraangeles,2018-04-10T01:24:14.513Z,33,PANELS:PASSWORDS:WEB PANELS,13,2240
56744,Set "close tab activation" option to last in stack,Kikey,2021-02-09T21:58:16.628Z,33,TABS,24,1610
25214,On-Demand / Click To Enable Plugins & Media,ideala2,2018-02-18T22:27:26.590Z,33,MEDIA,8,1538
25580,Mouse Gesture Visual Hints,Pesala,2018-03-02T07:39:41.322Z,33,MOUSE GESTURES,11,2931
24186,File Sharing like Opera Unite,Pesala,2018-01-31T09:48:08.631Z,33,PRIVACY AND SECURITY:SYNC,8,1984
24169,Advanced Content Permissions (2D Approach like uMatrix),LonM,2018-01-31T09:40:07.275Z,33,,8,989
34899,Show timer inside address bar to show waiting for response.,saudiqbal,2019-02-22T06:14:52.455Z,33,STATUS BAR:ADDRESS BAR,16,1566
29409,Epub Support,metafaniel,2018-08-16T15:32:26.917Z,32,,10,2663
25418,Sort Bookmarks by Folders First,neltherion,2018-02-24T06:09:51.112Z,32,BOOKMARKS,10,1382
24211,User-friendly View for JSON,RammsteinAM,2018-01-31T10:33:53.816Z,32,,8,3905
27933,Transparent Icons on Panel Toolbar,Regnas,2018-06-11T00:58:27.560Z,32,ICONS:PANELS,16,1746
24250,Allow per-site User Agent Simulation,LonM,2018-01-31T11:41:41.339Z,31,SITE SETTINGS:USER AGENT,5,1127
55693,Support IPFS | The Decentralized Protocol,joeyserio,2021-01-19T21:17:32.547Z,31,PRIVACY AND SECURITY,23,1956
28799,Overwrite Existing Keyboard Shortcut (with Confirmation),Pesala,2018-07-19T21:23:12.370Z,31,SETTINGS:KEYBOARD SHORTCUTS,8,905
24244,Device-specific Speed Dials,awking,2018-01-31T11:18:46.638Z,31,SPEED DIAL:SYNC:BOOKMARKS,6,1017
39189,Multiple "People" with single Vivaldi sync account,Llamanerds,2019-08-01T20:42:57.205Z,30,SYNC:PROFILES:SETTINGS,28,4069
24181,Download Hash/Checksum Verification,LonM,2018-01-31T09:44:46.573Z,30,DOWNLOADS,4,1358
24151,Tab Stack Commands,LonM,2018-01-31T09:34:51.643Z,30,TAB STACKS:SHORTCUTS:MOUSE GESTURES:TABS,7,1810
32866,Show Full URL by Default,knightnet,2018-12-09T15:25:35.080Z,30,ADDRESS BAR:SECURITY:URL,7,1615
45063,Collections,stralpt6,2020-03-20T03:48:55.352Z,29,,17,1711
53563,Brave blocks CNAME tracking  what about Vivaldi?,npro,2020-11-28T00:54:19.854Z,29,AD AND TRACKER BLOCKER,15,1938
32459,Adjustable Width & Height for Quick Command Dialog,dude99,2018-11-23T05:18:17.871Z,28,,12,1748
24922,Turbo / Data Saver / Data Compressor,nearbaskara,2018-02-10T18:10:06.132Z,28,,24,3377
45674,Resource limiters (CPU  Memory and Network),ribeirobreno,2020-04-13T12:30:46.507Z,28,,25,4399
24288,Delete Saved Sessions Confirmation,free4eversa,2018-01-31T16:38:39.176Z,28,SESSIONS:IN PROGRESS,15,2058
24138,Show Current Version for Updates,Pesala,2018-01-31T09:28:58.019Z,28,SETTINGS,5,1042
24983,Mouse Hover on a Tab Activates it!,maxtao,2018-02-12T12:44:19.539Z,28,TABS,21,5460
25182,Colorized Download Progress Line,CheVe11e_191,2018-02-18T08:59:53.130Z,28,DOWNLOADS:PANELS,5,1045
24154,Show Link Info as a Tooltip,LonM,2018-01-31T09:35:47.137Z,28,LINKS:TOOLTIPS,3,1552
36079,Keep alive dynamic history clock,Hadden89,2019-04-01T11:54:20.731Z,28,HISTORY PANEL:PANELS,28,2765
24172,Searching should alert when the first match (where the search began) reached again,bimlas,2018-01-31T09:40:47.048Z,28,FIND IN PAGE,5,894
95523,Synchronise Shortcuts,Pesala,2024-02-28T22:49:02.275Z,27,SYNC:KEYBOARD SHORTCUTS:MOUSE GESTURES,10,499
60294,Vivaldi  the agile productivity suite - joint Kanban board for Tasks  Notes  Emails etc,WildEnte,2021-04-29T20:44:07.294Z,27,,14,1260
36676,Support Hard Reload,terere,2019-04-18T23:51:07.794Z,27,TOOLBAR:RELOAD:ADDRESS BAR,15,2347
35940,Autocomplete with just the domain part  not full URL,Avi,2019-03-28T15:10:47.625Z,27,ADDRESS BAR,9,768
25831,Multiple Simultaneous Searches Using Nicknames,karel.ulman,2018-03-12T20:09:34.476Z,27,SEARCH ENGINES:NICKNAMES:ADDRESS BAR,31,6288
24358,Disable / Enable Extensions from Toolbar,Asires,2018-02-01T01:50:12.320Z,27,TOOLBARS:EXTENSIONS,29,4672
24150,Fit Page Width,LonM,2018-01-31T09:34:17.461Z,27,USER INTERFACE,3,824
24528,Better Windows 10 tile,dominicw2,2018-02-02T10:52:54.231Z,27,WINDOWS 10:ICONS,6,1130
25211,Consolidate Chrome Settings in a Single Place in Vivaldi,fofo,2018-02-18T18:50:06.322Z,27,SETTINGS,5,1197
28266,Lazy Load for Sessions,LonM,2018-06-28T21:17:25.277Z,27,SESSIONS,4,1391
24161,Full Mouse Gesture Support in Speed Dial,LonM,2018-01-31T09:38:00.556Z,27,SPEED DIAL:MOUSE GESTURES:BOOKMARKS,5,1097
49689,Auto Clean Browser Cache on Exit,Acerus,2020-08-13T11:22:10.791Z,26,SETTINGS,49,6465
36303,Download always save as  skip the save/save as/open confirmation dialog,topexpsy,2019-04-06T01:17:05.234Z,26,DOWNLOADS:SETTINGS,18,2686
24200,Optional Program Sounds,Pesala,2018-01-31T09:59:11.424Z,26,SETTINGS:SOUND,11,1498
24220,Text field in Downloads Panel for Direct Downloads,RammsteinAM,2018-01-31T10:42:28.967Z,26,DOWNLOADS:PANELS,13,1720
24199,Permanently Delete Bookmarks or Notes with Shift Delete,Pesala,2018-01-31T09:58:39.228Z,26,BOOKMARKS:NOTES:SHORTCUTS,2,809
32505,Custom Quick Commands,LonM,2018-11-24T20:27:11.728Z,26,QUICK COMMANDS:CUSTOMIZE,4,993
60257,Bring back settings from old window background image,AltCode,2021-04-29T12:45:28.800Z,26,THEMES,17,1471
24166,Boss Key to Hide Browser,Pesala,2018-01-31T09:39:43.113Z,26,KEYBOARD SHORTCUTS,31,5209
25259,Mark Tab as Important,qwer0,2018-02-20T08:06:35.715Z,26,TABS:HIGHLIGHT,11,2683
38634,Add support for Javascripts mods under vivaldi://experiments,Hadden89,2019-07-04T06:51:36.411Z,26,THEMES,6,568
24816,Activate Panels with Mouseover,Hadden89,2018-02-07T15:01:47.971Z,26,PANELS:AUTO-HIDE,4,1785
102311,Downloads | Restore Old Behavior Adding (1),ghazan,2024-10-25T11:51:34.737Z,25,SETTINGS:DOWNLOADS,18,273
102311,Downloads | Restore Old Behavior Adding (1),ghazan,2024-10-25T11:51:34.737Z,25,SETTINGS:DOWNLOADS,18,273
36664,Option to exclusively use the "small" audio playing badge.,Dinjoralo,2019-04-18T16:00:41.589Z,25,AUDIO:SOUND:MEDIA:PLAYBACK:TABS:MUTE,4,925
35522,Ability to re-open multiple tabs  after a bulk close,CheVe11e_191,2019-03-16T09:37:45.169Z,25,TABS,28,2639
24607,Copy Page Address on Tab Context Menu,Pesala,2018-02-03T05:03:37.240Z,25,MENUS,11,1259
30201,Dedicated Bookmarks Folder for Search Engines,duarte.framos,2018-09-21T00:53:24.445Z,25,BOOKMARKS,27,3016
60306,Focus the bookmarks folder tree when adding new bookmarks,arnad,2021-04-30T00:27:06.764Z,25,BOOKMARKS,20,1010
24629,Option for Bookmarks Bar Folder to Stay Open after Opening a Bookmark,eXzentrik,2018-02-03T13:15:10.977Z,25,BOOKMARKS BAR:BOOKMARKS,12,2037
33983,Option to Autohide the Tab Bar for a Single Tab,dannyswift,2019-01-21T11:12:08.410Z,25,TAB BAR:AUTO-HIDE:SETTINGS,1,682
34679,Move to next tab stack with keyboard,cat83293,2019-02-15T13:39:40.753Z,24,TABS:TAB STACKS:SHORTCUTS,19,2115
56304,Text only Speed dial thumbnails,Araragi,2021-02-01T22:25:29.657Z,24,BOOKMARKS,18,1016
24902,Diagonal Mouse Gestures,Pesala,2018-02-09T23:15:04.336Z,24,MOUSE GESTURES,15,1332
30385,Native (non-Chromium) Extensions page/panel,valiowk,2018-09-26T16:28:40.629Z,24,EXTENSION,11,808
34009,Option to automatically open context menu on selection,tlk,2019-01-22T08:35:50.418Z,24,SELECTION:CONTEXT MENU:SEARCH:COPY,8,1775
30357,Quick Selection Bubble for Search Engine and Panel,Seasonly,2018-09-26T10:24:56.792Z,24,SEARCH ENGINES:PANELS:SELECTION,14,2722
25623,Send URL by Email,fofo,2018-03-03T21:30:50.977Z,24,,28,2850
40549,Creating thumbnails for speed dial from OpenGraph tags,vmv,2019-09-18T11:12:03.590Z,24,BOOKMARKS,4,582
26686,Get rid of the dead birds…,luetage,2018-04-14T18:04:58.507Z,24,USER INTERFACE,58,6098
30654,Dev tools as Vivaldi panel,DannyRomano,2018-09-29T21:57:27.071Z,24,PANELS:DEVELOPER TOOLS,7,876
39685,Enhance Notes with Highlights,DiscourseStu,2019-08-26T04:03:37.859Z,24,NOTES,4,414
24384,Match Whole Words for Find in Page,Pesala,2018-02-01T08:52:29.326Z,24,FIND IN PAGE,9,1567
25411,Add Undo button (Trash) for mistakenly deleted Themes,CheVe11e_191,2018-02-24T00:04:23.836Z,24,THEMES:TRASHCAN,6,998
95555,Exception list for forcing dark theme,Gallow,2024-02-29T14:34:10.867Z,23,THEMES:WEB PAGES,18,1091
71760,Add folders to the Reading List,militzer,2022-02-09T17:12:43.170Z,23,READING LIST,12,927
25212,GTK native theme window controls,balvik,2018-02-18T19:58:47.226Z,23,THEMES,14,6849
26286,Add Bookmarks to Top or  Bottom of Folder,ronyxs,2018-03-28T22:15:39.624Z,23,BOOKMARKS,30,5461
25345,Find in Page in Web Panels,Maxrunner,2018-02-22T11:26:21.227Z,23,PANELS:FIND IN PAGE,7,1568
32124,Setting to Disable Closed Tabs History and Remove Trashcan,Kobi,2018-11-10T21:08:01.054Z,23,SETTINGS:TRASHCAN:CLOSED TABS:HISTORY,41,6560
58504,Setting for Number of Closed Tabs to Store,Pesala,2021-03-20T23:30:54.286Z,23,SETTINGS,19,1518
62418,Allow translation of all websites,stilgarwolf,2021-06-12T10:13:38.937Z,23,TRANSLATE,5,642
24650,Make Pinned Tabs Identifiable when using Vertical Tab Bar,qwc,2018-02-03T20:52:10.923Z,23,TAB BAR:PIPELINE:USER INTERFACE,30,4106
24448,Missing Indicator of Completed Downloads,CheVe11e_191,2018-02-01T20:11:55.332Z,23,DOWNLOADS,7,1132
33134,Downloads Panel: Automatically remove completed downloads and close empty panel,buffalo,2018-12-16T22:16:35.712Z,23,SETTINGS:DOWNLOADS:PANELS,8,878
24326,Split Bookmark Pane,Rongar,2018-01-31T20:23:27.406Z,23,BOOKMARKS:PANELS,16,1278
35991,Import themes by the sync feature,raymond_najii,2019-03-29T13:07:21.722Z,23,SYNC:THEMES,6,874
53102,Option to remove site cookies and data immediately after you close the tab,Stardust,2020-11-18T00:05:04.817Z,23,SETTINGS,17,674
25085,Import / Export Keyboard Shortcuts and Mouse Gestures,Pesala,2018-02-15T11:00:57.083Z,23,IMPORT:EXPORT:MOUSE GESTURES:SHORTCUTS,3,1007
30358,Make it easier to find which values have been changed from defaults,ROTFL,2018-09-26T10:48:07.050Z,23,SETTINGS,2,341
25346,Torrents Download Support,Maxrunner,2018-02-22T11:41:09.770Z,22,DOWNLOADS,7,4236
72795,Close Tab Activation > Always Activate Tab in Current Tab Stack,RadekPilich,2022-03-06T10:32:33.713Z,22,TABS,8,430
26422,Open Link as Tiled Tab Stack,andydelz,2018-04-03T08:17:38.033Z,22,TILING:TAB STACKS:LINKS:TABS,9,2281
41858,Option to merge the bookmarks bar into the address bar.,0asdf,2019-11-03T18:39:43.742Z,22,ADDRESS BAR,11,926
28593,Shortcuts to Tab-stacks -> Tab,fizch,2018-07-10T23:16:22.378Z,22,SHORTCUTS:TAB STACKS:TABS,8,1418
24285,Option to Display Tab  Temporarily by Hovering its Thumbnail,Guilimote,2018-01-31T16:22:03.757Z,22,THUMBNAILS,6,1430
24467,Option to Move Menu Button to Address Bar,Stardust,2018-02-01T21:15:16.098Z,22,MENU:BUTTON:ADDRESS BAR:CUSTOMIZE,12,1841
28176,Restart from Menu without Extensions,Para-Noid,2018-06-22T16:17:40.354Z,22,EXTENSIONS,11,1633
45977,Picture-in-Picture (PiP): Automatically pop out video when tab is switched or window minimized,animax,2020-04-22T15:21:28.631Z,22,POP-OUT VIDEO,3,1435
25901,Colors for Progress Bar and Download Button,dude99,2018-03-15T05:36:38.590Z,22,,8,1161
38629,Show total system wide resources usage in status bar...,TsunamiZ,2019-07-04T00:03:23.851Z,22,,4,446
30451,Web Access to Synchronised Data,slick1,2018-09-27T10:30:48.644Z,22,SYNC,9,964
33320,Notes for the Bookmark Panel,Martin.Storch,2018-12-21T22:03:23.272Z,22,BOOKMARKS,20,2274
27150,Use Icon from Web App Manifest.json on Speed Dial,mrmamen,2018-05-03T11:12:23.876Z,22,ICONS:SPEED DIAL:BOOKMARKS,8,1398
24402,Switchable Tab Groups similiar to Firefox Panorama,kurevska_registracia,2018-02-01T11:06:50.467Z,22,TAB GROUPS:FIREFOX:TABS,2,808
24143,Transparency for Speed Dial Thumbnails and Folders,Pesala,2018-01-31T09:32:34.979Z,22,SETTINGS,13,2701
45771,Adding to Block List by Clicking on Links,Pesala,2020-04-16T10:25:07.485Z,22,TABS,1,136
42825,📁 Folder for Web Panel 📁,stardepp,2019-12-18T15:32:35.489Z,22,PANELS,7,869
39362,Autosave Session should utilize 3 copies of Last Session,dude99,2019-08-11T16:49:23.766Z,22,IN PROGRESS,4,673
24194,Match Accents for Find in Page,Pesala,2018-01-31T09:54:10.548Z,22,FIND IN PAGE,7,1220
60075,DNS over HTTPS in Vivaldi Settings,tverye,2021-04-25T21:49:55.589Z,21,SETTINGS,4,2106
52040,Sync the Menu Customization,lukasadrian,2020-10-22T06:00:17.478Z,21,SETTINGS,9,603
41696,Sync Keyboard shortcut or Gesture,myehia,2019-10-28T19:24:30.402Z,21,SHORTCUTS,11,1017
86327,Unlock bookmarks per workspace / multiple bookmarks tabs,RadekPilich,2023-04-29T10:26:46.729Z,21,BOOKMARKS:WORKSPACES:TABS,5,789
25009,Option for Find in Page Toolbar at the Bottom,dude99,2018-02-13T09:45:24.855Z,21,FIND IN PAGE:POSITION:CUSTOMIZE,16,1911
47446,Move a tab (or group of tabs) from one profile to another,rhk,2020-05-29T12:08:42.531Z,21,TABS,5,274
24600,Command for Copy Page Address,Urza,2018-02-03T01:52:32.783Z,21,SHORTCUTS:MOUSE GESTURES,19,2780
25696,Shortcuts for Next / Previous Tab in Stack,Zunhs,2018-03-06T12:01:23.525Z,21,TAB STACKS:SHORTCUTS,6,1239
30787,Custom Page Tiling Layouts,jwoodard80,2018-10-02T19:04:01.987Z,21,TABS:TILING:TILED TABS,22,5463
29218,Customize a dark color for the new tab "blank page"...,TsunamiZ,2018-08-06T17:58:54.401Z,21,START PAGE,26,5334
50721,Use clock as a Timer to execute certain tasks/commands at certain times,Catweazle,2020-09-14T10:43:05.359Z,21,,6,272
85176,Remove the default window entry in workspaces list,Gregor,2023-03-28T17:09:47.093Z,21,WORKSPACES:USER INTERFACE,15,1049
24294,Option to use External Editor as Source Viewer,TRMarcus,2018-01-31T17:47:45.790Z,21,WEB PAGES:USER INTERFACE:DEVELOPER TOOLS,8,2566
33152,Caret Browsing,LonM,2018-12-17T15:11:56.499Z,21,ACCESSIBILITY:KEYBOARD:NAVIGATION,6,1658
24305,Option to Show Startup Dialog,david.cortes,2018-01-31T18:56:13.308Z,21,VIVALDI:STARTUP,5,1393
30535,Option to close pinned tabs when closing a window,pafflick,2018-09-28T06:29:26.893Z,21,PINNED TABS:TABS,15,1466
24164,Allow Any Theme to be Used in Reader View,LonM,2018-01-31T09:39:22.941Z,21,READER VIEW:THEMES,4,1280
25489,Separate Position Settings for New Tab and Open in New Tab,DannyRomano,2018-02-27T16:57:01.529Z,21,TABS:SETTINGS:POSITION,27,2793
27494,Option to Clear Download History on Exit,DRGreen7,2018-05-18T22:01:28.579Z,21,SETTINGS:PRIVACY,13,4472
32993,Tab Stack Cycling,baconshirt,2018-12-13T09:35:27.553Z,21,TABS:TAB STACKS:TAB CYCLING,9,1369
29274,Autoupdate Open Sessions,mrmeireles,2018-08-10T07:41:38.239Z,21,SESSIONS,18,2506
24537,Advanced syncing rules / categories,ROTFL,2018-02-02T11:15:33.536Z,21,,3,866
24976,Search results in webpanel / side panel,ROTFL,2018-02-12T07:51:33.940Z,21,PANELS:SEARCH,9,2021
96028,Toolbar button for dark mode ON/OFF,tyrantilles,2024-03-13T11:38:35.059Z,20,TOOLBARS:SETTINGS,13,1083
59560,Allow custom folder icons for bookmarks,Buglocker,2021-04-13T14:05:12.669Z,20,BOOKMARKS,21,3416
32265,Open New Tab Within Tab Stack,Killy.MXI,2018-11-15T23:29:32.188Z,20,TABS:TAB STACKS:NEW TAB,13,2004
25564,Allow Third-party Cookies for Specific Websites,macsmister,2018-03-01T14:15:26.504Z,20,COOKIES:PRIVACY AND SECURITY,25,6824
24480,Option to disable auto-start launch after installation of updates,ROTFL,2018-02-01T23:04:03.374Z,20,UPDATES,19,1452
8782,FreeBSD Version,daio,2016-05-20T10:47:29.000Z,20,,32,3998
37494,Hotkey for Profile selection,shrazz,2019-05-18T19:34:26.476Z,20,PROFILES:SHORTCUTS,19,1594
27024,Option to Not Shrink Pinned Tabs,alexander.gorbovets,2018-04-28T07:39:23.033Z,20,PINNED TABS,7,2079
31657,Save Page Actions for Specific Page  Domain  or Tab,Gelmo,2018-10-26T01:56:27.551Z,20,PAGE ACTIONS,6,1262
54808,A new style for Speed Dial,capedghost,2020-12-23T11:06:39.231Z,20,BOOKMARKS,8,469
37386,Option: Force Reload Web Panel when (re-)opening,Runamaus,2019-05-15T08:00:44.492Z,20,PANELS:WEB PANELS:RELOAD,9,882
30247,Find and highlight multiple words in multiple colors...,TsunamiZ,2018-09-22T20:56:09.149Z,20,,16,1852
28833,Export Bookmarks from Bookmarks Manager,latisullivan,2018-07-21T00:47:08.135Z,20,BOOKMARKS,11,1459
31953,Firefox-style Zoom Buttons on the Address Bar,Stardust,2018-11-04T21:00:29.993Z,20,WILL NOT DO:ADDRESS BAR,12,2188
27022,Network Error Pages should Match Current Theme,LonM,2018-04-28T07:23:53.459Z,20,THEMES,5,932
29901,Select Table Columns,zhenggu,2018-09-09T07:22:03.394Z,20,SELECTION,8,1043
24202,Sort Commands for Mouse Gestures Alphabetically,Pesala,2018-01-31T10:01:14.586Z,20,SETTINGS:GUI,3,618
24310,Option to Temporarily Disable Javascript,david.cortes,2018-01-31T19:27:27.859Z,20,SITE SETTINGS:JAVASCRIPT,9,2061
46330,Profile sort Alphabetically,BillH,2020-04-27T14:01:37.697Z,19,PROFILES,10,407
35393,Ubuntu snap package,Christian.Rauch,2019-03-11T12:13:14.047Z,19,UBUNTU,10,3044
24574,Option to Keep Tab Stacks with Only One Tab,ThinkingDes,2018-02-02T16:55:04.174Z,19,TAB STACKS:TABS,4,1063
24242,Button or Shortcut to Pause Video Player,jkierzkowski,2018-01-31T11:12:10.330Z,19,VIDEO:AUDIO:PLAYER:MEDIA,11,1911
29084,Assign Shortcuts to Speed Dials,Darth904,2018-07-30T23:10:36.256Z,19,SPEED DIAL:SHORTCUTS:BOOKMARKS,15,2148
27964,Hide Address Bar in Popup Windows,cxw,2018-06-12T22:08:32.041Z,19,POPUP:ADDRESS BAR,20,3818
24315,Option to generally copy to clipboard without format,ghpy,2018-01-31T19:45:54.739Z,19,KEYBOARD SHORTCUTS:WEB PAGES,19,3174
27060,Maintain Extension Button Order,LonM,2018-04-29T18:46:45.845Z,19,EXTENSION,6,939
25561,Limit the Width of Bookmark Menu Folders,Pesala,2018-03-01T13:20:37.984Z,19,BOOKMARKS:BOOKMARK FOLDER:MENUS:GUI:CUSTOMIZE,8,2334
42604,Clear all cookies via Delete Browsing Data need option to exclude Whitelisted Cookies,dude99,2019-12-08T18:29:40.237Z,19,,20,931
36820,More "internal" search engines,ROTFL,2019-04-25T09:20:19.232Z,19,SEARCH ENGINES,8,1058
24494,Group / sort synced history by device,ROTFL,2018-02-02T00:09:20.720Z,19,SYNC:HISTORY:SORT,3,900
25209,Address Bar and Tab Bar on a Single Line,fofo,2018-02-18T18:22:46.587Z,19,ADDRESS BAR:TAB BAR,6,1469
24185,Focus Panel on Notification,LonM,2018-01-31T09:46:26.136Z,19,NOTIFICATIONS:PANELS,3,1027
77256,Always Strip URLs of Tracking Parameters,kyu3a,2022-07-02T15:35:53.508Z,18,ADDRESS BAR,7,501
100573,Sync Workspaces with tabs between computers,bjarteao,2024-08-29T10:14:50.333Z,18,SYNC:WORKSPACES,11,375
55903,Wider pinned tabs,rado.liba,2021-01-25T22:53:20.177Z,18,WILL NOT DO:TABS,19,1259
25510,Show Vivaldi's menu in application menu bar (Plasma 5  GNOME etc.),[[global:former-user]],2018-02-28T09:40:59.325Z,18,MENUS,7,2810
37293,Local storage of sync data,Summerbreeze,2019-05-12T07:02:42.490Z,18,SYNC:SETTINGS,10,848
75882,Turn the tab bar into a full fledged toolbar,AltCode,2022-06-01T18:14:17.412Z,18,TABS:TOOLBARS,4,582
71908,Tabs should shrink until some (critical) point and then become scrollable.,Stardust,2022-02-12T00:57:02.836Z,18,SCROLLABLE TABS:TAB BAR:TABS,10,927
39517,Option for font rendering similar to Firefox and original Edge on Windows,relu84,2019-08-20T08:48:55.309Z,18,WILL NOT DO:WEB PAGES,21,1446
57578,Support the Gemini protocol (kinda like gopher but new),WildEnte,2021-02-27T11:13:32.716Z,18,,59,3941
24665,Resource Sniffer,WislaHD,2018-02-04T04:56:56.172Z,18,DEVELOPER TOOLS:MEDIA:DOWNLOADS,12,4613
71104,Ability to choose which language/s to translate into,g_bartsch,2022-01-21T01:43:36.031Z,18,SETTINGS,1,147
48189,Colored Scrollbar,laccccc,2020-06-17T11:10:47.016Z,18,THEMES,9,622
24159,Full Context Menu in Panels,LonM,2018-01-31T09:37:05.467Z,18,CONTEXT MENU:PANELS,3,718
25742,Option to restore closed tabs in private windows,ROTFL,2018-03-08T07:59:30.298Z,18,PRIVATE WINDOW:CLOSED TABS,12,2551
25581,Extended Tab Management,robert.rehammar,2018-03-02T09:19:50.187Z,18,TABS,4,1038
40496,Don't select space after the word when double-clicking,debiedowner,2019-09-17T08:34:54.361Z,17,NICE TO HAVE,19,3789
78622,Improve adblock syntax (+security) and show invalid/unsupported filters,sdtbluethink,2022-08-20T16:35:56.948Z,17,SETTINGS,9,652
95013,Drag Tabs between (and out of) Private Windows,AltCode,2024-02-09T12:25:15.251Z,17,TABS:WINDOW,19,2147
25862,Option to Automatically Stack Tabs by Host,Shadess,2018-03-13T20:13:35.262Z,17,TAB STACKS:TABS,7,1344
79433,Allow Resizing and Repositioning of the Quick Commands Dialog,Pesala,2022-09-18T08:00:05.782Z,17,,9,470
86870,Start workspaces always with user-defined sessions/pinned tabs,DoctorG,2023-05-13T11:22:35.227Z,17,,7,530
47229,Add note editor improvements to the notes panel,AltCode,2020-05-21T09:08:55.914Z,17,NOTES:PANELS,10,583
45993,transparency in PIP,matiasmovie,2020-04-22T17:01:22.766Z,17,POP-OUT VIDEO,2,412
58911,Setting to Open link  image or video in another app,Stardust,2021-03-28T15:10:42.669Z,17,SETTINGS,8,1050
25186,Option to set a Theme per Site or Domain,CheVe11e_191,2018-02-18T09:36:46.349Z,17,THEMES,5,1048
46141,Dark mode for websites (tint),vitek620,2020-04-24T08:33:58.739Z,17,DARK,28,1998
33987,Built-in High Level Monitoring Tool (Differential Monitoring),Seasonly,2019-01-21T14:17:03.428Z,17,,10,1088
24188,Find Next/Previous Without Showing Toolbar,Pesala,2018-01-31T09:49:37.593Z,17,,13,1455
24351,Vertical Bookmark Bar on Right or Left,Albinoni,2018-01-31T23:17:37.253Z,17,BOOKMARKS BAR:GUI,25,2550
36175,Different icons for different modes,terere,2019-04-03T12:24:40.010Z,17,PROFILES:PRIVATE WINDOW,4,828
36669,Profile: Set Default Startup Profile,SheldonS,2019-04-18T17:14:12.462Z,17,STARTUP:PROFILES,3,680
24465,Option to Warn on Redirects and Page Reloads,Stardust,2018-02-01T21:13:53.371Z,17,PRIVACY AND SECURITY,3,1108
30895,Save Tab Stack as Session,JasonJosephNYC,2018-10-05T12:07:08.353Z,16,TAB STACKS:SESSIONS,21,1548
58711,Close the Entire Tab Stack By Clicking or Ctrl-Clicking on the Close Button,code3,2021-03-24T19:53:42.236Z,16,,13,599
85951,Save / Export Workspaces,DrGrogWork,2023-04-21T15:05:36.358Z,16,WORKSPACES,12,1360
24450,Don't Hibernate Pinned Tabs,CheVe11e_191,2018-02-01T20:18:12.910Z,16,PINNED TABS:HIBERNATION,9,1769
81465,Windows on ARM Vivaldi Desktop Client,philliplanos,2022-12-03T23:35:26.971Z,16,DOWNLOADS,45,4042
66363,option to disable built in translation features,SharpBlade,2021-09-16T09:07:31.120Z,16,TRANSLATE,24,2099
32535,Option to pre-load specific web panel's content on startup,dude99,2018-11-26T04:45:28.139Z,16,WEB PANEL:STARTUP:PANELS,9,855
70236,Search Bookmark folders with all content,PabloChang,2021-12-22T15:32:02.878Z,16,BOOKMARKS,14,604
26017,Option/Shortcuts to Cycle/Scroll/Switch Tabs only Inside Current Stack,q11q11,2018-03-20T08:41:39.451Z,16,TAB STACKS:SHORTCUTS:TAB CYCLING:TABS,13,1520
24189,Keyboard Cheat Sheet Should Default to Collapsed,Pesala,2018-01-31T09:51:00.015Z,16,GUI:SHORTCUTS,5,896
33318,Adjust font size/family for notes independently of UI,bugmenot3,2018-12-21T21:29:23.749Z,16,GUI:FONT SIZE:NOTES:SETTINGS,12,1401
28384,Cookies and Local Storage in Separate Categories,ldexterldesign,2018-07-04T12:12:18.053Z,16,COOKIES:PRIVACY AND SECURITY:SETTINGS,5,1655
33540,Socks5 Proxy Support,UncaughtException,2019-01-02T00:00:51.647Z,16,PROXY,15,7551
78063,Developer Tools Window Should Remember its Layout,Pesala,2022-08-04T18:38:18.530Z,16,,2,167
50033,Double-click the picture-in-picture (PiP) window to play the video in full screen,Poto,2020-08-25T17:44:10.364Z,16,POP-OUT VIDEO,3,633
28965,On Demand mode for Play Image Animation,dude99,2018-07-25T12:50:24.890Z,16,ANIMATIONS,12,2318
26233,Delay Option on Popup Tab Tooltips/Thumbnails,Hadden89,2018-03-27T12:44:58.275Z,16,TABS,4,947
28296,Tab Nesting Supporting Horizontal Tabs,Dayanto,2018-06-30T02:10:26.816Z,16,TABS:TAB STACKS,15,2649
24440,Pop-up Blocker,david.cortes,2018-02-01T18:34:53.208Z,16,BLOCK:POPUP,7,1650
24398,Allow Dragging things to Empty Part of Tab Bar,kurevska_registracia,2018-02-01T10:22:46.230Z,16,TAB BAR:DRAGANDDROP:TABS,7,1174
28001,Finer Increments for Zoom,Pesala,2018-06-14T09:04:05.901Z,16,WEB PAGES:ZOOM:SHORTCUTS,10,2365
24454,Button to Remove All Deleted Downloads,CheVe11e_191,2018-02-01T20:27:46.124Z,16,DOWNLOADS,9,1658
30033,Mark / highlight new features after update,ROTFL,2018-09-13T18:52:54.636Z,16,GUI,6,1154
27561,Allow Selecting Text in Settings,LonM,2018-05-21T22:11:09.261Z,16,SETTINGS:SELECTION,4,1176
27872,Separate font setting for Reader View,CheVe11e_191,2018-06-06T15:23:14.344Z,16,READER VIEW:FONTS,1,715
25216,Cache Filter,Pesala,2018-02-19T07:05:35.743Z,16,CACHE,1,1042
24807,Pan Large Images with Left Mouse Button,Pesala,2018-02-07T10:54:36.455Z,16,IMAGE:SCROLLING,8,1722
24229,Windows 8 / Metro Style Speed Dial,Nekomajin,2018-01-31T10:55:49.609Z,16,WINDOWS:SPEED DIAL:THUMBNAILS:BOOKMARKS,2,1349
24652,Cloud Synchronization of Multiple Vivaldi Instances,qwc,2018-02-03T21:15:51.199Z,16,SYNC,6,1370
24658,Allow Drag & Drop Between Tabs,kurevska_registracia,2018-02-03T23:38:56.557Z,16,TABS:DRAGANDDROP,1,829
54852,Dashboard panel (my letter to Santa Claus before it's too late),Ornorm,2020-12-24T16:07:21.309Z,15,PANELS,4,195
82653,Pinboards like Opera's,TalGarik,2023-01-06T07:59:56.038Z,15,WEB PAGES,19,1829
100134,Ad Blocker Element picker like uBO and Brave's,Cretec,2024-08-09T23:26:25.294Z,15,AD AND TRACKER BLOCKER,9,388
29845,Web Page Link Previews,AltCode,2018-09-06T21:52:45.073Z,15,WEB PAGES,43,3874
27058,Skip Hibernated Tabs when Cycling until Click Activation,LonM,2018-04-29T17:28:08.126Z,15,HIBERNATION:TAB CYCLING,12,1226
28138,Multiple Columns for Bookmark Bar Folder Dropdown Menu,vabalokis,2018-06-20T22:00:33.134Z,15,BOOKMARKS BAR:BOOKMARK FOLDER,6,1656
86223,Different start page for workspaces?,algy,2023-04-27T09:23:58.620Z,15,WORKSPACES,5,381
61081,Make Bookmark Dialog Resizable,maciejchwala,2021-05-14T13:08:10.936Z,15,BOOKMARKS:POPUP,15,903
26706,Setting for Spacing Above Tabs in Maximized and Non-maximized Windows,Pesala,2018-04-15T10:02:04.581Z,15,TABS,10,2556
24175,Open frame context menu option,LonM,2018-01-31T09:42:30.796Z,15,CONTEXT MENU,7,1082
30445,Shortcuts for Mute/Unmute Tabs Should be Toggles,LonM,2018-09-27T09:08:48.590Z,15,MUTE:SHORTCUTS,5,696
44902,Save Session Dialog Should Remember its Checkbox State,Pesala,2020-03-14T07:44:08.505Z,15,,5,299
49340,Show Wayback Machine prompt on 404 pages,rseiler,2020-07-31T06:03:49.041Z,15,,5,343
48329,Bookmarks should store the date/time of the last visit,rkzn,2020-06-20T11:43:56.060Z,15,BOOKMARKS,5,223
26418,Extension Popup Menu,mettarefuge,2018-04-03T07:02:43.878Z,15,EXTENSION,4,1192
28241,Open Bookmarks Bar Folders on Mouse Hover,BratetsVolk,2018-06-27T19:00:30.318Z,15,BOOKMARKS BAR,16,3841
66452,Tab Stack Thumbnail Option for Vertical or Grid Layout,Pesala,2021-09-17T18:43:39.154Z,15,SETTINGS,10,509
63653,View original text on a translated page,pauloaguia,2021-07-07T06:05:11.478Z,15,TRANSLATE,9,474
32047,Desktop / Mobile View,buss,2018-11-08T08:51:52.213Z,15,SETTINGS,5,1698
30258,BUG: Tab status indicators are hard to see for dark themes...,TsunamiZ,2018-09-23T11:40:53.491Z,15,THEMES,17,2038
24287,Get File Date/Time of Downloads from Server,d_A_y_x,2018-01-31T16:30:21.582Z,15,DOWNLOADS,4,784
29835,A Shortcut to Force Links to Open in the Current Tab,kivagant,2018-09-06T15:27:55.610Z,15,SHORTCUTS:LINKS:TABS,12,1066
24183,Import / Export vivaldi://flags,LonM,2018-01-31T09:45:37.102Z,15,IMPORT:EXPORT:SETTINGS,3,804
24217,Mute and Remember,RammsteinAM,2018-01-31T10:40:55.999Z,15,SITE SETTINGS:MUTE,6,1252
25942,Set Size for Tab Previews in Tab Stacks,raystanz,2018-03-16T12:24:47.633Z,15,TAB STACKS:THUMBNAILS:TABS,17,1712
26034,Find in Page Search Engine,Martin.Storch,2018-03-20T16:18:06.245Z,15,FIND IN PAGE:SEARCH ENGINES,4,1237
30356,Unanchor panel / Free floating panel / Pop-up panel,Seasonly,2018-09-26T10:08:31.694Z,15,PANELS:FLOATING:WINDOW,4,1436
25643,Option to Increase Height of Tab-stacking Indicator,Hadden89,2018-03-04T15:39:37.244Z,15,TAB STACKS:GUI:CUSTOMIZE:TABS,8,1550
43170,Backspace shortcut should be disabled by default,joeschmo,2019-12-31T17:37:15.744Z,14,SETTINGS,40,2593
43626,I want to remove a synced device from my list of devices,ungern,2020-01-22T21:06:03.660Z,14,SYNC,15,2814
28995,Remembering Previous Download Folders,Mike_B,2018-07-26T11:56:11.984Z,14,DOWNLOADS,13,1199
57176,Option to Auto expand/shrink 2 level columns vertical tabbar,dude99,2021-02-18T04:40:42.997Z,14,TABS,2,226
85997,Renaming the default workspace,Kevinar,2023-04-22T08:32:34.071Z,14,WORKSPACES,7,540
63387,search in sidebar,mizouniihichem,2021-06-30T14:29:19.602Z,14,,6,327
54615,Add "My flow" to Vivaldi,Meenkarvish,2020-12-18T05:05:28.275Z,14,,12,1085
24861,Sort themes in settings,Hadden89,2018-02-08T22:13:51.306Z,14,SETTINGS:THEMES:SORT,8,1055
79458,Add a built-in user blocklist,AltCode,2022-09-19T14:11:21.694Z,14,AD AND TRACKER BLOCKER,6,387
24380,Performance Enhancements for Creating New Tabs,neltherion,2018-02-01T08:12:06.752Z,14,TABS:USER INTERFACE,12,994
52396,Add a download status bar at bottom,souravchak008,2020-10-31T07:14:31.193Z,14,,8,862
59035,Improvements for Pomodoro Timer,mezenin,2021-03-31T16:14:51.174Z,14,,6,301
29595,Close Tabs to Left/Right of Tab Stack,vulture,2018-08-25T11:25:38.771Z,14,TAB STACKS:CLOSE TABS:CONTEXT MENU:TABS,7,664
30740,Focus address bar when creating a new tab and address bar hidden,Omen_20,2018-10-01T23:29:13.503Z,14,ADDRESS BAR:FOCUS,6,787
39807,Vivaldi://flags "Default" option is unclear & confusing,dude99,2019-08-31T16:42:36.911Z,14,,15,451
25004,Find in Page with smooth scrolling to next result,dude99,2018-02-13T04:51:08.445Z,14,FIND IN PAGE:SMOOTHSCROLLING:IN PROGRESS,7,1433
24346,Chat Client Like Opera Presto,burbuja,2018-01-31T22:38:50.338Z,14,PIPELINE,2,735
24263,Customize the Opening of the "Search With..." Menu,solidsnake,2018-01-31T13:12:27.966Z,14,SEARCH ENGINES:CUSTOMIZE:MENUS,9,1522
45006,Add Extra Cookie Deleting Functionality,sirfredrick,2020-03-18T01:05:35.607Z,14,SETTINGS,4,188
24559,Allowing Function and Dropdown Button on the Panel Toolbar,Seasonly,2018-02-02T13:53:14.078Z,14,TOOLBAR:MENU:PANELS,6,1607
30070,Allow cookies storage per site within Vivaldi's interface,Peter,2018-09-15T08:49:52.611Z,14,COOKIES:SETTINGS,3,966
24312,Enable Reader View Before Loading the Page,ghpy,2018-01-31T19:36:22.265Z,14,READER VIEW,9,1307
31648,Pause/Play media controls in the tab,zeiglerxz,2018-10-25T19:48:35.342Z,14,VIDEO:AUDIO:MEDIA:TABS,2,1246
24112,Complete Mouse Gesture Configuration,zakius,2018-01-31T08:30:13.685Z,14,CUSTOMIZE:MOUSE GESTURES,6,1357
25949,Placeholders as Commands on Custom Search Engines,aderitobonito,2018-03-16T16:22:22.555Z,14,,5,1227
24322,Option to switch off certain javascript options,ghpy,2018-01-31T20:00:58.418Z,14,SITE SETTINGS:JAVASCRIPT,4,1046
24521,Device (instance) listing & management for Sync with configuration options per instance,ROTFL,2018-02-02T09:36:38.389Z,14,SYNC:SECURITY:SPEED DIAL,1,714
90876,Automatically close tabs after a period of Time,9bglHdESLspCHsnz2,2023-09-24T15:31:23.883Z,13,TABS,14,738
54091,Scan QR Code for Desktop,kuan51,2020-12-09T02:19:57.038Z,13,ADDRESS BAR,11,707
61350,Bookmarks tree-level view improvements,Stardust,2021-05-20T22:24:50.174Z,13,BOOKMARKS,6,438
80186,Force Light Mode for Web Content,BunxBun,2022-10-14T05:02:39.796Z,13,WEB PAGES:THEMES:SETTINGS,27,5584
28219,Option for Find in Page Toolbar to Remain Open,SVGuss,2018-06-26T16:39:18.792Z,13,FIND IN PAGE:TOOLBAR,9,1128
27343,Sidebar / Side Panel Extension API,Nekomajin,2018-05-11T19:39:48.270Z,13,PANELS:EXTENSIONS:PIPELINE,15,3343
42426,Drag and Drop New Bookmarks into Bookmarks Bar Folders,BaronAsh,2019-11-28T17:59:58.566Z,13,BOOKMARKS,14,828
67847,Ability to 1) enter TEXT in command chains (e.g. to save automatically) and 2) link the chain to a calendar  to trigger event at specific times.,tegehel,2021-10-22T13:53:55.934Z,13,SETTINGS,7,605
30588,Independent Tab Bar Position per Window,GeeZuZz,2018-09-28T20:21:22.392Z,13,TAB BAR:WINDOW:TABS,4,778
37498,Thumbnail view for bookmarks.,System32,2019-05-18T23:16:30.575Z,13,BOOKMARKS:THUMBNAILS,7,1158
59765,Add custom theme transparent UI,WildEnte,2021-04-18T14:11:49.019Z,13,THEMES,4,628
32848,Option to Always Reuse Active Tab,Pesala,2018-12-08T19:18:50.267Z,13,SETTINGS:TABS,8,1387
24543,Keyboard Settings Should Default to Collapsed,Pesala,2018-02-02T11:47:51.752Z,13,SETTINGS:SHORTCUTS:GUI,14,1089
37857,Show favicon in Windows taskbar,DavidBevi,2019-06-03T10:43:09.624Z,13,WINDOWS:TASKBAR:FAVICONS:SETTINGS,4,660
25205,Add Reload all Button,CheVe11e_191,2018-02-18T17:01:02.966Z,13,BUTTON:REFRESH PAGE,8,1376
31801,Clear browsing data button on the Address bar,Stardust,2018-10-30T00:16:26.041Z,13,ADDRESS BAR,5,905
52682,Theme the Vivaldi About Page,luetage,2020-11-06T21:28:17.391Z,13,THEMES,15,910
27203,Offline Mode,ozoratsubasa,2018-05-05T10:27:22.349Z,13,WEB PAGES:PRIVACY AND SECURITY,7,1990
31034,Allow Multiple Text Selections,Pesala,2018-10-09T08:09:28.931Z,13,TEXT EDIT:SELECTION,6,888
43691,Do not drop FTP support,jumpsq,2020-01-24T21:52:41.316Z,13,,20,1591
44921,Start Clock Countdown/Alarms with Quick Commands,MasterLeo29,2020-03-14T20:25:53.732Z,13,,3,438
64707,Tags for notes,Stardust,2021-08-02T00:51:37.048Z,13,,4,389
61758,Allow Editing of Bookmark Folder Context Menu,Pesala,2021-06-01T13:20:35.677Z,13,SETTINGS,6,398
39812,Grammar Checker Proof-reader,Pesala,2019-08-31T20:13:54.290Z,13,,17,1144
24258,Sessions as Desktop Shortcuts,PSGarak,2018-01-31T12:44:59.306Z,13,SESSIONS:DESKTOP:SHORTCUTS,3,1084
27439,Suggestion for Efficiently Updating Tab Thumbnails,Ouroboros4545,2018-05-16T02:57:50.911Z,13,TABS:THUMBNAILS:UPDATE,7,1288
40904,Keep the Overlay Scrollbar missing in Chrome 78,jaibamon,2019-09-26T17:13:02.582Z,13,,17,2415
33771,Load Images Settings and Preferences,fofo,2019-01-11T19:17:44.967Z,13,SETTINGS:IMAGE,6,1795
38035,Add a choice when making Vivaldi thumbnails,SakuraAyumi,2019-06-10T16:34:21.589Z,13,THUMBNAILS:SPEED DIAL:BOOKMARKS,13,1616
25726,Vivaldi SVG Icons,black.lotus,2018-03-07T19:15:01.685Z,13,PIPELINE:USER INTERFACE,6,2890
27918,Export Saved sessions as HTML,Sparrows,2018-06-10T04:53:22.914Z,13,SESSIONS,8,1805
29344,Path to the Current Background Image,burbuja,2018-08-12T20:34:30.883Z,13,BACKGROUND:IMAGE:SETTINGS,2,864
24214,Highlight Search Results in the Selected Note,RammsteinAM,2018-01-31T10:37:47.183Z,13,SEARCH:NOTES:HIGHLIGHT,2,866
25765,Require Opt-In for Service-Worker Registrations,stephenm,2018-03-09T14:38:49.679Z,13,PRIVACY,5,1470
85180,Ability to mute workspaces,Gregor,2023-03-28T17:15:33.211Z,12,WORKSPACES:USER INTERFACE:TABS:MEDIA:PIPELINE,8,454
44933,A "list all tabs" drop down menu button on the tab bar  like in Firefox...,TsunamiZ,2020-03-15T10:44:26.787Z,12,,19,1807
85153,Adding support for Jpeg XL (JXL) images,TheBigBadBoy,2023-03-27T15:46:54.148Z,12,MEDIA,12,1799
85791,Treat the default workspace like any other,francesco2015,2023-04-18T21:56:18.249Z,12,WORKSPACES:USER INTERFACE,10,902
86504,Treat Panels as Tabs,legobuilder26,2023-05-04T04:00:41.970Z,12,USER INTERFACE:TABS:PANELS,9,576
85742,Turn off "Best Result" autocomplete  either per-site or globally,5eagull,2023-04-18T12:21:59.196Z,12,ADDRESS BAR,28,2706
56298,Support Global Privacy Control,Geniusak,2021-02-01T19:13:38.307Z,12,,18,847
33788,Option to Automatically Change Tab Bar Position,jhe,2019-01-13T00:56:41.374Z,12,TAB BAR:POSITION:VERTICAL:SETTINGS,4,745
33102,Shortcut to Boost Volume,Pesala,2018-12-15T21:52:04.099Z,12,VOLUME,7,2605
43850,Tab stack drop down list,Vincent500,2020-01-30T20:55:42.387Z,12,TABS,3,238
25446,Enable Custom Key Navigation for Quick Command Menu,nealot,2018-02-25T20:08:52.937Z,12,QUICK COMMANDS:SHORTCUTS:NAVIGATION,10,2219
66151,Keep log of recently changes made to Settings dialog,dude99,2021-09-11T08:56:51.104Z,12,,2,320
29632,Open a New Private Window or Tab with Tor,yuzukun,2018-08-27T10:02:12.005Z,12,SETTINGS,28,2548
37624,Rename Web Panels,AltCode,2019-05-23T19:08:58.945Z,12,PANELS:TITLE,5,652
24307,Automatic form filler with pre-set information,david.cortes,2018-01-31T19:06:58.697Z,12,FORM FILLING,5,942
56227,Create tab stack out of one tab,6HRFcBhv,2021-01-31T16:43:42.538Z,12,TAB STACKS:TABS,3,278
29799,Checkerboard behind transparent image in url?,i00,2018-09-05T05:38:20.836Z,12,MEDIA:WEB PAGES,6,1333
47242,New Category for Menu,Pesala,2020-05-21T17:06:12.212Z,12,SETTINGS:MENUS,4,310
24664,Save and Quit Warning When Closing Vivaldi,matiasmovie,2018-02-04T01:48:01.665Z,12,WARNING:CLOSE TABS,11,2566
24336,Optional Confirmation Dialog when Closing All Tabs but Active,david.cortes,2018-01-31T21:23:51.569Z,12,TABS:CLOSE TABS:GUI:WARNING,3,888
29698,Enlarge Images on Hover,Ornorm,2018-08-30T18:42:07.338Z,12,IMAGE:HOVER:ZOOM,12,2331
30027,Better Vivaldi Mascot Design,metafaniel,2018-09-13T15:05:17.138Z,12,DESIGN,37,4380
24532,Bookmark Same Page in Multiple Folders,dominicw2,2018-02-02T11:00:06.673Z,12,BOOKMARKS,5,643
26319,Website Notifications Off by Default,terere,2018-03-30T10:02:50.293Z,12,NOTIFICATIONS,18,3842
27593,Plus/Minus Buttons on the Zoom Slider,margarita,2018-05-23T10:22:45.565Z,12,ZOOM:GUI:BUTTONS,8,2049
25282,Open Link in Split Screen,awlincoln,2018-02-20T18:21:17.529Z,12,TILING:LINKS:SHORTCUTS,1,815
24373,Smooth Scrolling like Microsoft Edge,neltherion,2018-02-01T07:48:25.646Z,12,SMOOTHSCROLLING,5,2933
92771,Option to hide the Vivaldia banner,kasnerz,2023-11-24T11:40:40.031Z,11,SETTINGS:USER INTERFACE,9,426
101243,Remove "minimum size of tab thumnail"  when tab bar is on the side [revert recent change],GeeZuZz,2024-09-19T08:05:52.336Z,11,TAB BAR:TABS:USER INTERFACE:SETTINGS,3,140
47910,Notes: allow to link one note from another note,VosaXalo,2020-06-11T13:36:02.339Z,11,,2,147
88988,Auto-hibernate workspace on leaving,MikeTFB,2023-07-19T22:26:53.417Z,11,WORKSPACES,23,1007
24716,Setting to Mute Tabs by Default,TyrianMollusk,2018-02-05T12:58:43.973Z,11,TABS:MUTE:IN PROGRESS,11,2407
63632,Pinned tabs in the vertical tab bar should always be displayed on top of the tab list!,PeterPanino,2021-07-06T15:36:13.745Z,11,TABS,16,668
38573,Move extension buttons around interface,snadge,2019-07-01T20:39:10.696Z,11,USER INTERFACE:TOOLBARS:EXTENSIONS,10,1121
50719,Support Arabic language,EAA,2020-09-14T10:14:28.374Z,11,IN PROGRESS:TRANSLATION,23,1939
39510,Make sections in address bar drop-down orderable (and their length customizable),felagund,2019-08-19T20:45:08.266Z,11,ADDRESS BAR,2,307
69219,Edge-like pinning/unpinning vertical tab bar,joon.ro,2021-12-02T18:57:08.006Z,11,TABS,9,573
65141,Move Vivaldi menu button to right,Thescorb0,2021-08-11T08:40:10.340Z,11,,34,2401
75883,Open panel buttons as popups when placed outside the panel bar,AltCode,2022-06-01T19:08:06.222Z,11,PANELS:TOOLBARS,11,753
33108,Make Stacking Tabs Quicker,LiorL,2018-12-16T00:31:49.408Z,11,TABS:TAB STACKS,17,1548
26850,Separate Session Context per Private Window,becm,2018-04-21T21:20:14.398Z,11,SESSIONS:PRIVACY:PRIVATE WINDOW:WILL NOT DO,14,2095
68581,Redirect localhost to http://localhost  not search "localhost" in search engine,PaperFolding,2021-11-14T15:07:58.314Z,11,ADDRESS BAR,22,2358
53157,Run/Open external program from Vivaldi,solidsnake,2020-11-19T18:36:00.694Z,11,,2,335
62903,Contextual Notes / "Sticky" Notes,AkramShaban,2021-06-19T23:24:13.821Z,11,TABS,2,191
32133,Single Close Tab button on the right of the tab bar,sventhebarbarian,2018-11-11T14:11:53.155Z,11,TABS:USER INTERFACE:WILL NOT DO,12,1063
64516,Notify of updates but don't automatically install them...,TsunamiZ,2021-07-29T02:18:06.006Z,11,,5,320
24463,Option for Zooming with RMB + Scroll-wheel,Stardust,2018-02-01T21:12:27.541Z,11,ZOOM:SCROLL WHEEL,9,1262
39771,Label links (qutebrowser-like),[[global:former-user]],2019-08-30T08:58:49.690Z,11,,17,961
24754,Tab Stacking from Bookmarks Folders,Asires,2018-02-06T10:18:59.112Z,11,TAB STACKS:BOOKMARK FOLDER:TABS,3,858
61963,Please make bookmarks auto-saving optional,Hadden89,2021-06-07T19:13:35.382Z,11,BOOKMARKS,8,398
30382,Copy Hyperlink Text,metafaniel,2018-09-26T16:08:02.105Z,11,LINKS:COPY,13,2230
58078,Open Bookmark Folder in a New Tab Stack with Tile,mrc007,2021-03-13T07:35:58.607Z,11,BOOKMARKS,1,183
26606,Import Bookmark Separators from Firefox and Opera 12,GBB,2018-04-11T04:42:08.919Z,11,BOOKMARKS,4,1183
36221,Allow to place status bar on top,Hadden89,2019-04-04T09:48:44.257Z,11,SETTINGS,12,1267
53113,Restore Last/Previous Session from the Open Session dialog,dude99,2020-11-18T08:56:39.175Z,11,,1,247
30312,Simply store website cache files in their original file format  like Internet Explorer...,TsunamiZ,2018-09-24T23:34:31.628Z,11,,4,1064
25391,Mark as "unsupported" flags Vivaldi can't use,Hadden89,2018-02-23T13:10:57.368Z,11,,8,475
45759,Vivaldi should enable "Create shortcut..." for any URL,datdinhquoc,2020-04-16T03:17:44.372Z,11,,2,170
36031,Overflow Dropdown,luetage,2019-03-30T17:42:27.182Z,11,ADDRESS BAR:TOOLBAR:CUSTOMIZE,7,917
25684,Vertical Tabs - Show Grouped Tabs as in Window Panel,Chevi,2018-03-06T06:20:56.819Z,11,TAB STACKS:VERTICAL:TABS,6,823
31110,Display a Favicon of my own for a Bookmark,drkh,2018-10-11T09:33:05.432Z,11,BOOKMARKS:FAVICONS,5,751
25919,Rotate Images and Videos,rabe85,2018-03-15T16:04:15.453Z,11,IMAGE:VIDEO,4,1684
26995,Add an Assignable Key Binding for Scrolling Line-by-line,brianok,2018-04-27T11:54:24.974Z,11,SHORTCUTS:NAVIGATION,7,1772
33256,Toggle non-hidden extension buttons  like pre-2.2,inchieri,2018-12-20T07:47:45.719Z,11,TOOLBAR:EXTENSION:ADDRESS BAR,10,615
32922,Add "Close all Tabs" to Tab submenu,KlausB,2018-12-11T09:48:21.695Z,11,TABS:CONTEXT MENU:CLOSE TABS,7,629
40673,Themed download progress bar,[[global:former-user]],2019-09-20T19:38:36.621Z,11,THEMES,5,378
34582,Tracking Protection similar to Firefox's implementation,MikeRL100,2019-02-12T13:56:52.991Z,11,PRIVACY:SECURITY:FIREFOX:COOKIES,2,612
34498,Horizontal Scroll with Mousewheel over Horizontal Scrollbar,lamarca,2019-02-09T14:53:23.957Z,11,SCROLLBAR:SCROLL WHEEL,1,399
33944,Web Panel for Vivaldi Settings,pinsal,2019-01-19T14:07:46.380Z,11,PANELS,6,635
32710,Send a Popup or Notification if Sync Fails,Hadden89,2018-12-04T13:10:22.281Z,11,SETTINGS:SYNC:NOTIFICATIONS,1,408
26946,Stretch Window Background Image to the Bookmarks Bar,Ornorm,2018-04-25T23:50:22.839Z,11,BOOKMARKS BAR:THEMES:BACKGROUND,4,1116
31491,Marker/Highlighter for Active Tab on Tab Bar's Scrollbar,dude99,2018-10-21T20:21:24.195Z,11,TAB BAR:SCROLLBAR:TABS,1,619
29715,Floating panel switch on panel's toolbar,Regnas,2018-08-31T20:30:04.305Z,11,FLOATING:PANELS:BUTTON,10,1651
30469,Different Profiles to Sync Bookmarks,Totonyus,2018-09-27T13:42:08.914Z,11,SYNC:BOOKMARKS,3,527
24206,Settings Dialogue Should Remember its Active Tab,Pesala,2018-01-31T10:05:10.562Z,11,SETTINGS,3,647
26320,Private Mode for Bookmarks,terere,2018-03-30T10:03:44.076Z,11,BOOKMARKS:PRIVATE MODE,1,875
25543,Configuration for Web Panels,schreck,2018-03-01T02:58:52.126Z,11,PANELS:FONT SIZE:GUI,3,1147
89153,Automatic PiP mode(video pop-out) for YouTube on tab switching,vyrgozunqk,2023-07-28T11:06:49.566Z,10,MEDIA:POP-OUT VIDEO:SETTINGS:WEB PAGES:PAGE ACTIONS,6,648
34178,Convert Tab to a Private Window,revolt73,2019-01-29T09:25:33.738Z,10,TABS:PRIVATE WINDOW,15,1100
44237,Vertical Tabs - Mouse Hover Toggle Width,ChimeraLove,2020-02-16T16:09:56.293Z,10,TABS,8,515
27481,Per-site Preferred Language,ryofurue,2018-05-18T03:57:52.617Z,10,SETTINGS:LANGUAGE,2,655
81398,Can we have normal Tab Groups like the other Chromium browsers such as Brave & Chrome?,ADMlNlSTRATOR,2022-12-01T22:52:00.808Z,10,TAB STACKS:TAB BAR:TABS:USER INTERFACE,13,1776
86323,Shortcuts and Quick Commands for Move to Workspace X action,RadekPilich,2023-04-29T09:15:50.633Z,10,WORKSPACES:TAB STACKS:TABS:QUICK COMMANDS:KEYBOARD SHORTCUTS,7,266
36029,Better Profile Management,LDMartin1959,2019-03-30T16:59:50.785Z,10,PROFILES,11,750
50270,Ability to sync opened tabs across devices,oldmanyoung,2020-09-03T04:06:44.849Z,10,,12,2921
60303,Searching Folders for New Bookmark in Modal needs to be better,aFantasia,2021-04-29T23:10:35.320Z,10,BOOKMARKS,12,391
28848,Add Firefox's SearchWP Functionality to Vivaldi's Search Field,David.P,2018-07-21T15:15:52.968Z,10,,17,1417
76322,Permanent 'Find on page' search field  available on toolbar.,ChocoMilkFPS,2022-06-09T00:28:48.045Z,10,TOOLBAR EDITOR:FIND IN PAGE,4,331
76948,List view for Speed Dial,Stardust,2022-06-22T15:12:29.730Z,10,THEMES,13,573
41204,Restore unsaved pages when crash happened.,kukuro,2019-10-06T09:08:55.988Z,10,,8,429
86454,Add Tony avatar to Profile avatars,kyu3a,2023-05-02T21:27:58.496Z,10,PROFILES,1,141
24122,Keyboard shortcut to move a tab to the next window,jkierzkowski,2018-01-31T09:18:28.821Z,10,TABS:SHORTCUTS:WINDOW,9,1921
70628,translate default language,Ericlv13,2022-01-06T10:40:48.163Z,10,SETTINGS:TRANSLATE,3,295
46403,Remove the favicon border/shadows,pryley,2020-04-28T21:15:03.677Z,10,TABS,21,2095
44238,1: Disassemble Horizontal Bars (Address Title Status) into Panel + 2: Panel Icons Grouping,ChimeraLove,2020-02-16T17:20:45.797Z,10,PANELS,20,1215
40831,"Typed" history  use our actual typed text...,TsunamiZ,2019-09-24T21:50:23.067Z,10,,4,145
25729,Setting to Ignore Invalid/Missing SSL Certificates,rojaviv,2018-03-07T21:13:55.537Z,10,CERTIFICATES:WILL NOT DO,19,9506
50833,Opera GX-inspired look and feel,hexianpeel,2020-09-17T12:08:45.761Z,10,THEMES,7,1460
21608,Adding 'Delete' to the context menu,Med1aN1ck,2017-10-16T19:34:37.239Z,10,,5,1045
53440,Change scrollbar color in panel,stardepp,2020-11-26T09:08:28.305Z,10,PANELS,4,318
45795,clock with the date display with the Year,stardepp,2020-04-17T08:42:58.343Z,10,STATUS BAR,19,732
66845,Simple compromise alternative for user counting,CuriousD,2021-09-27T17:07:20.021Z,10,IN PROGRESS,1,435
56299,Bookmark Separator with text,matiasmovie,2021-02-01T20:32:24.404Z,10,BOOKMARKS,12,520
26150,Improve Help/Info/Detail on Settings,IlIlIlIIllI,2018-03-24T09:58:58.632Z,10,SETTINGS:HELP,19,2572
52118,Add icons (e.g. Vivaldi logo) to the vivaldi://(extensions  flags  downloads  etc) pages,Drakinite,2020-10-23T19:27:09.149Z,10,SETTINGS,10,470
59416,Allow background image for tab position,Hadden89,2021-04-10T05:16:53.416Z,10,THEMES,1,235
59339,Customizable Interval in Periodic Reload Submenu,deneban,2021-04-07T18:48:07.279Z,10,TABS,8,477
35688,Option to move the side panel to the bottom,asdf2345,2019-03-21T21:26:20.638Z,10,PANELS:DOWNLOADS,7,931
43723,Ability to change addressbar colors,Marko Indaco,2020-01-26T14:45:12.276Z,10,ADDRESS BAR,6,1514
29369,Option to Auto-reload Specific Web Panel when Active,Hadden89,2018-08-14T15:39:59.431Z,10,PANELS:RELOAD,3,841
29756,Crop/Resize Image for Window Background Image,Ornorm,2018-09-03T01:58:00.737Z,10,BACKGROUND:WINDOW:IMAGE:THEMES,4,959
51889,16‐ANSI color themes,luetage,2020-10-18T18:43:25.385Z,10,THEMES,4,299
44996,Clock - Create alarm pop-ups every hour,Folgore101,2020-03-17T19:36:11.356Z,10,,2,129
48867,Scroll tiled tabs simultaneously,ldexterldesign,2020-07-09T22:15:21.126Z,10,TABS,2,227
45597,The "Start Page Navigation" should have more settings and be independent of the Start Page,owasmosy,2020-04-10T06:03:58.663Z,10,SETTINGS,15,827
27003,Back/Forward Mouse Buttons to work in Panels,Lord_Dreadwave,2018-04-27T17:37:02.663Z,10,PANELS:MOUSE BUTTONS,8,1245
44946,Fat address bar with a larger font size for the address field...,TsunamiZ,2020-03-16T02:24:13.489Z,10,,10,1363
24394,Remove the Expand/Collapse Folder Triangles,Pesala,2018-02-01T10:13:56.638Z,10,GUI:BOOKMARKS,10,1775
26635,Different Color Themes for Multiple Windows,fsfactor,2018-04-12T07:42:36.630Z,10,THEMES:WINDOWS,2,1021
24160,Increase Corner Rounding Range for Themes,Pesala,2018-01-31T09:37:29.722Z,10,THEMES,2,741
41039,Scroll over search icon to change search engine,mosesnarrow,2019-10-01T00:38:25.448Z,10,ADDRESS BAR,2,103
31665,Replacing Pure White Backgrounds with Off White,dude99,2018-10-26T06:51:43.442Z,10,,19,2122
24643,Auto Update Speed Dial Thumbnails,CheVe11e_191,2018-02-03T18:05:51.787Z,10,SPEED DIAL:SYNC:BOOKMARKS,4,1606
36019,Enhanced Calculator,Catweazle,2019-03-30T12:04:07.347Z,10,QUICK COMMANDS:ADDRESS BAR,16,1626
36611,Button to close tabs in the F2 menu,Vincent500,2019-04-16T17:41:19.809Z,10,QUICK COMMANDS:TABS,2,373
28940,Open Image Properties as a Panel,Hadden89,2018-07-24T16:51:48.439Z,10,PANELS:IMAGE,12,1437
36136,Make vivaldi://themecolors more accessible,Hadden89,2019-04-02T14:57:53.921Z,10,THEMES,1,289
27980,Page Down Should Scroll by a Full Page,anssi10,2018-06-13T11:40:27.376Z,10,SCROLLING:SHORTCUTS,6,1414
34579,Reveal Shortened URLs on Hovering Mouse Cursor Over Links,julioc1984,2019-02-12T12:06:39.120Z,10,URL:TOOLTIPS,1,551
34406,Ability to See and Search the Tabs in Saved Sessions,aonet,2019-02-07T12:06:31.468Z,10,SESSIONS,2,621
30634,Accent Color from Active Page needs a Gradient Transition Between Tabs,rejzor,2018-09-29T12:06:19.380Z,10,THEMES:TABS,4,1053
31549,Loading Class for Tabs,luetage,2018-10-23T14:43:52.519Z,10,TABS,2,433
27334,Tabs Outliner style Tab Management,Omsir,2018-05-11T10:38:11.654Z,10,TABS,6,2156
25188,Add a Button to Collapse Folders,CheVe11e_191,2018-02-18T09:42:55.197Z,10,BOOKMARKS:NOTES:WINDOW:BUTTON:PANELS,3,881
24611,Save and Apply Changes to Source Code,Pesala,2018-02-03T06:15:56.743Z,10,WEB PAGES:DEVELOPER TOOLS,10,1924
26801,Session Searchbar,ozoratsubasa,2018-04-20T03:21:32.302Z,10,SESSIONS:IN PROGRESS,1,584
26109,Display Actual Bytes Transferred In Progress Bar,opticyclic,2018-03-22T21:38:35.503Z,10,ADDRESS BAR,3,681
25622,Speed Dial Custom Thumbnail via URL,kd8bny,2018-03-03T21:19:06.532Z,10,SPEED DIAL:URL:THUMBNAILS:BOOKMARKS,1,733
25219,Starting background,csablak,2018-02-19T07:55:34.582Z,10,BACKGROUND,21,3658
24179,Bubble context controls,LonM,2018-01-31T09:44:30.131Z,10,VIDEO:PLAYER:MEDIA,3,990
24416,Expand / Collapse Bookmark Folders with Single-click,becm,2018-02-01T12:33:53.851Z,10,BOOKMARK FOLDER,1,649
59848,Feature Request: Allow "Find" to search across all open tabs,joeduffus,2021-04-20T17:47:27.316Z,9,TABS,9,410
59848,Feature Request: Allow "Find" to search across all open tabs,joeduffus,2021-04-20T17:47:27.316Z,9,TABS,9,410
88935,Option to disable auto-collapse tab stacks (Accordion),gergelyvajda,2023-07-18T03:06:34.972Z,9,TAB STACKS:SETTINGS,20,1272
86550,Workspaces with different sessions,IvanRosLiwe,2023-05-05T05:47:02.336Z,9,WORKSPACES:SESSIONS:SETTINGS,23,1774
28823,Add a Built-in DNS Changer,bumkailashkumar,2018-07-20T16:07:40.540Z,9,DNS,6,708
46861,Option in downloads for not renaming file with same name,seldmei,2020-05-10T16:46:43.756Z,9,,9,906
34345,Status Bar: Indicate Visited and Bookmarked Links,auipga,2019-02-05T22:03:40.525Z,9,STATUS BAR,5,744
93411,Moving to Workspace from Windows list,ssliackus,2023-12-15T17:51:42.116Z,9,TAB BAR:WORKSPACES:WINDOW,5,533
70112,Please provide the option to delay the display of pop-up thumbnails  for tabs,moonlune,2021-12-18T14:56:14.280Z,9,TABS,8,390
58999,Reorder Speed Dials by name.,AdeurD,2021-03-30T19:15:01.424Z,9,,21,930
24573,Hibernate New Background Tabs,tcely,2018-02-02T16:48:33.119Z,9,BACKGROUND TAB:HIBERNATION,2,1097
71927,Show Warning for blocked download,rayc,2022-02-12T11:21:06.609Z,9,,12,563
55477,Sync Tracker and Ad blocking sources,sushiPlague,2021-01-14T11:10:58.798Z,9,AD AND TRACKER BLOCKER:SYNC,7,408
65489,Bookmark bar with two rows,alexander.koll,2021-08-21T12:06:11.703Z,9,BOOKMARKS,4,561
32522,Keep Bookmark Folder Expanded after Using Find in Bookmarks Panel,BerndS,2018-11-25T11:57:03.085Z,9,PANELS:BOOKMARKS PANEL:BOOKMARK FOLDER:SEARCH,7,1090
66997,Extend "Add Bookmarks",Taiseibust,2021-10-01T18:02:29.720Z,9,BOOKMARKS,12,678
25112,Larger Maximum Image Size for Capture Page,johnny85,2018-02-15T15:48:32.976Z,9,SCREENSHOT,10,2559
32175,Per-panel Option to Open Links in a New Tab,dalinar,2018-11-13T05:48:13.552Z,9,PANELS:LINKS:NEW TAB,7,1152
90353,Focus Mode,jumpsq,2023-09-07T09:01:17.138Z,9,PANELS:SETTINGS,8,648
27951,Web Form Recovery Manager,bebotette,2018-06-12T04:24:41.390Z,9,FORM FILLING,6,1138
28265,Keyboard+Mouse Shortcuts,Omen_20,2018-06-28T20:53:10.209Z,9,KEYBOARD SHORTCUTS:MOUSE GESTURES,4,946
39454,In Quick Commands panel  sort Tabs section from MRU to LRU,arnaudm,2019-08-16T03:35:52.289Z,9,QUICK COMMANDS:TABS,3,351
31575,Disable Cache and/or Set Cache Size,jhale,2018-10-24T13:54:30.488Z,9,SETTINGS:CACHE,5,2110
88305,Build-in userscript manager,notmalware,2023-06-24T13:03:02.609Z,9,WEB PAGES:SETTINGS:DEVELOPER TOOLS,8,584
44643,Disable extensions on specific websites,Vivipop,2020-03-04T16:06:34.496Z,9,WEB PAGES:SETTINGS:EXTENSIONS,29,1584
63643,Button to open a new private window,JSeb,2021-07-06T18:52:34.332Z,9,,11,969
85623,Nested Workspaces,g_bartsch,2023-04-14T19:46:01.119Z,9,WORKSPACES,12,382
85034,Please  do Vivaldi full portable with pass-logins save,kuzduk,2023-03-23T11:35:50.392Z,9,,4,348
27757,Ephemeral Tabs - Close Tabs not Used in a While,rojaviv,2018-05-30T19:31:34.240Z,9,CLOSE TABS:TABS,12,1698
39793,A list of command-line switches,Montiverdi,2019-08-31T08:50:21.951Z,9,,4,7275
38501,Empty cache and hard reload for Web developers,pspuri91ttn,2019-06-27T14:12:53.430Z,9,DEVELOPER TOOLS:CACHE,9,1909
29182,Option to Place Bookmarks Bar on the Side,AshRek,2018-08-04T11:09:50.318Z,9,BOOKMARKS:BOOKMARK BAR,12,2140
56311,Use a custom .ICO file as a custom icon for Vivaldi in the taskbar and menu button...,TsunamiZ,2021-02-02T02:08:38.220Z,9,WILL NOT DO,6,539
60149,Hovering bookmark over bookmark folder should open it up,ap0st0l,2021-04-27T12:45:01.275Z,9,BOOKMARKS BAR:BOOKMARKS,16,1080
32955,Better Auto Scroll Speed,Gregor,2018-12-11T21:54:37.540Z,9,SCROLLING:SCROLL WHEEL:WILL NOT DO:SETTINGS,29,2747
35773,Recall cursor/scroll positions in notes,goedl,2019-03-25T10:42:41.885Z,9,NOTES:PANELS,2,295
25665,Scrolling Over Empty Tab Bar Area to Switch Tabs,duarte.framos,2018-03-05T17:35:05.244Z,9,TABS:SCROLLING,11,1188
70006,Allow Deletion of Default Themes,Pesala,2021-12-15T20:45:42.552Z,9,THEMES,1,136
38404,Session Management:  Name of Session Somewhere Prominently on Browser,sunrisescramble,2019-06-25T02:49:11.393Z,9,SESSIONS,6,711
66486,Text search in web panels,DanMan,2021-09-18T16:59:45.728Z,9,PANELS,1,158
34019,Open a selection of multiple links...,TsunamiZ,2019-01-22T15:38:59.651Z,9,,18,2498
25191,Show full name when hovering on item,CheVe11e_191,2018-02-18T09:59:50.219Z,9,BOOKMARKS PANEL:HOVER:TOOLTIPS,4,1179
28632,Toggle Panels on Hover,MaartenRenckens,2018-07-12T09:43:12.067Z,9,PANELS:AUTO-HIDE,4,1291
32956,Animation of opening/closing tabs,Gregor,2018-12-11T21:57:50.415Z,9,ANIMATIONS:CLOSE TABS:TABS,3,691
57670,Unique PDF icons.,Frax0,2021-03-02T12:12:10.560Z,9,,3,169
53375,Better Lazy loading behavior for images & iframes behavior,dude99,2020-11-25T10:22:21.156Z,9,,1,272
32519,More Search Engine Options in Address bar,AlexSkywalker,2018-11-25T09:18:02.125Z,9,ADDRESS BAR:SEARCH ENGINES,23,1446
47192,Enable Picture-in-Picture (PiP) from the tab audio button,AltCode,2020-05-20T12:58:06.319Z,9,POP-OUT VIDEO,1,76
25613,Option for a Border Around Windows,rojaviv,2018-03-03T15:03:06.567Z,9,WINDOW,5,1525
31343,Make the Vivaldi menu disappear when clicking on the menu button for a second time,Ashtar,2018-10-17T16:20:32.683Z,9,MENU:BUTTON,22,1732
38772,Content Panel: Detect all resources & block specific item like Script Click extension,dude99,2019-07-11T08:20:06.190Z,9,,6,683
38616,Throw Away New Cookies When This Session Ends,brianlj,2019-07-03T11:48:09.932Z,9,COOKIES:PRIVACY:SETTINGS,5,604
36624,Add a option to show popup thumbnails only for stacked tabs.,Ghos3t,2019-04-17T03:29:23.391Z,9,THUMBNAILS:TABS:TAB STACKS,1,365
33453,Support for Delayed Screenshots,ribeirobreno,2018-12-28T19:20:46.307Z,9,SCREENSHOT,2,444
24173,Show URL on the Thumbnails,bimlas,2018-01-31T09:41:46.437Z,9,THUMBNAILS:URL:TABS:POPUP,4,1412
28626,Notifications Manager,ozoratsubasa,2018-07-12T05:44:38.946Z,9,NOTIFICATIONS,14,3351
32565,Close Cloud Synced Tabs on Other Devices,advaits,2018-11-27T09:26:54.196Z,9,TABS:SYNC:CLOSE TABS,2,484
32402,Annotate Webpages and Show in Notes,Darkmatter,2018-11-21T06:25:08.346Z,9,WEB PAGES:NOTES:PANELS,8,1909
29995,Autostart Option for Web Panels,nikolayworkbook,2018-09-12T00:24:04.094Z,9,PANELS:HIBERNATION,1,619
29879,Detach Panel in its own Window and Pin it on Top,peefy,2018-09-08T00:53:00.688Z,9,PANELS,3,809
29679,Day/Night Theme by Longitude,luetage,2018-08-29T17:38:07.472Z,9,THEMES,16,1471
29610,Option to Hide New Tab Button,[[global:former-user]],2018-08-26T09:04:42.276Z,9,BUTTON:NEW TAB:TABS,8,2030
29458,Option to Disable Site Data Local Storage,Stardust,2018-08-19T02:42:50.480Z,9,SETTINGS:PRIVACY AND SECURITY,1,670
28030,Option not to URL-encode the Search (%s),cxw,2018-06-15T16:27:03.208Z,9,SEARCH ENGINES,2,605
27436,Image/Media/Documents Viewer,bebotette,2018-05-16T00:41:36.783Z,9,IMAGE:DRAGANDDROP:VIDEO,3,893
27294,Full Page Zoom Combined with Text Zoom,dude99,2018-05-09T13:26:59.030Z,9,ZOOM:WEB PAGES,1,710
27159,Allow renaming separators,CheVe11e_191,2018-05-03T15:11:11.461Z,9,BOOKMARKS:NOTES,3,893
24758,Settings for websites like in old Chrome,kurevska_registracia,2018-02-06T12:17:33.626Z,9,SITE SETTINGS,3,1337
24949,Middle-click on Tab Bar to Open Tab with URL or Search Text,Pesala,2018-02-11T12:02:22.655Z,9,SEARCH,1,967
24626,Typo Suggestions Should always be Available from the Context Menu,Dantesoft,2018-02-03T12:39:47.706Z,9,SPELLCHECK:MENU,5,1211
96068,"Force dark theme on all websites" exceptions handling,darthgtb,2024-03-14T21:03:00.465Z,8,MENUS:PAGE ACTIONS:SETTINGS:THEMES:WEB PAGES,20,1287
96068,"Force dark theme on all websites" exceptions handling,darthgtb,2024-03-14T21:03:00.465Z,8,MENUS:PAGE ACTIONS:SETTINGS:THEMES:WEB PAGES,20,1287
102196,More resizing options for dashboard,Johna123,2024-10-24T10:46:15.836Z,8,USER INTERFACE:START PAGE:DASHBOARD,6,149
95725,Button that (if A-->do A)  (if B-->do B)  (etc...) - Add conditional command chains?,DavidBevi,2024-03-04T10:33:23.022Z,8,COMMAND CHAINS:QUICK COMMANDS:TOOLBARS,4,216
39233,Built-in VPN,anuragnandi,2019-08-04T16:10:57.258Z,8,,47,9864
98753,Selective workspace/session sync to other computers,elgringobananas,2024-06-21T08:34:10.313Z,8,WORKSPACES:SESSIONS,1,72
46450,display name of the day in the clock utility,mizouniihichem,2020-04-29T18:09:15.184Z,8,,3,134
89969,Support OpenSearch search engines,alexs77,2023-08-28T15:31:37.804Z,8,SETTINGS:SEARCH:ADDRESS BAR,3,363
96802,Move Tab > Workspace  Usability Improvement,dalinar,2024-04-09T20:15:45.342Z,8,WORKSPACES:USER INTERFACE:MENUS,5,246
85782,Workspace Names Displayed on Windows,ChadGarion25,2023-04-18T20:08:19.706Z,8,WORKSPACES:WINDOW:TABS:NAVIGATION:USER INTERFACE,7,474
88707,Speed Dial for Open Tabs,Pesala,2023-07-09T12:00:01.803Z,8,TABS:SPEED DIAL,6,349
91160,Vivaldi's own extension store,FlooferLand,2023-10-02T10:29:11.062Z,8,EXTENSIONS:USER INTERFACE,22,5371
73240,Allow changing the periodic reload of tabs by intervals of 1 second,TodS,2022-03-20T09:31:00.903Z,8,TABS,8,555
89691,2FA Vivaldi Sync  and  2FA Vivaldi Lock,ChimeraLove,2023-08-17T21:55:03.107Z,8,PROFILES:PASSWORDS:HISTORY:USER INTERFACE:PRIVACY AND SECURITY,14,864
52178,Keep Tabs Hibernated Even When Clicking Them,isaacjara17,2020-10-25T15:36:51.725Z,8,TABS,7,276
39509,Make the search section in addess bar drop-down optional,felagund,2019-08-19T20:17:59.163Z,8,ADDRESS BAR,5,386
69137,UK English for Translate,abssorb,2021-12-01T16:22:02.913Z,8,TRANSLATE,7,426
36207,Profile-specific application title,MVV_,2019-04-04T05:53:22.359Z,8,PROFILES:TITLE BAR,5,572
60318,Open a bookmark in the current tab stack,wuerth.peter,2021-04-30T06:52:35.891Z,8,BOOKMARKS,8,320
85811,Allow to move to previous/next tab between workspaces,TMich,2023-04-19T03:58:37.615Z,8,TABS:TAB BAR:KEYBOARD SHORTCUTS,6,276
24638,Horizontal Layout for Bookmark History and Calendar Details,Hadden89,2018-02-03T14:28:10.716Z,8,BOOKMARKS:HISTORY:GUI,3,856
84493,Move Tab Stack Commands,RadekPilich,2023-03-06T10:08:03.806Z,8,COMMAND CHAINS:KEYBOARD SHORTCUTS:NAVIGATION:QUICK COMMANDS:TAB STACKS:TAB BAR:TABS,2,218
26281,Ability to Position a Bookmarks Bar Folder to the Far-right,IdanAdar,2018-03-28T16:14:22.919Z,8,BOOKMARKS BAR:GUI,12,2241
81648,[Address Bar] Prioritize Search Over History,n810,2022-12-07T23:25:25.998Z,8,ADDRESS BAR,4,410
35228,Cookies in Use dialog need Allow (Whitelist) & Clear on exit buttons under Allowed tab,dude99,2019-03-06T08:06:40.740Z,8,,7,631
83533,Add option to remove history by visited domain,davidgarciasantes,2023-02-05T08:57:12.346Z,8,HISTORY,2,207
80141,disable page title autocomplete in address bar,jml74,2022-10-12T16:41:24.718Z,8,USER INTERFACE:ADDRESS BAR,6,380
79627,Option for new tabs opened from tiled stackes not to be tiled,sirien.neiris,2022-09-25T14:17:27.483Z,8,USER INTERFACE:TABS:TAB STACKS,2,203
53786,Master Password to derive Auxiliary Passwords,Catweazle,2020-12-02T13:32:21.824Z,8,,3,228
24705,Shortcut to load all web panels,LonM,2018-02-05T10:16:08.185Z,8,PANELS,6,824
42107,Remember position on a web site on reload / restart / un-hibernate,jumpsq,2019-11-12T05:30:03.446Z,8,,3,176
59768,Option to show speed dials thumbs at bottom/top/left/right,WildEnte,2021-04-18T16:12:38.713Z,8,,3,160
68836,Show Tabs in Fullscreen when you move mouse to top of screen,rolltidehero,2021-11-21T19:53:26.380Z,8,TABS,6,356
68834,Give Extensions their own bar like the Bookmarks Bar,rolltidehero,2021-11-21T19:14:55.987Z,8,ADDRESS BAR,8,347
61878,Visual improvements for Downloads,Stardust,2021-06-05T00:11:13.024Z,8,PANELS,6,276
24906,Remove Tab Spacing in Native Windows,zolcos,2018-02-10T00:49:35.607Z,8,TABS,7,1092
67478,To-Do feature,reacier,2021-10-12T16:18:47.880Z,8,,5,297
38613,HDR support for youtube,cbanacka,2019-07-03T09:50:12.019Z,8,,4,545
61439,Confine "Close Tab in Recently Used Order" to current Stack,paul1149,2021-05-22T21:43:39.016Z,8,TABS,5,226
24374,Sort Search Engines by Name,neltherion,2018-02-01T07:49:31.822Z,8,SEARCH ENGINES:SORT,2,743
24683,Vivaldi application icon color choice,luetage,2018-02-04T20:19:47.904Z,8,VIVALDI:ICONS,4,913
64710,More colors for tab groups,matiasmovie,2021-08-02T03:20:08.094Z,8,TABS,1,192
63062,Background image : Support svg,Purgator,2021-06-23T13:38:13.066Z,8,THEMES,1,175
53230,Tip of the Day,Eggcorn,2020-11-22T02:08:20.656Z,8,,7,203
60242,Bring back the former icons on the sidebar,Nekomajin,2021-04-29T10:44:43.928Z,8,PANELS,9,524
60404,"Take a break" disable navigation buttons,oberkut,2021-05-01T09:53:38.006Z,8,,1,68
47248,Show 2 panels top and bottom,mcl,2020-05-22T02:00:55.587Z,8,PANELS,4,273
58766,Hide https:// without misalign the URL input text,dude99,2021-03-25T22:18:24.687Z,8,,1,82
32190,Check for Updates in Settings  Updates,Pesala,2018-11-13T18:38:14.087Z,8,SETTINGS,7,1755
26834,Add Website Availability Checker into "This Site Cannot be Reached" Warning Page,dude99,2018-04-21T05:42:36.896Z,8,SECURITY,7,1978
24667,Open History and Bookmark Tabs from the History and Bookmark Panels,Seasonly,2018-02-04T09:56:43.490Z,8,BOOKMARKS:PANELS:SHORTCUTS,8,1193
42864,Granular control for third-party cookies,madiso,2019-12-19T17:52:41.868Z,8,,6,341
25128,Remove Tab Group Duplicates,cmason,2018-02-16T08:45:04.655Z,8,TAB STACKS:TABS,5,1387
29659,Option to remember selected area in Screenshot feature,CheVe11e_191,2018-08-29T05:38:40.795Z,8,SCREEN CAPTURE,3,544
36916,Sync Accent Color settings with Theme only,vagrod,2019-04-30T10:59:36.125Z,8,PIPELINE:THEMES,3,405
24544,Dynamic bookmarks folder with Most Visited Pages,ROTFL,2018-02-02T11:49:39.607Z,8,BOOKMARKS:MOST VISITED,2,628
35847,Drag & drop toolbar buttons now live… but not for all buttons,MaartenRenckens,2019-03-27T12:40:58.826Z,8,TOOLBAR:CUSTOMIZE:ADDRESS BAR,7,717
24356,Native Open With...,DamanGoldberg,2018-02-01T01:35:20.054Z,8,,2,562
33616,Automatically hibernate new tabs if number of open tabs exceeds X,Darkmatter,2019-01-06T07:13:03.882Z,8,HIBERNATION:BACKGROUND TAB:TABS,1,416
33063,Access Key Indicator,pauloaguia,2018-12-14T18:24:17.394Z,8,ACCESSIBILITY:IN PROGRESS:A11Y,10,1076
25878,Don't Resize Tabs Immediately After Tab Closure,drivas,2018-03-14T13:14:33.805Z,8,CLOSE TABS,12,1945
27443,Tab Stacking: Text List on Mouse-over instead of Image Preview,cholzer,2018-05-16T06:47:35.234Z,8,TAB STACKS:TABS,10,1191
30627,Clarify Meaning of "Use Tab Zoom",ayanamistyang,2018-09-29T10:49:38.137Z,8,TAB ZOOM:SETTINGS,1,390
30460,Enlarge Bookmarks Bar Icons on Hover,andydelz,2018-09-27T12:25:38.708Z,8,BOOKMARKS BAR:ICONS:HOVER:BOOKMARKS,2,729
29684,Option for Web Panel Ubiquity,dconthe3,2018-08-29T21:31:02.604Z,8,PANELS:AUDIO:MEDIA:VIDEO:PLAYBACK,9,1376
29288,In-place Help,Nekomajin,2018-08-10T19:28:03.351Z,8,HELP,11,1455
25979,Increase Width of the Most Used Tabs,Seasonly,2018-03-18T14:20:15.618Z,8,TABS,3,1244
27465,Inform user of Tab Mute Setting,LonM,2018-05-17T11:01:37.102Z,8,MUTE:TABS:SETTINGS,1,628
24621,Fields for Individual Search Engines in the Bookmarks Bar,GMayr,2018-02-03T09:19:05.123Z,8,SEARCH ENGINES:BOOKMARKS BAR,3,816
27023,Save High Score from Network Error Game,LonM,2018-04-28T07:26:23.600Z,8,,7,1179
25356,Add a "Show Password" button/option on masked input fields,aderitobonito,2018-02-22T16:35:44.008Z,8,PASSWORDS,2,1356
25171,Lock Interface Layout to Prevent Accidental Resizing etc,Sentynel,2018-02-17T18:11:07.158Z,8,USER INTERFACE,2,781
24328,Remember Navigation History in Tabs from Closed Windows,david.cortes,2018-01-31T20:29:42.445Z,8,TABS:NAVIGATION:HISTORY,1,666
24316,Option for Bookmarks and Speed Dials to Save Zoom Settings,ghpy,2018-01-31T19:52:41.489Z,8,BOOKMARKS:SPEED DIAL:ZOOM,1,578
75065,Prevent websites from disabling the default context menu,vekkq,2022-05-05T17:29:18.718Z,7,,12,1298
101172,Simplified Tab Groups with colored indicators,BunchOfAtoms,2024-09-16T22:46:39.544Z,7,TAB STACKS:TABS:TAB BAR:USER INTERFACE,4,139
67676,Search for Tab Stack name,ferdiG,2021-10-18T14:26:02.706Z,7,TABS,4,233
87366,Save/load workspace as session,L34T,2023-05-27T13:05:55.731Z,7,WORKSPACES:SESSIONS:TABS:TAB STACKS,7,579
65382,Feature to manually add passwords for websites,datdinhquoc,2021-08-18T12:42:33.134Z,7,SETTINGS,24,2103
72596,Add Reading List to the Start Page,Komposten,2022-03-01T10:40:17.538Z,7,READING LIST:START PAGE,2,270
97691,[Window Panel] When stacked by host(+s) provide the domain icon,npro,2024-05-07T19:39:51.736Z,7,PANELS:TAB STACKS:USER INTERFACE,1,301
88983,drag-n-drop tab to another workspace,yu8ry,2023-07-19T20:39:56.211Z,7,WORKSPACES:TABS,13,447
64926,Option to centre URL on address bar,Thescorb0,2021-08-06T03:29:47.800Z,7,ADDRESS BAR,10,843
31409,Bookmarklets replaces the URL in the address bar,postbb,2018-10-19T11:40:41.996Z,7,ADDRESS BAR,28,4178
95039,Bookmarks  Tabs  History  Notes - as Search Engines,ChimeraLove,2024-02-10T11:53:08.767Z,7,SEARCH:ADDRESS BAR:BOOKMARKS:HISTORY:NOTES:TABS,2,184
88044,Individual Workspace History,PhobiusMobius,2023-06-15T13:52:23.117Z,7,WORKSPACES:HISTORY,3,287
85928,Workspace Hibernate - Visual Indicator,jorjives,2023-04-21T07:31:18.283Z,7,WORKSPACES:USER INTERFACE,6,314
34028,Make Tab Sound Icon more Noticeable and less Obstructive,chegr,2019-01-23T00:59:45.291Z,7,AUDIO:SOUND:MEDIA:PLAYBACK:TABS:ANIMATIONS,9,1454
94014,Allow Editing of Sessions without the Mouse,Pesala,2024-01-04T15:52:56.627Z,7,KEYBOARD SHORTCUTS:PANELS:SESSIONS,7,322
79501,Feature Request - Toggle Floating Panel,AzDayton,2022-09-21T02:12:47.621Z,7,PANELS,12,399
90445,Automatic Profile Selection by URL,TheWiredPrairie,2023-09-10T19:01:06.345Z,7,WEB PAGES:NAVIGATION:PROFILES:USER INTERFACE,4,342
37478,Open bookmark folders with a single click instead of a double click,Crayon,2019-05-18T08:19:16.814Z,7,BOOKMARKS:BOOKMARK FOLDER,10,1011
72642,Tabs stack and pinned tab width,manusfreedom,2022-03-02T15:34:04.483Z,7,PINNED TABS:TAB STACKS:TABS,3,517
79477,Import/Export | Menu Layout,Hadden89,2022-09-19T23:17:47.730Z,7,SETTINGS,5,338
76104,Remove Superfluous Submenu to Customise Toolbars,Pesala,2022-06-04T15:56:34.199Z,7,TOOLBAR EDITOR,2,215
25251,Import Search Engines from Opera and Chrome,Pesala,2018-02-19T23:22:03.237Z,7,IMPORT:SEARCH ENGINES:SETTINGS,3,1084
87414,Replace bookmarks folder icon with emoji,d2warren,2023-05-29T18:01:12.501Z,7,BOOKMARKS:BOOKMARK BAR,5,355
34587,"Always on Top" Toggle under "View" Menu,flooners,2019-02-12T19:58:27.992Z,7,MENUS:WILL NOT DO,6,1232
86539,More formatting options in notes,lSang,2023-05-04T19:03:47.943Z,7,NOTES,1,232
39962,Choose what settings to opt out of sync,azohc,2019-09-06T19:29:38.683Z,7,SETTINGS,14,481
37409,Detect and Remove Duplicate URLs,jeronymite,2019-05-16T00:05:12.090Z,7,HISTORY,5,466
41535,Require entering password before showing saved passwords,ndaidong,2019-10-21T04:54:15.019Z,7,LINUX:PASSWORDS:SETTINGS,23,1478
29666,Allow multiple mouse gestures for the same command,CheVe11e_191,2018-08-29T06:57:37.670Z,7,MOUSE GESTURES,5,668
32963,Optional Functions for Double-click on Tab,Gregor,2018-12-12T05:36:43.184Z,7,TABS:WILL NOT DO,10,1095
83654,Show Chromium version on About page,Nekomajin,2023-02-09T15:49:53.241Z,7,,14,439
81908,In Show Closed Tabs  Move "Restore All Tabs" for a closed window to the top of the tabs list for that window.,rosswald,2022-12-12T21:01:18.736Z,7,TAB BAR,5,485
34373,Restore Open Tabs After an Update,CheechGe,2019-02-06T16:00:47.610Z,7,TABS:SESSIONS,8,1065
67821,PDF viewer to remember page,Wlada86,2021-10-21T21:38:06.890Z,7,,12,689
75781,More buttons (i.e. "New Private Window") for toolbar editor,knoelli,2022-05-30T18:24:25.160Z,7,TOOLBAR EDITOR:COMMAND CHAINS,2,246
30882,Search in Settings Dialogue Should Find Hidden Items,Pesala,2018-10-05T05:24:25.675Z,7,SETTINGS:SEARCH,2,362
59215,Scrollable site permissions list,Vus,2021-04-04T20:19:59.712Z,7,ADDRESS BAR,8,144
78379,Windows Group Policy to force or protect update settings,DoctorG,2022-08-13T16:58:18.069Z,7,,2,152
31508,Show *.MD files as Markdown  not as Source Text,NNN,2018-10-22T13:29:43.398Z,7,NOTES,9,1296
50147,Show popup thumbnails only for stacked tabs,RandPC,2020-08-28T20:47:52.349Z,7,TABS,2,191
75349,Link name in Reading List should be editable,Ronee,2022-05-14T18:22:27.753Z,7,READING LIST,8,327
75365,Allow Local Files in Reading List,Pesala,2022-05-15T09:13:41.921Z,7,READING LIST,2,306
38314,Move multiple tabs to a new window command if selected multiple tabs,dude99,2019-06-21T16:54:48.625Z,7,WINDOW,7,796
73245,Allow tiling by drag'n'drop,max06net,2022-03-20T13:18:50.380Z,7,TABS,4,282
64390,Copy from adress bar in a formated way (like on MS Edge),antoine.luboz,2021-07-26T11:30:23.369Z,7,ADDRESS BAR,9,1054
30903,Better Auto Hide/Show Panels Functions,dude99,2018-10-05T16:23:34.535Z,7,PANELS:AUTO-HIDE,23,1627
68339,Desktop Shortcuts versus PWAs,joeduffus,2021-11-06T16:25:20.532Z,7,PWA:ADDRESS BAR,1,318
31587,Open Link Outside of Tab stack,Ornorm,2018-10-24T16:36:00.437Z,7,TAB STACKS:LINKS:TABS,12,1048
46345,Change Chrome themed dialogs to blend in with Vivaldi UI,ethanegarner,2020-04-27T18:43:34.740Z,7,THEMES,2,135
44017,security: add the ability to disable engagement tracking,Tcll,2020-02-08T11:39:55.992Z,7,SETTINGS,10,289
51195,Customizable keyboard shortcuts for scrolling,kbirger,2020-09-28T17:27:04.734Z,7,,4,197
60931,Auto-fill Bookmark description should have a Clear description X button,dude99,2021-05-11T15:05:46.343Z,7,BOOKMARKS,7,270
28318,Independent UI Zoom per Window,Pesala,2018-07-01T09:55:49.517Z,7,ZOOM:SPEED DIAL,7,1017
63412,Mark tab as unread,silvan,2021-07-01T08:19:43.476Z,7,,2,122
32543,Drag Image to add Note Attachment,LonM,2018-11-26T13:56:39.397Z,7,NOTES:PANELS,2,412
58283,Add Malware and Site Blocker to Vivaldi,code3,2021-03-17T18:23:22.956Z,7,,24,1302
42638,Privacy Settings: Do not report to Google by default,MyOtherNamesAreCooler,2019-12-10T12:03:27.211Z,7,SETTINGS,3,158
54870,Double-click to immediately select a word in the address bar,mpfirnhaber,2020-12-25T14:11:29.649Z,7,ADDRESS BAR,21,746
57333,Command + shortcut for moving all tabs to new window,luetage,2021-02-21T11:40:32.671Z,7,,3,99
56877,"Close tabs to the right" and two row tabs,kingsteved,2021-02-12T18:31:33.322Z,7,TABS,3,144
29887,Allow to print selected Note,brook,2018-09-08T19:58:27.670Z,7,NOTES,3,534
55176,Media Panel,jdvernet,2021-01-05T22:17:09.972Z,7,PANELS,8,293
43445,Improved Vivaldi Notes,Mr.Schell,2020-01-13T16:20:32.830Z,7,THEMES,5,278
26219,"Move tabs to..." option for Windows Manager,ozoratsubasa,2018-03-27T01:38:33.745Z,7,PANELS:WINDOW,6,953
33485,Prompt Windows N and KN users to install Media Feature Pack on setup,Hadden89,2018-12-30T02:19:48.119Z,7,,7,1073
52836,Show delete button next to autofill items,akhansarivptech,2020-11-10T10:14:44.892Z,7,,7,189
52846,Selecting text and seeing copy popup options,antusystem,2020-11-10T14:54:40.784Z,7,TABS,2,222
42572,Show speed dial/bookmarks on address bar click,madiso,2019-12-07T13:26:21.910Z,7,ADDRESS BAR,3,245
52056,Allow to rename [native] blocker lists,Hadden89,2020-10-22T12:22:52.344Z,7,,2,117
51430,Sync of UI settings,Horry,2020-10-07T22:34:33.352Z,7,THEMES,2,114
49071,PDF Viewer - Temp instead of save,KSB,2020-07-20T03:51:30.329Z,7,SETTINGS,15,937
32327,More Search Suggestions in Address Bar,Ashtar,2018-11-18T13:20:06.180Z,7,ADDRESS BAR,5,796
47632,PDF reader can directly copy selected content to note,davidmakeanewlife,2020-06-04T10:29:46.882Z,7,,1,81
47134,Information on changed authorizations of extensions,Digidani,2020-05-18T13:53:54.820Z,7,,1,47
46779,Automatically Expand Tab Stack in Window Panel for Active Tab,Poto,2020-05-08T01:42:09.727Z,7,,12,283
44981,Open in new tab link markers,dude99,2020-03-17T08:55:05.104Z,7,TABS,8,343
26608,Change Initial Focus for Clear Private Data Dialog,Pesala,2018-04-11T04:54:26.315Z,7,USER INTERFACE:PRIVACY AND SECURITY,5,777
33527,Add a Command to Scroll by a User-defined Number of Lines,Nova1112,2019-01-01T12:22:16.186Z,7,MOUSE GESTURES:SHORTCUTS:SETTINGS:SCROLLING:SMOOTHSCROLLING,23,3588
41153,Hotkey to toggle show/hide extensions on the address bar...,TsunamiZ,2019-10-04T07:59:09.675Z,7,SHORTCUTS,3,441
41268,Move Vivaldi Menu (V Button) down left or right,stardepp,2019-10-09T09:08:14.376Z,7,,2,268
40987,Hover color effect for our theme...,TsunamiZ,2019-09-29T00:18:27.421Z,7,,4,420
24286,Ability to combine domain and keyword filter in vivaldi://history,Guilimote,2018-01-31T16:23:43.893Z,7,HISTORY,3,665
39415,Add key shortcuts to open panels and focus the search box,rf10,2019-08-14T10:59:10.794Z,7,SHORTCUTS:PANELS,1,348
33518,Offer to remove location data from images,LonM,2018-12-31T15:33:16.872Z,7,PRIVACY AND SECURITY,4,676
36511,Disable hyperlink auditing by default,Vektorweg,2019-04-12T14:14:31.520Z,7,PRIVACY:SETTINGS,2,686
32358,Tab Stack Button Design,Khaolos,2018-11-19T16:28:16.745Z,7,TAB STACKS:TABS,3,538
35434,Tabs opened from History Navigation buttons should copy the parent tab history,loxaxs,2019-03-13T09:15:22.209Z,7,TABS,1,296
34827,Password or fingerprint lock for Vivaldi,glweb,2019-02-19T22:09:47.408Z,7,PRIVACY,6,577
34728,Tab Stack Highlight Active Tab,Kalyori,2019-02-17T11:46:56.315Z,7,TAB STACKS:TABS:THUMBNAILS,6,666
34216,Option to Disable Closing Tab on Middle-click,liebezeit,2019-01-30T22:43:33.016Z,7,CLOSE TABS:MIDDLE-CLICK:SETTINGS,3,984
31033,Auto-correct for Edit Boxes,Pesala,2018-10-09T08:02:31.088Z,7,SPELLCHECK:TEXT EDIT,9,1332
31020,Allow Shortcuts to Work in Panels,[[global:former-user]],2018-10-08T19:56:05.701Z,7,PANELS:SHORTCUTS,2,400
30946,Add Location Switcher to Downloads Panel,Alkalin0,2018-10-06T14:31:48.541Z,7,PANELS:DOWNLOADS,5,623
30128,Enable Ctrl+Z to Undo Bookmark Changes,klav,2018-09-17T21:10:09.401Z,7,BOOKMARKS:SHORTCUTS,2,444
25865,New Tab Position Setting: After Active Tab in Order Clicked,matmur44,2018-03-13T21:06:48.016Z,7,SETTINGS:NEW TAB:POSITION,8,1695
29162,Icon for vivaldi://chrome-urls/,Hadden89,2018-08-03T15:39:42.828Z,7,USER INTERFACE,2,910
28951,In Settings Search Engines add a [DEFAULT] Label,TsunamiZ,2018-07-25T02:16:20.034Z,7,SEARCH ENGINES:SETTINGS,1,322
24171,Completely Delete an Empty Item,LonM,2018-01-31T09:40:40.243Z,7,NOTES:BOOKMARKS,2,725
28763,Option to Limit Vivaldi to one Window Instance,TsunamiZ,2018-07-18T18:14:10.550Z,7,WINDOW,4,624
28696,Enable/Disable Javascript Option inside Page Actions Menu,julioc1984,2018-07-15T11:49:42.100Z,7,PAGE ACTIONS:JAVASCRIPT,8,1911
28187,Add Yeelight Technology,NiceStuff,2018-06-23T15:17:53.231Z,7,THEMES,3,834
28496,Enhance Extension Page,Hadden89,2018-07-06T22:58:20.040Z,7,EXTENSION,8,1290
28357,More Customization for Reader View,drynov,2018-07-03T15:14:46.972Z,7,READER VIEW,2,872
28158,Better Visual Cue on Active Window,terere,2018-06-21T16:10:11.716Z,7,THEMES:WINDOWS,2,740
27828,Disable Auto-refreshing for History,myVivaldiUsername,2018-06-03T23:29:06.187Z,7,HISTORY,5,1176
26972,Links Manager Dialogue Like Opera 12.18,BOUSILLOR,2018-04-26T15:50:25.917Z,7,,4,1086
26908,Export Search Engines,zdm,2018-04-25T06:46:03.472Z,7,EXPORT:SEARCH ENGINES,2,911
26673,Import Firefox Keywords as Nicknames,Pesala,2018-04-13T20:06:43.716Z,7,FIREFOX:IMPORT:NICKNAMES,1,897
25680,Option for Rounded Speed Dial Thumbnails,Artex,2018-03-06T02:39:45.099Z,7,SPEED DIAL:CUSTOMIZE:BOOKMARKS,1,922
25452,Save Metadata in Screenshot Files,becm,2018-02-26T15:14:26.234Z,7,SCREENSHOT,1,745
25240,Enable JSON export and import of bookmarks  ability to overwrite existing,RBV,2018-02-19T17:20:06.323Z,7,IMPORT:EXPORT:BOOKMARKS,1,806
24500,Movement of Tabs,fweeks,2018-02-02T02:28:19.823Z,7,TABS:WINDOW:DRAGANDDROP,4,1274
24768,Colored frame for tiled tabs,Seasonly,2018-02-06T14:42:02.653Z,7,TILING:TABS:GUI,1,691
24408,Tab List Button on Tab Bar,longvoid,2018-02-01T12:12:54.837Z,7,TABS:MENUS,6,1358
24526,Thumbnails auto-refreshing options,ROTFL,2018-02-02T10:30:24.107Z,7,SPEED DIAL:THUMBNAILS,1,478
80889,Add support for bookmark separators on speed dial,SoWrong,2022-11-12T06:50:58.520Z,6,SPEED DIAL,6,292
63504,Vivaldi does not detect system's dark theme on Linux (Ubuntu),sofroniecristian,2021-07-03T14:36:18.368Z,6,,23,4577
90255,"Back to pinned URL" feature on pinned tabs,guidod,2023-09-04T15:08:36.009Z,6,TABS:WORKSPACES,11,751
101086,Workspaces Toolbar (actual toolbar  not the dropdown menu),dalinar,2024-09-13T14:07:42.330Z,6,WORKSPACES:TOOLBARS,6,147
50209,Option to disable Mouse4/Mouse5 forward/back,Auhrii,2020-08-31T20:21:15.133Z,6,SETTINGS,4,470
94455,Support for Workspace Rules Sync,agrmohit,2024-01-20T16:32:16.999Z,6,WORKSPACES:SYNC,2,153
25195,Delete button for the list on trash,CheVe11e_191,2018-02-18T10:55:33.213Z,6,,2,739
58851,Allow selecting Google translation engine,KotlinChan,2021-03-27T10:41:59.011Z,6,TRANSLATE,5,413
77685,Accordion Tab Stack Title while expanded,steve8track,2022-07-19T21:42:20.010Z,6,TABS,13,551
97619,Reduce number of UI steps in managing workspaces,bencodesall,2024-05-05T14:42:20.830Z,6,WORKSPACES:USER INTERFACE:SETTINGS:TABS:TAB BAR,6,212
97410,Disable all extensions by one click,kyu3a,2024-04-29T22:28:29.853Z,6,EXTENSIONS,1,118
95567,Add disabling forced dark mode with the rmb,wd1,2024-02-29T17:15:05.573Z,6,,4,139
27367,Different Web Page Zoom Settings for Different Monitors,fyhn,2018-05-13T09:01:42.637Z,6,ZOOM,3,836
73105,Preserve the order of windows in the taskbar,Agych,2022-03-16T16:17:54.839Z,6,,6,209
63760,Change tab closing behavior so that it stays within the same tab stack,mindthebees,2021-07-09T02:17:32.925Z,6,TABS,2,186
94931,Choose/create profiles for different workspaces.,Veddu,2024-02-05T20:40:07.282Z,6,PROFILES:WORKSPACES,1,170
68263,Integration with Obsidianmd,victorguillet,2021-11-03T15:16:28.880Z,6,,3,557
58935,A simple option to close a tab and clear it's cookies,ammoniumcyanide,2021-03-29T04:16:45.494Z,6,,4,119
32066,Option for Notification that Download has Started,artokut,2018-11-08T15:54:17.643Z,6,DOWNLOADS:NOTIFICATIONS:SETTINGS,16,1522
53653,Detached/standalone email/rss client,fofo,2020-11-29T15:37:43.134Z,6,,12,667
48209,Pinch Zooming feature to be enabled via Touchpad,Jawadd1,2020-06-17T18:56:02.034Z,6,,13,3007
90577,Change volume of alarm,Ampa,2023-09-14T15:24:53.269Z,6,SETTINGS:STATUS BAR,2,179
42148,One instance of a web-panel over multiple browser windows,krisr,2019-11-14T08:17:41.779Z,6,PANELS,7,355
61652,Vertical Tab Bar Scrolling instead of Tab Shrinking,SachinShekhar,2021-05-29T11:46:49.332Z,6,TABS,4,334
71870,Infinite Tab Stacking,EFA2021,2022-02-11T12:29:12.467Z,6,TABS,7,240
86441,Linking Workspaces with Speed dial folders,apetrov,2023-05-02T08:17:14.125Z,6,WORKSPACES,1,73
62925,QR code for link,matiasmovie,2021-06-20T15:43:05.670Z,6,,10,312
54707,Generate QR code from link,DarkWiiPlayer,2020-12-20T10:51:37.960Z,6,MENUS:USER INTERFACE,6,509
54382,Tab Counter,glx,2020-12-13T15:17:28.769Z,6,ADDRESS BAR,6,1060
69303,Reset button for themes from themes.vivaldi.net,AltCode,2021-12-03T14:28:00.771Z,6,THEMES,4,187
84623,Option to show tab CPU & RAM metrics in window panel,WildEnte,2023-03-09T19:48:19.397Z,6,PANELS:TABS,1,158
62287,Add Zoom text only to Vivaldi,Mohammad2021,2021-06-10T23:45:17.687Z,6,SETTINGS,4,264
64688,Simple Highlighter,janrif,2021-08-01T15:39:42.472Z,6,PANELS,11,553
62463,Open this page as another profile,zemp,2021-06-12T23:59:53.563Z,6,,3,122
61424,Snap-to-grid layout option for Speed Dial,FatProtea,2021-05-22T14:49:17.333Z,6,SETTINGS,2,182
35901,Add the "new guest window" command to the "file" menu...,TsunamiZ,2019-03-28T01:20:14.512Z,6,PROFILES:GUEST PROFILE:SETTINGS,6,521
35906,Open "Search with" in Background Tab by holding a key,Mangold,2019-03-28T06:45:03.641Z,6,KEYBOARD:SHORTCUTS:SEARCH:SETTINGS,8,631
75796,Enable Translation in Web Panels,Pesala,2022-05-31T06:55:05.762Z,6,PANELS:TRANSLATE,6,326
46048,Add deepL as usual translation,vignali,2020-04-23T08:36:32.545Z,6,TRANSLATE,19,4854
37628,Show Toolbar for some Web Panels only,AltCode,2019-05-23T20:13:47.104Z,6,PANELS:TOOLBAR,4,506
75438,"Find in page" flexible width,ukanuk,2022-05-17T15:25:36.444Z,6,SETTINGS,2,106
74299,Reading List popup should use the sort order selected in the Reading List panel,homatyano,2022-04-14T00:51:38.019Z,6,READING LIST,3,196
74323,Indicate which address you will be directed to,Jarsey45,2022-04-14T09:24:28.195Z,6,ADDRESS BAR,1,107
72427,Accordion tab-stack: Expand stack at the creation phase.,shifte,2022-02-23T15:18:00.643Z,6,TABS,3,177
35267,Notify when extensions are disabled,Komposten,2019-03-07T09:32:06.077Z,6,EXTENSION,3,274
68051,Pause Periodic Reload on Active Tab,JohnGeldreich,2021-10-28T14:59:32.173Z,6,TABS,8,256
53283,Add vivaldi://game|themecolors to chrome://about,Hadden89,2020-11-24T11:02:07.641Z,6,,2,109
67842,Translator: make the translation popup movable; improve the popup placement coordinates,Agych,2021-10-22T11:58:12.728Z,6,TRANSLATE,2,170
69209,Allow translating pages that are in the same language as the UI,ssg.agp,2021-12-02T16:40:07.889Z,6,TRANSLATE,8,322
68593,Close tabs with middle mouse button in quick commands,igromad,2021-11-15T02:19:42.810Z,6,TABS,1,120
53491,Display URL & show feedback when a new tab begins loading,EmeraldSlash,2020-11-27T02:37:28.786Z,6,,3,158
46556,Taskbar download progress indicator for Linux,RDistel,2020-05-02T09:22:07.533Z,6,DOWNLOADS:TASKBAR,7,752
39088,Performing gestures using 2 fingers (on touchpads),Zeta616,2019-07-27T17:59:46.924Z,6,SETTINGS,2,179
65911,Parallel time zone display for status bar clock,RishyG,2021-09-03T11:14:18.436Z,6,STATUS BAR,1,122
65638,allow to specify original language for translation,emial,2021-08-26T04:32:27.313Z,6,TRANSLATE,3,112
45798,Speed Dial - uneven free arrangement,ChimeraLove,2020-04-17T10:17:30.058Z,6,,6,287
62648,Edge-style vertical tab shrinking,Vyadei,2021-06-15T13:52:08.208Z,6,TABS,2,201
55619,Max width tabs...,TsunamiZ,2021-01-18T00:25:15.601Z,6,TABS,2,162
63177,Auto-delete files from the Downloads panel,Gregor,2021-06-25T21:06:21.397Z,6,PANELS,1,87
62698,Do not sync Native Window option between operating systems,vdrandom,2021-06-16T09:12:40.535Z,6,THEMES,1,102
61769,Open Vivaldi's task manager in new tab,stardepp,2021-06-01T18:46:28.691Z,6,PANELS,6,508
61498,Vivaldi needs more UI animations to feel smoother,emvaized,2021-05-25T05:40:26.272Z,6,TABS,1,202
60496,Move Tab to the Start/End,camemb3rt,2021-05-02T19:39:22.946Z,6,TABS,1,109
59804,Vivaldi Web Inspector (Dragonfly revival),Trent,2021-04-19T18:40:37.295Z,6,,6,254
59432,Include Custom Setting for Periodic Reload on the Menu,Pesala,2021-04-10T19:53:32.761Z,6,TABS,2,81
43918,Reload Tab Stack option,JustinsaneS222,2020-02-04T03:32:49.244Z,6,TABS,6,388
52624,► Timed Tabs That Open When Scheduled. Hear me out...,JasonJosephNYC,2020-11-05T17:46:02.652Z,6,TABS,5,164
58210,Click & Hold UI behavior to replace all 2 Clicks Confirmation dialog,dude99,2021-03-16T13:12:57.775Z,6,,1,103
25692,Import Firefox Tags as Nicknames,pinakel,2018-03-06T10:14:04.416Z,6,BOOKMARKS,8,1710
57227,Cursor visual feedback for tab grab  reorder  & stacking,dude99,2021-02-19T08:06:42.049Z,6,,2,99
38912,Allow to change (few) settings for guest profile,Hadden89,2019-07-18T19:15:11.325Z,6,SETTINGS,2,224
54676,Inform users about implications of disabling google extensions|services,Hadden89,2020-12-19T09:27:46.026Z,6,SETTINGS,6,194
54128,Preserve notes formatting,[[global:former-user]],2020-12-09T15:48:09.413Z,6,,4,100
52738,History Labels,Zalex108,2020-11-07T17:23:12.916Z,6,,8,165
33587,Automatically Tile Tabs without Selection,luetage,2019-01-04T16:56:50.729Z,6,TABS:TILING:SHORTCUTS,12,1359
46246,PIP redesign,PlumbumBullet,2020-04-25T18:57:32.213Z,6,POP-OUT VIDEO,8,335
45992,backward/forward 5sec in PIP,matiasmovie,2020-04-22T17:01:04.748Z,6,POP-OUT VIDEO,3,287
33553,Add a Command for Override Scroll is Pan,Pesala,2019-01-02T20:08:13.714Z,6,MOUSE GESTURES:SHORTCUTS:SCROLLING:SETTINGS,4,796
49386,Modal browser mode,AntVivaldi,2020-08-02T11:15:34.293Z,6,,19,659
40772,DNS over TLS,beremour,2019-09-23T10:54:32.884Z,6,,7,333
24195,More Space Above Tabs if not Maximized,Pesala,2018-01-31T09:55:17.289Z,6,GUI:TABS:TITLE BAR:WINDOW,4,902
24111,Drop-Down Menu in Speed-Dial,RayAlpha,2018-01-31T08:29:54.576Z,6,SPEED DIAL:MENU:NAVIGATION BAR,8,1450
47652,Skip Captchas using Trust Tokens / Privacy Pass,rjackdaw,2020-06-04T22:53:08.528Z,6,,5,251
47150,Context menu for per site extension permission,shemtovo,2020-05-18T22:52:53.732Z,6,SETTINGS,5,136
47035,Side Panel for Timer,RubenR,2020-05-15T19:07:41.539Z,6,PANELS,1,88
46404,Please change the vivaldi:// favicons to suit the current theme,pryley,2020-04-28T21:23:42.255Z,6,TABS,4,285
46099,In the clock  add a button to clear all past reminders,MasterLeo29,2020-04-23T16:47:39.631Z,6,,1,51
24492,Align URLs in history for readability,ROTFL,2018-02-02T00:02:31.677Z,6,HISTORY:GUI,3,552
45754,Allow Dragging of URLs to create Bookmarks in Bookmark Bar Folders and Subfolders,Daladdine,2020-04-15T21:23:29.291Z,6,BOOKMARKS,9,313
45629,Internet Speed Meter/monitor,stralpt,2020-04-11T04:56:49.421Z,6,,2,91
29662,Zooming tiled tabs simultaneously,CheVe11e_191,2018-08-29T06:08:53.744Z,6,ZOOM:TILED TABS,2,601
36166,Vimium-like page navigation,alvk,2019-04-03T08:11:44.367Z,6,KEYBOARD:SHORTCUTS,3,492
30741,Place Address Bar in Window Chrome,Omen_20,2018-10-01T23:47:51.201Z,6,ADDRESS BAR:TITLE BAR,4,787
30263,Smart text selection by word...,TsunamiZ,2018-09-23T13:11:48.076Z,6,,14,1337
39217,Open tab after current tab stack,Hadden89,2019-08-03T01:06:25.497Z,6,TAB STACKS:TABS,5,400
38729,Tab bar position based on window width,marenz,2019-07-09T13:39:52.053Z,6,POSITION:WINDOW:VERTICAL:TABS,1,359
38291,Change the fallback DNS from Google,Dr.Flay,2019-06-21T04:29:37.792Z,6,DNS:SETTINGS,6,847
31221,Command to Open a Link in a New Window,kusokuzeshiki,2018-10-14T12:07:18.273Z,6,WINDOW,5,865
38339,Support for Middle Click on Synced Tabs,LonM,2019-06-22T09:45:36.087Z,6,SYNC:TABS:SESSIONS,1,265
36632,Support WebExtensions (and improve them too),zakius,2019-04-17T13:11:03.127Z,6,EXTENSION,4,487
33936,Close/pin/unpin/move remote tabs,alexander.gorbovets,2019-01-19T09:30:22.430Z,6,TABS,2,269
24656,Confirmation before deleting note attachments,ROTFL,2018-02-03T23:22:05.585Z,6,NOTES,5,725
34277,Modernize Panel Animation,fuller1754,2019-02-02T04:09:54.048Z,6,PANELS:ANIMATIONS,6,783
34121,Bookmarks "date-time" field to enable maintaining chronological order,mini,2019-01-25T21:41:31.700Z,6,BOOKMARKS,1,205
33551,Append Option in "Save as PDF",oopsie,2019-01-02T15:46:34.817Z,6,SAVING FILES:PDF,1,446
24554,Refine Settings UX and hierarchy / toggle sections,ROTFL,2018-02-02T12:48:59.224Z,6,GUI:SETTINGS,8,1408
32951,Open Tab in Background from History Panel with Middle-click,Gregor,2018-12-11T21:34:18.216Z,6,TAB:HISTORY:HISTORY PANEL:BACKGROUND TAB:MIDDLE-CLICK:PANELS,2,532
24475,[Ctrl + Mouse Wheel] Zoom improvements,Stardust,2018-02-01T22:34:47.956Z,6,ZOOM,3,1208
29160,Option to Bind Scrollwheel to Other Actions,svfn,2018-08-03T14:27:27.176Z,6,SHORTCUTS:SCROLL WHEEL,3,775
31373,Automatic Reader View,wailord,2018-10-18T09:57:17.515Z,6,READER VIEW:SETTINGS,1,460
31081,Make default audio/video player wider,zdm,2018-10-10T09:49:24.491Z,6,AUDIO:VIDEO:PLAYBACK:PLAYER:MEDIA,5,1283
30296,Option to Use Accent Color from Each Page,chanon,2018-09-24T10:03:10.202Z,6,THEMES:TABS,1,350
29461,Add Option to Configure Sync,AndreyL,2018-08-19T07:10:39.078Z,6,SYNC:SETTINGS,6,727
27316,Large Tab Previews,mariospilot01,2018-05-10T12:50:14.596Z,6,TAB BAR:TABS,12,2741
29155,Improve Information on Secure Connections,BigMike,2018-08-03T08:57:05.342Z,6,SECURITY,4,746
25206,Customize mouse buttons to activate gestures,CheVe11e_191,2018-02-18T17:28:13.671Z,6,BUTTON:CUSTOMIZE:MOUSE BUTTONS:MOUSE GESTURES,4,1165
27606,Add Whitelist to Settings  Privacy,Jack9,2018-05-23T19:48:47.555Z,6,COOKIES:SETTINGS:PRIVACY,4,1878
25193,Nicknames match on Sessions,CheVe11e_191,2018-02-18T10:39:44.419Z,6,SESSIONS:NICKNAMES:QUICK COMMANDS,3,1238
26455,Multiple Nicknames for Bookmarks,jwoodard80,2018-04-04T13:46:01.175Z,6,NICKNAMES:BOOKMARKS,10,2836
24444,Add Submenu to Tiling Context Menu,CheVe11e_191,2018-02-01T19:50:20.240Z,6,TILING:MENUS:GUI,4,1418
25713,Save URL and Context as a Win10 Start Menu Tile,Comfunc,2018-03-07T10:32:09.237Z,6,WINDOWS:WINDOWS 10,2,633
25079,Select Background Image for Start Page from Context Menu,Pesala,2018-02-15T09:00:24.544Z,6,START PAGE:BACKGROUND,1,572
24481,Toggle between panels with mouse-wheel,ROTFL,2018-02-01T23:10:12.848Z,6,PANELS:SETTINGS:MOUSE GESTURES,1,489
24273,Opera-style Multi Window Interface and Tab Grouping,silverwuff,2018-01-31T14:28:35.061Z,6,MDI:WINDOWS:TAB GROUPS:TABS,4,2244
95605,border on active tab for better visibility,frozencan,2024-03-01T10:09:30.964Z,5,ADDRESS BAR:TAB BAR:THEMES:USER INTERFACE,28,404
92075,Option to select binary or decimal units for file sizes,Levrini,2023-11-01T13:53:59.151Z,5,DOWNLOADS:PANELS:USER INTERFACE:SETTINGS,10,335
94521,Window Panel: Make finding active tab easier,mred,2024-01-23T14:19:23.811Z,5,USER INTERFACE:PANELS,16,745
101279,View changed settings,Folgore101,2024-09-20T07:56:26.307Z,5,SETTINGS,1,39
88099,Vivaldi notifications should respect Windows settings,dandeancook,2023-06-17T12:12:06.041Z,5,USER INTERFACE,6,224
99504,Perfecting the title and toolbar design ✨,mindplay,2024-07-16T17:09:01.319Z,5,TOOLBARS,14,442
48625,Custom rules for build-in advertising blocker,AlexeyB,2020-06-29T15:29:33.672Z,5,SETTINGS,15,2129
99244,Enhance 'Workspace rules' to consider be able to use page title,ixxxo,2024-07-07T14:41:10.096Z,5,TABS,2,89
54731,Supported ARM64 build,syklist,2020-12-21T08:09:26.044Z,5,,5,499
60310,Icon to pin panels,rafaelkbarros,2021-04-30T02:48:34.185Z,5,PANELS,4,269
86825,[Window Panel] Add "Stack Tabs by Hosts" Context Command to the Window List in Menu Customization,npro,2023-05-12T11:54:57.190Z,5,PANELS:SETTINGS:TAB STACKS,3,238
50515,Haiku Port :),obiwan1,2020-09-09T10:14:25.564Z,5,,9,483
84553,Remove dark overlay on pop out video,manyarms,2023-03-07T18:08:19.580Z,5,POP-OUT VIDEO,2,173
95850,Session <-> Workspace conversions,DarkWiiPlayer,2024-03-07T14:27:01.855Z,5,WORKSPACES:SESSIONS,4,283
70635,Tab tiling: Make 1 constant tab one side of the screen  and select all other or a few tabs to fill the other side to cycle through,JoshWanner,2022-01-06T15:59:33.653Z,5,TABS,7,348
85232,Add gestures (clamped right mouse button + scroll wheel),mealf,2023-03-30T12:07:38.486Z,5,MOUSE GESTURES,3,237
48057,Typed history checkbox to Delete Browsing Data,lamantin,2020-06-14T11:28:20.473Z,5,ADDRESS BAR,12,367
58342,Control over Time-zone.,Arson999,2021-03-18T10:07:35.564Z,5,SETTINGS,2,207
94336,Snap tab to left/right by dragging and continue browsing in the other side of the window,ihazar,2024-01-16T19:09:51.917Z,5,TABS:USER INTERFACE:WINDOW,1,161
94252,Auto Pictrure-in-Picture and some other functions for this.,lilbaph,2024-01-13T09:08:24.284Z,5,POP-OUT VIDEO:USER INTERFACE,2,203
91741,Allow for proper customization of Sessions - Adding Tabs,Karambadodo,2023-10-24T02:23:50.703Z,5,TAB STACKS:USER INTERFACE:SESSIONS:NAVIGATION,5,294
51619,16:9 wide speed dial thumbnail size,vulture,2020-10-14T09:54:43.110Z,5,BOOKMARKS,2,204
93942,Ability to add bookmark paths as a condition for workspace rules,adria_oriol,2024-01-01T19:06:30.133Z,5,WORKSPACES,3,141
79968,Make Simple Popup Window PLEASE,BlokZinciri,2022-10-08T07:45:58.214Z,5,WINDOW:THEMES:PANELS:PAGE ACTIONS:USER INTERFACE,15,671
93383,Workspaces | AND operator (or comma) support for rules,yairmohr,2023-12-15T06:45:40.235Z,5,WORKSPACES,3,131
84729,Option to disable tooltips on tabs and browser controls,alanpersonalsync,2023-03-12T23:25:11.967Z,5,USER INTERFACE:TOOLBARS:TABS:TAB BAR,4,420
68488,Picture-in-Picture Shortcut,rauldux,2021-11-11T11:46:14.882Z,5,,10,1306
92082,Javascript on-off button on Toolbar,mlatushko,2023-11-01T15:41:27.888Z,5,TOOLBARS:SETTINGS:QUICK COMMANDS:KEYBOARD SHORTCUTS,4,320
71358,Open/Close Tab Animation,madix,2022-01-28T08:35:48.689Z,5,TABS,4,489
55149,Make Password settings easier to access,felagund,2021-01-04T18:50:34.107Z,5,SETTINGS,28,1304
66942,Image download (from cache) like Opera Presto,cyxovi,2021-09-30T03:00:36.614Z,5,,2,170
50109,Quick Commands - Using tab key on the keyboard should move you down the list.,Stormscion,2020-08-27T20:18:08.803Z,5,,10,303
64748,make an option - "Name the screenshot".,vaticanworld,2021-08-02T17:12:55.928Z,5,SETTINGS,6,397
67452,Portuguese-BR translation from LingvaNex,smacz,2021-10-12T00:04:49.989Z,5,TRANSLATE,23,1180
45715,Ability to drag and drop an URL into the Bookmark Bar folders and subfolders,Daladdine,2020-04-15T00:29:06.118Z,5,BOOKMARKS BAR:BOOKMARKS,28,2875
39175,A command to reverse the sort order on a selection of tabs...,TsunamiZ,2019-07-31T23:14:12.005Z,5,,10,471
89740,Remove words "Workspace" from name of workspace,helixo,2023-08-19T12:06:46.760Z,5,WORKSPACES,2,126
87475,add hotkey for tab's context menu,Neras,2023-05-31T13:26:17.252Z,5,WORKSPACES:WINDOW:TABS,8,345
32588,Capture Screenshot of Visible Area of Page,matiasmovie,2018-11-28T15:13:19.145Z,5,SCREENSHOT:CAPTURE:IMAGE,17,1719
88510,Workspaces - Allow each workspace to have a custom Start Page,XenonBlu,2023-07-01T02:57:16.848Z,5,WORKSPACES:START PAGE:SPEED DIAL,1,201
87473,add a hotkey for "Move to Workspace" for tabs/groups,Neras,2023-05-31T13:23:10.771Z,5,WORKSPACES:TABS:WINDOW,3,220
30768,Function to Reload Bookmark Icons,tehstoni,2018-10-02T12:36:24.663Z,5,ICONS:IMPORT:BOOKMARKS:BOOKMARKS BAR,2,739
86334,Improve automatic choice of translation language,vicodin,2023-04-29T15:21:01.228Z,5,TRANSLATE,7,262
85181,Rebuild Move Tab/Workspace tab menu,Gregor,2023-03-28T17:19:34.600Z,5,WORKSPACES:USER INTERFACE:TABS:MENUS,2,194
48616,Menu edit sync.,EvilSpark,2020-06-29T10:57:55.507Z,5,,3,89
85217,Option to place the Workspaces icon at far right of the tab bar,g_bartsch,2023-03-30T00:50:24.122Z,5,WORKSPACES:TABS:ADDRESS BAR:USER INTERFACE,25,1599
70820,Option to open external links in Vivaldi web apps,JSeb,2022-01-12T21:35:39.138Z,5,,3,185
56209,Revert New tab position behaviour changed when opening from pinned tabs,militzer,2021-01-31T10:33:16.983Z,5,TABS,3,139
62605,Stacking of Panels or Grouping of panels,EaZy5D,2021-06-14T23:42:57.691Z,5,,3,364
82008,Show Web Panel Page Title in Toolbar Editor,Pesala,2022-12-15T08:41:18.433Z,5,TOOLBARS:PANELS:USER INTERFACE,2,157
52501,File chooser,chuang1313,2020-11-02T21:34:05.073Z,5,,5,470
52792,Ability to toggle CSS  JavaScript  Referrers on/off,FatProtea,2020-11-09T02:15:21.570Z,5,SETTINGS,4,486
37446,Support Face Gestures,Pesala,2019-05-16T22:05:35.979Z,5,ACCESSIBILITY,18,1249
80601,New option to group multiple reading list,davidhuang9987,2022-10-30T05:35:07.332Z,5,READING LIST,1,153
53895,access Synced Tabs via keyboard shortcut,mdm67,2020-12-04T17:33:11.881Z,5,SETTINGS,7,190
68120,More customization for Group Tabs (Like in Microsoft Edge),HarrysXP,2021-10-30T12:19:28.472Z,5,TABS,3,216
25185,Open History Panel Items with Single Click,CheVe11e_191,2018-02-18T09:23:10.628Z,5,HISTORY PANEL:PANELS,10,1210
76952,Support Firefox Extensions,AltCode,2022-06-22T16:49:08.390Z,5,WILL NOT DO,12,1231
78423,Stop the find bar (ctrl+f) from moving page content,Aelius,2022-08-15T00:13:07.655Z,5,,11,257
78192,Search engine panel you can send selected text to,rajpalan,2022-08-09T22:30:19.990Z,5,PANELS,8,334
75178,Address bar suggestion to include high level site address,toddgreve,2022-05-10T00:03:56.082Z,5,ADDRESS BAR,6,281
39374,Keep tabs selected after we "ungroup tab stack"...,TsunamiZ,2019-08-12T11:42:00.422Z,5,,3,128
75289,Folders\Groups for Extensions,ADMlNlSTRATOR,2022-05-13T05:52:46.502Z,5,SETTINGS,1,126
63780,Command Chains Nickname,kyu3a,2021-07-09T14:16:37.892Z,5,,6,238
32948,Opening new page using Start Page,Gregor,2018-12-11T20:58:35.237Z,5,TABS:START PAGE,10,610
74093,Control Video Quality Setting,Pesala,2022-04-10T19:04:54.480Z,5,SETTINGS,1,202
27424,Increase the Range for Default Zoom,rojaviv,2018-05-15T18:21:43.659Z,5,ZOOM:WEB PAGES:SETTINGS,4,883
36374,Add stack to bookmarks with a specific name,Kaosce,2019-04-09T07:18:06.304Z,5,BOOKMARKS:TAB STACKS,5,340
57854,SVG for Bookmarks Thumbnail,F1r3L0rd,2021-03-07T01:01:19.229Z,5,BOOKMARKS,6,176
39501,Select which UI animations to disable,relu84,2019-08-19T11:36:20.016Z,5,SETTINGS,2,377
39725,Better distinction of headlines in the www and history panel,Gregor,2019-08-27T20:57:49.077Z,5,HISTORY:HISTORY PANEL:PANELS,8,614
71597,'Send to Your Devices' history,MoosMas,2022-02-04T15:38:39.018Z,5,,1,141
37738,Keyboard shortcuts for enabling/disabling extension.,zaxonxp45,2019-05-28T20:46:36.231Z,5,SETTINGS:KEYBOARD SHORTCUTS:EXTENSIONS,7,846
67631,Discord support for panel,Quinlan,2021-10-17T06:16:09.886Z,5,,3,299
59415,Add a slider for blur strength,Hadden89,2021-04-10T05:07:05.496Z,5,THEMES,2,143
67604,Download panel - path display,chrispap,2021-10-16T09:40:55.895Z,5,PANELS,3,172
69800,Setting to choose font for emoji,maxoku,2021-12-11T11:48:20.591Z,5,SETTINGS,1,117
69788,Continued MV2 Extension support,hackwizard,2021-12-11T04:12:37.665Z,5,,1,227
69297,Fullscreen Browsing (aka Kiosk Mode),SaranSDS008,2021-12-03T13:08:03.361Z,5,TABS,6,556
62283,Add transparency feature to title bar,Mohammad2021,2021-06-10T23:08:40.266Z,5,THEMES,3,359
24644,Bookmark Manager like Opera 12 or Classic Chrome,bionioncle,2018-02-03T18:19:33.099Z,5,BOOKMARKS,4,654
65278,Customise keys for scrolling up or down with keyboard,mouravieffantiableism,2021-08-15T00:50:11.207Z,5,SETTINGS,16,2827
67313,Add shortcut to vivaldi://translate-internals/ in Settings,dude99,2021-10-09T06:40:03.494Z,5,SETTINGS:TRANSLATE,1,122
46393,Add "Open when finished" option for download,pryley,2020-04-28T18:09:03.337Z,5,,4,117
66544,Text search in Search panel,factory17,2021-09-20T10:08:55.236Z,5,PANELS,1,89
65520,Option to block ads but not trackers,borouhin,2021-08-22T20:00:36.541Z,5,,1,95
64963,Accordion tab stack indicator is too hard to see when accent color and background color are similar,ariberkowitz,2021-08-07T03:55:22.860Z,5,TABS,1,116
24198,Command for Play Animations,Pesala,2018-01-31T09:58:13.194Z,5,SHORTCUTS:ANIMATIONS,3,662
64270,Rounded context menu and icons,joaomascarenhas,2021-07-22T20:58:33.628Z,5,,2,240
63903,🚩Place recycle bin "delete all" from bottom to top🚩,stardepp,2021-07-12T14:12:21.542Z,5,TABS,5,190
64252,Support multi-languages webpage translation,dude99,2021-07-22T14:57:25.676Z,5,TRANSLATE,1,120
33772,Option to Move Menu Button,gigel2007,2019-01-11T20:02:07.415Z,5,SETTINGS:MENU:BUTTON,5,638
29801,Make Resizing of Vertical Tab Bar Independent for each Window,Tinsmith,2018-09-05T07:07:24.307Z,5,TAB BAR:VERTICAL:TABS,2,517
63010,Please add a bit of redraw delay for drag & drop tab highlighter,dude99,2021-06-22T07:16:11.439Z,5,,2,140
45441,Always open links in new tab from speed dial,Hadden89,2020-04-03T16:59:53.711Z,5,BOOKMARKS,4,250
46139,The "session only" privacy setting should also be available for "Closed Tab" and "Download History",Durango,2020-04-24T08:07:53.434Z,5,SETTINGS,6,179
60981,Quick Commands in Address Box,zhangdl,2021-05-12T14:51:03.697Z,5,ADDRESS BAR:QUICK COMMANDS:SETTINGS,3,233
60930,Ability to add custom name for Image Capture,NedAb,2021-05-11T14:41:20.260Z,5,CAPTURE,1,167
34077,Aero Compatibility,sonicsu10,2019-01-24T09:56:51.564Z,5,WINDOWS:GUI,4,915
45815,Emphasize loading state,kklepper,2020-04-17T19:44:19.801Z,5,ADDRESS BAR,8,453
60357,Tab Stack | 2 Level Positioning,Zalex108,2021-04-30T16:13:18.763Z,5,TABS,19,584
41978,link to MacOS Keychain/Siri suggestions,kskuddi,2019-11-07T08:20:05.377Z,5,,2,206
58875,Configurable notification sound per tab/domain,VoodooPriest,2021-03-27T18:19:42.443Z,5,TABS,1,65
57925,Keep bookmarks bar folders open after editing or dragging entries to reorder,ScribeUK,2021-03-09T14:18:55.392Z,5,BOOKMARKS BAR:BOOKMARKS,1,213
38064,Nicknamed search engines for Vivaldi features (browser history  open tabs  etc),tanamraam3714,2019-06-11T20:58:35.483Z,5,NICKNAMES:QUICK COMMANDS:ADDRESS BAR:SEARCH ENGINES,3,693
24320,Links opened in a new tab should inherit the zoom setting of the parent,ghpy,2018-01-31T19:55:00.913Z,5,ZOOM:TAB ZOOM:TABS,13,1318
56140,Full Width Address Field Drop-Down,debiedowner,2021-01-30T02:00:39.178Z,5,ADDRESS BAR,9,218
56953,Force internal PDF viewer,ryofurue,2021-02-14T06:36:11.677Z,5,,1,83
56810,Search in notes content from the panel,Hadden89,2021-02-11T06:49:15.216Z,5,PANELS,9,211
56710,New Layered Tabs needs to add a visible attribute to the body class,drannex42,2021-02-09T08:09:55.341Z,5,TABS,4,345
55279,New tab position - As first tab,pepitosbesseguti,2021-01-08T18:34:01.579Z,5,TABS,1,97
44519,Options to Copy Link  E-Mail Link  Share  Send Tab to Device,jsheridan,2020-02-28T00:04:34.242Z,5,ADDRESS BAR,9,321
53988,Make parent bookmarks bold when choosing a bookmark location,matt101,2020-12-07T12:05:31.995Z,5,BOOKMARKS,3,125
53874,Context-sensitive shortcuts and mouse gestures,jumpsq,2020-12-04T09:58:32.842Z,5,,3,135
52998,Touchscreen back and forward gestures,loopernow,2020-11-14T16:29:48.572Z,5,,1,385
36122,Bookmarks bar right click menu  command to "sort alphabetically once"...,TsunamiZ,2019-04-02T09:02:38.681Z,5,BOOKMARKS:SORT,2,353
51860,Highlight modified shortcuts in the Keyboard Settings,Stardust,2020-10-18T01:12:00.963Z,5,SETTINGS,1,51
51598,petition to add a website time tracker,mizouniihichem,2020-10-13T21:37:13.419Z,5,,5,278
51319,Auto PiP on scrolling,komga,2020-10-02T21:45:54.913Z,5,POP-OUT VIDEO,1,268
51083,Media keys received in panels,gmetais,2020-09-25T07:56:14.743Z,5,PANELS,1,78
50736,Trigger Break Mode when Vivaldi Timer runs out,zeitsparen,2020-09-14T17:21:40.059Z,5,SETTINGS,6,181
48262,Option to auto collapse bookmark folders in sidebar.,RandPC,2020-06-18T19:46:08.600Z,5,BOOKMARKS,2,201
50013,An option to Fuzzy Find with Quick Commands,SkyaTura,2020-08-25T01:44:22.188Z,5,,2,163
49934,Click PiP window for Pause/Play,Poto,2020-08-22T13:02:38.237Z,5,POP-OUT VIDEO,2,183
49477,Vivaldi settings and configuration,jjsanchez46,2020-08-05T21:39:19.810Z,5,SETTINGS,4,455
48896,Can Vivaldi History be sorted by date the tab was closed?,mpierce,2020-07-10T22:53:38.398Z,5,PANELS,5,135
48639,Remember last used theme,Hadden89,2020-06-30T07:05:34.659Z,5,THEMES,3,110
46729,Monochrome Icons,otto,2020-05-07T00:24:26.503Z,5,PANELS,4,208
25108,Extensions to Speed Dial,mentat,2018-02-15T14:39:50.080Z,5,SPEED DIAL:EXTENSION:BOOKMARKS,3,749
24527,Emoji keyboard,dominicw2,2018-02-02T10:46:19.671Z,5,KEYBOARD,26,4516
46584,Search by Image,matiasmovie,2020-05-03T02:13:54.273Z,5,,1,175
46575,Indicator for download state,jumpsq,2020-05-02T18:19:14.554Z,5,,2,225
46006,Option to make the clock bigger,vivaldiadmin,2020-04-22T19:22:37.744Z,5,SETTINGS,5,144
27977,Easier way to Reopen Closed Window from Trashcan,dude99,2018-06-13T10:09:32.593Z,5,TRASHCAN,5,1347
44889,Access the Clock features even when Vivaldi is minimized,Ornorm,2020-03-13T20:24:16.714Z,5,,5,124
43172,Enhance reader for PDF  epub  and other book formats,skyafs,2019-12-31T18:55:06.083Z,5,,5,309
26393,Add folder option to Bookmark Panel/Manager items,ozoratsubasa,2018-04-02T00:17:40.083Z,5,BOOKMARKS,9,1584
42310,Improve spatial navigation,jumpsq,2019-11-22T00:35:53.978Z,5,,4,181
42003,Keyboard command for invert filter,Catweazle,2019-11-08T10:42:53.372Z,5,,7,266
41114,Disable all extensions,stardepp,2019-10-03T09:55:13.221Z,5,,11,1461
41104,Allow changing checkbox state in a note when in view mode,[[global:former-user]],2019-10-02T20:35:53.192Z,5,PANELS,1,101
18487,Filters for Visual Impairment,pettrer,2017-07-06T06:34:40.712Z,5,PAGE ACTIONS,3,1424
39190,Switch profiles from Quick Commands,Llamanerds,2019-08-01T20:49:16.158Z,5,PROFILES:QUICK COMMANDS:SETTINGS,1,276
38684,Add new bookmark to bottom of folder instead of top when drag & dropping,amasokin,2019-07-06T22:21:40.706Z,5,BOOKMARKS:BOOKMARK FOLDER,3,501
38270,Add otpion for user data encryption (especially notes / bookmarks) instead of keeping them as plain text,ROTFL,2019-06-20T12:59:33.797Z,5,NOTES:BOOKMARKS:PRIVACY AND SECURITY,1,302
34377,Image viewer enhancements,Nekomajin,2019-02-06T19:31:55.289Z,5,ZOOM,7,933
37580,History of Recently Saved Bookmark Locations,bullibulli,2019-05-21T23:51:29.925Z,5,BOOKMARKS,2,213
37328,Show hovering zoom percentage if status bar is set to hover,cst0827,2019-05-13T07:51:07.309Z,5,GUI:STATUS BAR:HOVER,1,385
36643,Option to open all bookmarks in a folder in the bookmark menu,Blubbeh,2019-04-17T21:39:52.070Z,5,BOOKMARKS:MENU,10,1124
36254,Browser Robotization & Automation,dies_felices,2019-04-05T00:36:51.949Z,5,PROFILES,13,2180
36368,Open new link outside of tab stack,terrdavis,2019-04-08T21:12:32.177Z,5,TAB STACKS:SHORTCUTS:TABS,4,762
36351,Show Title & URL when mouseover on Rewind/FastForward buttons,dude99,2019-04-08T08:39:33.204Z,5,TOOLBAR:TOOLTIPS,2,457
36097,Paste as plain text by default,Gregor,2019-04-01T17:10:08.098Z,5,SHORTCUTS:SETTINGS,6,373
33796,Apply Speed Dial Background Image with Drag 'n Drop,Hadden89,2019-01-13T15:45:05.050Z,5,BOOKMARKS:DRAGANDDROP:BACKGROUND:START PAGE,4,705
35037,Search in history searches PAGE CONTENT of cached pages.,dskfjl3jlrjl,2019-02-27T16:40:50.075Z,5,HISTORY,3,513
34455,Tab stack list preview,mivanit,2019-02-08T04:11:04.318Z,5,TAB STACKS:TABS,3,481
34478,Option to Auto Expand New Tab Stacks in the Window Panel,stewshka,2019-02-08T16:05:12.879Z,5,SETTINGS:TAB STACKS,2,301
34189,Marquee scroll for tabs playing media,LonM,2019-01-29T14:51:05.165Z,5,TABS:AUDIO:ANIMATIONS,3,563
32952,Show Extender Menu if Tabs do not Fit the Tab Bar,Gregor,2018-12-11T21:39:19.418Z,5,TAB BAR:BUTTON:TABS,6,631
32846,Allow Different Color for Active Tab,Vivipop,2018-12-08T16:50:21.863Z,5,THEMES:TABS,3,552
29917,(Optional) Widgets bar,Ornorm,2018-09-09T18:43:32.707Z,5,TOOLBARS,22,2756
29609,Theme Vivaldi Through Configuration File,KnobBlob,2018-08-25T23:25:56.018Z,5,THEMES,2,649
30086,Hide Scheme (http/https) based on displaying the full address,hentioe,2018-09-16T06:39:06.835Z,5,ADDRESS BAR,2,670
29690,Customize default Wikipedia search depending on installation language,ROTFL,2018-08-30T08:02:29.740Z,5,SEARCH ENGINES:LANGUAGE,9,1057
29709,Add Tab Context Menu Entry "Close Tabs by Host",npro,2018-08-31T10:52:41.817Z,5,CLOSE TABS:TABS,4,636
28611,Web Panel Manager,kyu3a,2018-07-11T13:20:57.732Z,5,PANELS,3,806
27564,Treat Tab Stacks as One Tab when Scrolling,n.i.c.k,2018-05-21T22:31:31.011Z,5,SCROLLING:TAB STACKS:SHORTCUTS:TABS,6,1298
27435,Web Panel Search with Results Opening in a Tab,mypointofview,2018-05-15T22:54:16.474Z,5,PANELS:SEARCH:NEW TAB,3,1424
27358,Save Selected Windows as a Session,digitrance,2018-05-12T19:15:54.421Z,5,SESSIONS:WINDOWS,2,875
25616,Next/Previous Arrows in Speed Dial,solidsnake,2018-03-03T16:59:41.012Z,5,SPEED DIAL:NAVIGATION:BOOKMARKS,2,885
25398,Option to Open a Page Automatically in Incognito Mode,ric54321,2018-02-23T17:03:48.946Z,5,PRIVACY,1,567
24410,Save and Restore Size and Position of Every Window in Saved Sessions,viava,2018-02-01T12:22:25.674Z,5,SESSIONS:WINDOWS,3,1480
25106,Greyscale Theme for All Extension Icons,yes.aravind,2018-02-15T14:04:05.058Z,5,THEMES:ICONS:EXTENSION,3,952
24711,A new kind of bookmark that actively saves your place in browsing,TyrianMollusk,2018-02-05T12:20:56.358Z,5,BOOKMARKS,3,597
24628,Middle-click on Bookmark Bar Subfolders to Open All,eXzentrik,2018-02-03T13:13:10.015Z,5,BOOKMARKS BAR:MIDDLE-CLICK,1,653
24496,Easy removal of remembered form logins / passwords / inputs,ROTFL,2018-02-02T00:17:34.556Z,5,PRIVACY AND SECURITY,2,637
24458,Speaker Icon Appearance with Animations Disabled,CheVe11e_191,2018-02-01T20:47:06.240Z,5,ICONS:ANIMATIONS:GUI,1,901
65839,Open Bookmark in Another Profile,glassich,2021-08-31T23:21:34.643Z,4,BOOKMARKS,3,171
65839,Open Bookmark in Another Profile,glassich,2021-08-31T23:21:34.643Z,4,BOOKMARKS,3,171
101373,When using the Quick Commands panel to use a search engine  provide suggestions similar to the address bar,jordyvd,2024-09-24T00:20:31.214Z,4,QUICK COMMANDS:SEARCH,1,56
77452,Create note from selection -> use highlighter links,WildEnte,2022-07-09T18:23:43.079Z,4,,7,244
94006,Bring back the delete button for "Open saved Sessions" window,Irontiger,2024-01-04T13:19:04.695Z,4,WINDOW:SESSIONS,18,686
84287,How about a Mouse Gesture for tab stacking?,RasheedHolland,2023-02-27T15:01:48.556Z,4,TAB STACKS,42,1511
89116,PIP can double-click to play in full screen.,Poto,2023-07-27T05:47:16.624Z,4,MEDIA,7,315
68601,Oversize Vivaldi Popup Translator need better accessibility,dude99,2021-11-15T08:15:51.239Z,4,TRANSLATE,12,547
98785,Automatic sync of notes with local folder (Obsdian & Joplin sync),lydiam,2024-06-21T19:19:53.423Z,4,NOTES,2,155
90587,Allow workspaces to be organized in folders,totkeks,2023-09-14T21:52:48.029Z,4,WORKSPACES:USER INTERFACE,12,479
99480,Workspaces: Improve Backup/Restore Functionality and separate from Sessions,myrmur,2024-07-15T19:32:00.715Z,4,WORKSPACES:USER INTERFACE:SESSIONS,1,81
96327,`Ctrl-Z` to undo bookmark deletion  moving  and edits  plus restore functionality,rzjnzk,2024-03-23T04:01:28.875Z,4,BOOKMARKS,4,184
95332,"Open in New Window button" to Workspaces list [Feature Request],kHellstr,2024-02-21T11:43:01.428Z,4,WINDOW:WORKSPACES,3,170
60209,Display Title Before URL in Dropdown,Geniusak,2021-04-28T18:08:17.380Z,4,ADDRESS BAR,4,202
97532,Implement Missing Setting Syncs,brooksvb,2024-05-02T18:44:00.767Z,4,SYNC:SETTINGS:KEYBOARD SHORTCUTS:QUICK COMMANDS:COMMAND CHAINS,3,158
87492,Dark mode detection is now supported on Linux.,XLN,2023-06-01T09:31:49.186Z,4,USER INTERFACE:THEMES,11,1005
98277,Whitelist cookies NEVER to delete,S_Paternotte,2024-05-29T09:14:44.888Z,4,COOKIES:PRIVACY AND SECURITY,5,243
70736,Notes Rework: Side-by-Side view,jumpsq,2022-01-10T09:57:11.322Z,4,,3,138
85677,Show tabs from current window only in Window Panel,maryasaul,2023-04-16T17:04:04.383Z,4,WINDOW:TAB BAR:TABS:TOOLBARS:SETTINGS:PANELS:NAVIGATION,6,323
96628,Quick Command Translucent Display,Poto,2024-04-03T07:29:33.079Z,4,QUICK COMMANDS,2,97
77553,Deny WEBP format checkbox!,hifive,2022-07-14T02:25:16.914Z,4,SETTINGS,38,1632
95840,Permament split view?,GregEm,2024-03-07T11:15:52.960Z,4,TAB BAR:TAB STACKS:TABS,6,470
86267,Colors for Tabs/Tab Stacks,DRYN,2023-04-28T10:17:51.067Z,4,USER INTERFACE:THEMES:TABS:TAB STACKS,7,320
90831,Find in link text,zerofk,2023-09-22T13:59:50.344Z,4,KEYBOARD SHORTCUTS:NAVIGATION:SEARCH,6,305
56702,PDF functionality w/highlighter,rxp1970,2021-02-09T03:53:05.766Z,4,,8,1095
93405,Show workspace names in taskbar and workspace icons as overlays on Vivaldi taskbar icon on Windows/Linux,alexander.gorbovets,2023-12-15T16:15:14.952Z,4,WORKSPACES:USER INTERFACE:WINDOW,2,184
93295,"Mark as Read" button directly on Mail Notifications in Windows,dalinar,2023-12-13T12:14:01.590Z,4,USER INTERFACE,3,129
88630,Thoughts on Notes  Tasks  and the vjournal component of iCalendar RFC 5545,WildEnte,2023-07-05T23:08:46.687Z,4,NOTES,2,481
79048,Show "Clear all" option at top of Closed Tabs,alffla,2022-09-03T09:56:54.645Z,4,TABS,2,131
86291,Shared tab between workspaces,psyafter,2023-04-28T17:07:39.731Z,4,WORKSPACES:TABS,3,152
68329,Omnibox api support,vincerv,2021-11-06T08:32:44.473Z,4,ADDRESS BAR,11,966
66640,Add Ability to Rename Tab Stacks in Chain Commands,Cakeman3300,2021-09-22T12:04:26.596Z,4,TABS,7,383
90237,Enable Tab Stacks as Child Tabs Under a Pinned Tab,gustavotrott,2023-09-03T19:21:49.469Z,4,TAB STACKS:TAB BAR,10,490
62646,[macOS only] 2FA codes propose like Safari,voicemorpher,2021-06-15T13:31:27.335Z,4,MACOS,4,388
54291,Button for exit from full screen videos,alexvis2020,2020-12-11T20:16:04.904Z,4,SETTINGS,26,1123
74631,"Copy URL" button,emvaized,2022-04-22T00:03:54.115Z,4,ADDRESS BAR,34,1803
85714,Move Tab Stack to Workspace in "Windows Panel",glx,2023-04-18T07:57:11.570Z,4,WORKSPACES:TAB STACKS:TAB BAR,4,227
88463,Workspaces - See all spaces at once all the time,supersonicsongbird,2023-06-29T06:43:45.382Z,4,WORKSPACES:TABS,5,229
87537,Color code for window titles in different workspaces,grouzdev,2023-06-02T08:40:35.593Z,4,WORKSPACES:TAB BAR:WINDOW,1,119
86509,Select Profile per Workspace,redrock,2023-05-04T06:49:08.053Z,4,WORKSPACES:PROFILES,1,200
86442,Skip Start page when scrolling Workspaces,apetrov,2023-05-02T08:35:12.451Z,4,WORKSPACES,5,180
85738,Allow hiding the main window if all tabs are moved into workspaces,mscha,2023-04-18T11:48:18.624Z,4,WORKSPACES,4,145
82754,Trash bin: Place recently closed windows first,ryofurue,2023-01-10T02:50:06.851Z,4,TABS:USER INTERFACE:TAB BAR:WINDOW,5,223
85356,List Workspaces in Quick Commands results,g_bartsch,2023-04-04T20:52:26.561Z,4,WORKSPACES:TABS:QUICK COMMANDS,3,187
85175,Tabs thumbnails in workspaces list,Gregor,2023-03-28T17:07:38.109Z,4,WORKSPACES:TABS:USER INTERFACE,2,148
85179,Notification about the number of other workspaces,Gregor,2023-03-28T17:14:23.493Z,4,WORKSPACES:USER INTERFACE:TOOLBARS,1,109
84627,Different application icon for different profiles,nathanchere,2023-03-09T23:18:06.428Z,4,WINDOW:PROFILES:USER INTERFACE,1,232
64172,When a note is connected to a URL "pop" the note message when you visit that page,YaronElh,2021-07-20T08:50:32.645Z,4,,2,88
83018,Command line support,hideli,2023-01-19T00:04:20.508Z,4,USER INTERFACE:SETTINGS,6,620
65137,We need animated GIF/image marker when animation looping is disabled/limited to once,dude99,2021-08-11T08:06:27.139Z,4,,4,206
82281,Export single bookmark folder,JohnnyJohnny,2022-12-22T11:22:52.091Z,4,BOOKMARKS,4,184
82151,Search across all open tabs,ProductUser,2022-12-19T00:35:06.852Z,4,USER INTERFACE:TOOLBARS:TABS:SEARCH:HISTORY:CAPTURE PAGE,1,279
65314,Vivaldi's Tab Stacking should be improved,RasheedHolland,2021-08-16T11:35:39.355Z,4,TABS,17,1018
65150,Right click "Show icon only",DV20Katana,2021-08-11T14:03:46.555Z,4,,6,154
69176,Random theme,Seasonly,2021-12-02T10:35:12.882Z,4,THEMES,3,210
56300,Add option "send to/copy to main window" in private window and add in non private window option "open tab in private mode",matiasmovie,2021-02-01T20:39:18.528Z,4,TABS,3,178
77530,Mouse Gestures for "Copy link under mouse pointer",windymelt,2022-07-13T11:17:13.539Z,4,SETTINGS,3,177
64758,Simple feature request: command line help,dedeco,2021-08-02T23:26:57.644Z,4,,2,92
79345,Support AVIF formatted images in themes,AltCode,2022-09-15T10:56:27.229Z,4,THEMES,6,308
71106,Ability to increase the depth of the bookmark drop-down,g_bartsch,2022-01-21T01:55:33.671Z,4,BOOKMARKS,11,393
78699,Transfer tabs and tab stacks between different profiles,douglascamata,2022-08-23T22:20:48.475Z,4,TABS,7,343
78211,Move always use HTTPS setting to security section,Ericlv13,2022-08-10T10:02:59.610Z,4,SETTINGS,2,87
77663,Add icon color picker to the standalone installer.,adriant,2022-07-19T05:19:27.217Z,4,,2,97
58141,Privacy Settings Master Switch,twoksdev,2021-03-15T11:27:02.380Z,4,SETTINGS,2,104
77346,Please Auto-hide extension to drop-down menu in split-screen with another app,Jainil2003,2022-07-06T05:30:45.916Z,4,ADDRESS BAR,3,218
66592,A fallback default language for the translator,RammsteinAM,2021-09-21T08:24:40.246Z,4,TRANSLATE,2,121
55778,Support for shortcut keys to merge multiple note items,Poto,2021-01-22T12:21:39.617Z,4,,6,279
76228,Reading List "Add Current Page" Button Position,Frunk,2022-06-07T07:03:25.702Z,4,SETTINGS,6,252
76075,Privacy panel,WildEnte,2022-06-04T10:34:42.374Z,4,PANELS,3,209
75878,Button containers/folders,AltCode,2022-06-01T18:09:05.448Z,4,TOOLBARS,3,159
62857,Manage scroll bar width,BangkokBob,2021-06-19T06:02:00.573Z,4,ACCESSIBILITY:SETTINGS,15,2243
69090,Make Empty Tab Stacks Possible,Gluonz,2021-11-29T23:05:17.380Z,4,TABS,8,320
65267,⚙ Settings modified Menu Customization export and or synchronize ⚙,stardepp,2021-08-14T15:08:02.005Z,4,SETTINGS,6,281
74555,Translate panel option to choose languages,grpvw,2022-04-20T09:18:24.972Z,4,PANELS:TRANSLATE,2,255
74087,New mouse gesture: Open Images in background,OctalVolt,2022-04-10T15:58:08.508Z,4,SETTINGS,1,59
70106,Protect cookies from removal,Grabol,2021-12-18T10:22:12.310Z,4,SETTINGS,13,527
57744,A Quick History on mouse ! (a floating history),Seasonly,2021-03-04T15:04:14.871Z,4,,2,232
61055,Ability to pin favicon for tab stack and not change it while switching between tabs inside,mihanentalpo,2021-05-14T04:01:24.067Z,4,TABS,2,206
71488,Allow changing theme from Quick Settings panel for Start Page,[[global:former-user]],2022-02-01T03:06:29.978Z,4,SETTINGS,3,120
67364,Opening from history in new tab by default,Gregor,2021-10-10T11:08:11.938Z,4,PANELS,11,461
53723,vivaldistatus.com as additional panel together with installation,derDay,2020-12-01T09:07:46.314Z,4,PANELS,4,122
61468,Detachable Panel Sidebar (Widget),ranggasan,2021-05-24T04:14:14.574Z,4,PANELS,3,173
72072,Reading mode in reading list panel/Reading list panel allow reading mode,FrankEr,2022-02-15T14:35:45.559Z,4,READING LIST:READER VIEW:PANELS,2,269
70636,Notes: Add "Sort by Date Modified" option,wtee,2022-01-06T16:51:20.286Z,4,,1,45
70525,Show detected language with automatic detection,Thescorb0,2022-01-02T03:41:04.636Z,4,,1,75
69469,Panel to view battery draining tabs (and delete them),Bohaska,2021-12-06T01:08:51.546Z,4,,5,196
69182,Put estimated time for download completion near the graph for downloading speed (otherwise it's not visible in popup window),ultrapoci,2021-12-02T11:38:48.644Z,4,PANELS,1,76
67697,For the find (by content) functionality in Notes  opening a result should highlight or scroll to the matched text,aronquemarr,2021-10-19T06:10:09.621Z,4,PANELS,2,96
67402,Can Translator remember the last choosen language?,echohelloworld,2021-10-11T06:57:52.979Z,4,TRANSLATE,1,80
67363,Remembering the position of scrolling notes,Gregor,2021-10-10T11:01:11.971Z,4,PANELS,1,68
55438,Sidekick-like sidebar,eparizzi,2021-01-13T10:57:08.933Z,4,TABS,16,1750
66780,Make labels global,WildEnte,2021-09-25T15:38:22.772Z,4,,4,147
65991,Domain based Accent color for Stack tabs by Host,dude99,2021-09-06T07:12:09.557Z,4,TABS,2,181
64777,Whitelist for "Hibernate background tabs",DRYN,2021-08-03T11:50:18.594Z,4,TABS,1,91
64016,Possibility to move bookmarks to the address bar - save space,Mufus,2021-07-15T16:52:27.124Z,4,BOOKMARKS,2,159
63977,More than one nickname in a bookmark,sdtbluethink,2021-07-14T10:23:02.315Z,4,BOOKMARKS,1,88
63935,Extension 'Enable on Click',otakuotaku,2021-07-13T06:31:59.311Z,4,SETTINGS,1,115
63900,vivaldi support for hiding the title bar,Poto,2021-07-12T13:28:18.344Z,4,,2,187
63420,Make it easier to add filter lists,TianlanSha,2021-07-01T11:30:44.479Z,4,,1,124
63172,Block sites to improve productivity,pq4u,2021-06-25T19:59:48.435Z,4,,4,156
63107,Drag and Drop Notes to Desktop,jdvernet,2021-06-24T11:52:34.867Z,4,PANELS,5,195
61259,Options in settings for where bookmarks go by default,FLInfinite,2021-05-18T18:45:51.721Z,4,BOOKMARKS,5,367
62310,It would be nice to have on status bar the current internet speed,josefermin,2021-06-11T06:52:54.750Z,4,,7,217
60928,Dark mode for error pages and chrome:// setting pages,c933103,2021-05-11T13:55:35.286Z,4,THEMES,6,523
60544,Some Google parts needs to be removed from Vivaldi.,Luxuri,2021-05-03T14:09:17.951Z,4,ADDRESS BAR,10,382
56364,Keyboard Shortcuts for moving tab in tab stack,legobuilder26,2021-02-02T22:06:52.597Z,4,TABS,2,110
58500,Desktop "Web Apps',gloruiousfly,2021-03-20T21:23:44.142Z,4,TABS,4,210
57572,group tabs to be horizontal and the second row tabs to be vertical.,molio,2021-02-27T07:40:40.940Z,4,TABS,19,540
56508,Preserve tab history when a link is opened in new tab,debiedowner,2021-02-05T14:44:46.039Z,4,,14,2850
57114,Add RAM/CPU usage to status bar,Odyssey346,2021-02-16T15:49:10.996Z,4,,7,178
56556,Navigation in PDF,HrvGui,2021-02-06T09:38:30.556Z,4,,2,111
56274,Keyboard shortcut to Copy as Plain Text,debiedowner,2021-02-01T11:50:59.406Z,4,,1,146
55452,Up/down arrow keys to be used for finding previous/next when the "find in page" text field is focussed...,TsunamiZ,2021-01-13T18:47:20.454Z,4,,1,67
55272,Hibernate Background Tabs button should be inside the Tab bar,dude99,2021-01-08T14:15:19.053Z,4,,1,144
54527,🔎 Extended Search engines drop down list 🔍,stardepp,2020-12-16T09:31:05.814Z,4,ADDRESS BAR,5,204
54097,Compact popup thumbnails,LupSpie,2020-12-09T04:11:31.130Z,4,TABS,1,77
53779,A separate section in side panel to send link  notes  files between devices.,AlokDebnath,2020-12-02T11:26:18.511Z,4,,3,84
53333,Blinking cursor (caret),invexx,2020-11-24T18:24:49.955Z,4,A11Y:ACCESSIBILITY,2,262
53066,Auto-load favicons to use as bookmark icons on speed dial page instead of pageshots,datdinhquoc,2020-11-16T22:25:05.284Z,4,BOOKMARKS,3,215
52812,💻 Bookmarks | Parent Sign,Zalex108,2020-11-09T12:12:15.101Z,4,BOOKMARKS,1,81
101962,Workspace specific Download folder,thinkeranddoer,2024-10-16T13:03:18.900Z,3,WORKSPACES,4,55
101962,Workspace specific Download folder,thinkeranddoer,2024-10-16T13:03:18.900Z,3,WORKSPACES,4,55
102615,Payment methods / cards - add space between every 4 digits,sirien.neiris,2024-10-31T14:31:55.605Z,3,USER INTERFACE:SETTINGS:PRIVACY AND SECURITY,1,25
102300,Mute a tab,duzers,2024-10-25T09:17:35.780Z,3,TABS:MEDIA,13,122
100433,Customize header/tab area like toolbar,sdtbluethink,2024-08-24T11:48:28.057Z,3,NAVIGATION:TAB BAR:USER INTERFACE:WINDOW,2,70
101817,Button for macOS native share menu on toolbar,maximvasiljev,2024-10-11T18:19:57.133Z,3,USER INTERFACE,6,73
102199,Arabic Language,wst8,2024-10-24T11:06:24.476Z,3,USER INTERFACE:PANELS:READER VIEW,9,95
102397,Dashboard sticky note: Ability to blur contents,mohamadeen,2024-10-26T21:34:21.173Z,3,START PAGE:DASHBOARD,1,39
102335,Custom color for "unread" notifications,mikewin,2024-10-25T15:12:04.013Z,3,PANELS:READING LIST:TAB BAR:TABS:USER INTERFACE,2,25
101900,Optimize Integrated Ad Blocker in vivaldi,wd1,2024-10-14T18:28:51.307Z,3,AD AND TRACKER BLOCKER,1,62
100551,Ability to see sub-folders of a searched folder when adding a new bookmark,enigma91,2024-08-28T23:26:51.153Z,3,BOOKMARKS,2,54
69024,Open all tabs from a synced device in the current window (probably in a stack),felagund,2021-11-28T08:49:42.732Z,3,,5,161
65403,Include Bookmark Description (if any) in Bookmark Tooltips!,hced,2021-08-19T08:42:18.012Z,3,BOOKMARKS,2,115
92521,Ability to Save a Workspace to a page of "Saved Workspaces" (similar to One Tab),dalinar,2023-11-15T20:39:46.461Z,3,WORKSPACES:TABS,6,256
94741,Tab Groups,cspotcode,2024-01-30T21:18:29.926Z,3,USER INTERFACE:TAB STACKS:SETTINGS,9,568
85735,REST notes API,danielp,2023-04-18T11:05:17.491Z,3,NOTES:DEVELOPER TOOLS:SYNC,5,396
88484,Refining Vivaldi's Extension Dropdown Interface,Boolean,2023-06-29T19:31:30.465Z,3,,10,451
84289,About the ''Reset Toolbar to Default'' command,RasheedHolland,2023-02-27T15:09:13.513Z,3,USER INTERFACE,16,653
61302,Toggle Tab Bar / Bookmark Bar visibility per window,paul1149,2021-05-19T19:04:10.926Z,3,SETTINGS,8,282
98917,Mail suggestion,jfarque,2024-06-25T16:38:49.630Z,3,NAVIGATION:PANELS:QUICK COMMANDS:USER INTERFACE:WORKSPACES,2,112
65160,Add an option to open quick commands searches in another tab INSIDE the current tab stack,ultrapoci,2021-08-11T20:06:31.567Z,3,TABS,7,194
97554,Change "Tile View" feature behaviour,ericknoleto,2024-05-03T13:29:20.913Z,3,PANELS:WINDOW,6,248
96523,Notes - save in editable markdown (in directory structure),Paulonso,2024-03-30T05:44:05.133Z,3,NOTES,2,134
98082,Turn on/off dark mode by right-click menu or the button of addressbar,kyu3a,2024-05-21T23:50:37.074Z,3,COMMAND CHAINS,2,136
93537,Merge toolbar and tab bar into single line bar,skorphil,2023-12-19T06:08:13.180Z,3,TOOLBARS:TABS:TAB BAR,8,863
97808,Delete Locally Downloaded Files,DarlingLee,2024-05-12T01:50:35.912Z,3,DOWNLOADS,17,462
66242,Keyboard Shortcut to Stack Tabs by Host,jinsight,2021-09-13T21:38:07.348Z,3,TABS,4,208
97689,[Window Panel] Close Tab Stack with Middle-Mouse-Button click,npro,2024-05-07T19:09:34.471Z,3,PANELS:SETTINGS:TAB STACKS:USER INTERFACE,4,202
73091,"Close other windows" option,algy,2022-03-16T11:54:37.907Z,3,,2,122
97692,[Window Panel] Add "Collapse all Tab Stacks" (menu entry),npro,2024-05-07T20:04:58.987Z,3,PANELS:TAB STACKS:USER INTERFACE,1,145
97688,[Window Panel] Make Window Panel independent,npro,2024-05-07T19:07:38.820Z,3,PANELS:USER INTERFACE,1,153
64121,Add music in the background,RecentForce99,2021-07-18T20:54:13.458Z,3,SETTINGS,4,255
56190,Undoing unwanted or accidental settings changes...,TsunamiZ,2021-01-31T01:21:40.541Z,3,,5,156
96353,Reduce waste of energy and SSD lifespan,amunoto,2024-03-24T10:37:08.540Z,3,SETTINGS:HISTORY:TABS,5,251
89922,Not to restore hibernated tabs just by opening them,daysofnil,2023-08-26T12:02:03.116Z,3,TABS:TAB BAR:TAB STACKS,3,164
93972,Showing workspaces' name instead of numbers,BobbyTech,2024-01-02T20:15:58.629Z,3,WORKSPACES:SETTINGS:QUICK COMMANDS,4,240
94691,"Back" function for the Start Page subfolder,phanex,2024-01-29T09:25:55.802Z,3,USER INTERFACE:START PAGE:SPEED DIAL:MOUSE GESTURES:NAVIGATION,4,305
92625,Better Autosave sessions,Gregor,2023-11-19T11:32:38.175Z,3,SESSIONS:PANELS,6,391
93849,Auto close tabs after inactivity / Inversion of Control,azaz44,2023-12-29T09:13:30.769Z,3,TABS:SETTINGS:TAB BAR:WINDOW,6,700
60068,Rightclick option needed WITH dialog for selection to folder,Dancer18,2021-04-25T16:51:54.193Z,3,,11,252
92907,Auto AI Tab Sorting and Grouping by Theme or  by User typed Request,Kinoesan,2023-11-29T11:16:51.375Z,3,USER INTERFACE:WEB PAGES:TABS:TAB STACKS:SETTINGS:QUICK COMMANDS:NAVIGATION,8,504
93542,Multi-login Feature Like on Wavebox,YuriiStaryk,2023-12-19T08:48:12.904Z,3,WORKSPACES:PROFILES,1,120
93365,An option to auto-hibernate workspaces when leaving them.,Whatthesac,2023-12-14T20:32:18.089Z,3,WORKSPACES,2,105
93361,hide some tabs from sync by labeling,srdgrb,2023-12-14T19:11:31.435Z,3,WORKSPACES:SYNC,2,126
93182,Mica support on windows 11,MohamedxSalah,2023-12-09T08:22:25.829Z,3,USER INTERFACE:THEMES,2,708
90567,Button to clear all notification boxes at once,dandeancook,2023-09-14T09:57:15.857Z,3,USER INTERFACE,3,142
92453,A suggestion:  Vivaldi-Lite,jkmooney,2023-11-14T00:58:48.198Z,3,USER INTERFACE,23,1134
92430,Adapt config of tabs  panel  address bar etc to aspect ratio of browser (style profiles),atomicFunkdog,2023-11-13T09:42:29.902Z,3,USER INTERFACE,7,226
92304,Make subsections of settings easier to access,felagund,2023-11-08T13:24:19.053Z,3,SETTINGS:ADDRESS BAR,2,127
85287,Custom Keyboard typing sounds,Zunikuu,2023-04-01T19:20:11.629Z,3,SETTINGS,4,7370
73737,Netflix Picture-in-Picture [NF PiP].,guigirl,2022-04-05T02:16:58.159Z,3,POP-OUT VIDEO,14,1271
91736,Tab move to group,sphera,2023-10-23T20:15:32.926Z,3,USER INTERFACE:TABS,14,430
63095,Send to device from tab context menu,Gonchi10,2021-06-24T06:18:51.117Z,3,TABS,14,634
90678,Bigger (or user variable) tab previews,MisterThackery,2023-09-17T17:22:30.291Z,3,USER INTERFACE:TABS,31,1250
90608,Display only pages visited  and not page views  in History,VividJ,2023-09-15T10:17:36.188Z,3,USER INTERFACE:PANELS:HISTORY,7,340
90275,Provide a keyboard shortcut for "Remove all finished downloads",Raindrops1,2023-09-05T05:20:17.648Z,3,,1,71
80583,Download Prompt with Download Again Prompt for PC,shriokun,2022-10-29T05:08:43.270Z,3,DOWNLOADS,7,792
83790,Infinite Canvas for Tabs,redrock,2023-02-14T14:35:13.321Z,3,USER INTERFACE:TABS,5,352
89829,Set vertical tab bar leftier than the panel bar,saduran,2023-08-22T20:30:35.225Z,3,USER INTERFACE:TAB BAR:PANELS,1,142
89685,Add a feature like Startup Boost,daysofnil,2023-08-17T17:03:17.586Z,3,SETTINGS:START PAGE,1,143
89634,Automatic tab suspension,BoaImpala,2023-08-15T23:15:26.154Z,3,WINDOW,2,134
85543,Fix for new function workspaces.,KoreshS,2023-04-12T10:45:34.841Z,3,WORKSPACES,6,480
88893,Clicking a workspace icon default effect,Rymdkejsaren,2023-07-16T06:47:38.186Z,3,WORKSPACES:MENUS:USER INTERFACE,4,168
66940,Allow to change Vivaldi icon,takaken930,2021-09-30T00:30:56.159Z,3,SETTINGS,6,566
86351,Highlight address bar domain name in pasted URL,FatProtea,2023-04-30T08:30:12.514Z,3,USER INTERFACE:PRIVACY AND SECURITY:ADDRESS BAR,3,202
66481,Open link as related tab stack in right click menu,morrows,2021-09-18T14:08:54.720Z,3,TABS,2,95
85815,Session | Workspaces | Add Replace Current Session,Hadden89,2023-04-19T06:06:29.550Z,3,WORKSPACES:WINDOW:SESSIONS:PANELS:SETTINGS,2,181
86979,Show Reading List in a Tab,Frunk,2023-05-16T19:07:36.314Z,3,READING LIST:WINDOW:PANELS,1,149
86899,Ability to only save tabs in workspaces,joejoetv,2023-05-14T14:53:01.111Z,3,WORKSPACES,1,104
86572,Word Wrap for Tab Titles On Vertical Tabbar,TheAMan006,2023-05-05T14:54:15.115Z,3,TABS:TAB BAR,3,127
86497,Add "Hover (Over A Link)" to the (Gestureless) Mouse Gestures,TheAMan006,2023-05-03T23:51:11.004Z,3,QUICK COMMANDS:MOUSE GESTURES:COMMAND CHAINS,1,131
63008,Allow highlight of bookmark folder by keyboard,ejiwl,2021-06-22T06:46:44.738Z,3,BOOKMARKS,14,288
75154,Omnibox Shortcut for extensions,mbartlett21,2022-05-09T06:41:58.595Z,3,ADDRESS BAR,4,302
86090,Add a config to disable all "reset to default" configs,eugenesv,2023-04-24T16:11:43.192Z,3,USER INTERFACE:WINDOW:DEVELOPER TOOLS:SETTINGS,7,326
84982,When the browser is set to startup with last session  have an option to leave all tabs hibernated initially,wonn,2023-03-21T19:31:42.881Z,3,TABS:SESSIONS,15,393
85822,Startup pages **per** Workspace,Brumpie,2023-04-19T07:33:54.196Z,3,WORKSPACES,1,135
79626,Make "Untile selection" command accessible from shortuts and chains,sirien.neiris,2022-09-25T13:59:20.459Z,3,USER INTERFACE:TABS:SETTINGS:MENUS:KEYBOARD SHORTCUTS:QUICK COMMANDS,3,190
85178,Rename default window entry in workspaces list,Gregor,2023-03-28T17:12:21.782Z,3,WORKSPACES:USER INTERFACE,1,123
84999,Vivaldi shouldn't sync "use native window" setting between different OS,silyneko,2023-03-22T09:20:09.233Z,3,WINDOW:SYNC:SETTINGS,1,98
84915,Paste images from your Ctrl+C into "drop file" boxes,LoadAmi,2023-03-19T04:16:46.684Z,3,MEDIA:PAGE ACTIONS:TOOLBARS,1,109
84467,Allow setting preferred markdown style for notes editor,Thescorb0,2023-03-05T11:18:23.771Z,3,SETTINGS:NOTES,1,96
69863,Add tabs to PWA view.,jbrazil,2021-12-13T01:26:11.829Z,3,PWA,4,265
83911,Show Tab Stack Name on Hover,dm12345,2023-02-17T13:35:14.464Z,3,TAB STACKS:SETTINGS,2,130
82325,More image formats supported when copying image to Clipboard,greasebr2,2022-12-23T16:50:09.093Z,3,USER INTERFACE:MEDIA:DOWNLOADS:MENUS,12,791
83513,Reading list in Home Screen?,mcastel,2023-02-04T12:44:58.920Z,3,USER INTERFACE:START PAGE:READING LIST,2,177
64712,Move tab to another group by right-clicking on the tab,matiasmovie,2021-08-02T03:23:56.244Z,3,TABS,5,180
82673,Auto PiP when switch on a different tab,winterskies,2023-01-06T16:39:34.390Z,3,TAB BAR:MEDIA,1,146
82520,Phone Hotlink support,thj,2022-12-31T09:29:03.492Z,3,WEB PAGES:USER INTERFACE:SPEED DIAL:PAGE ACTIONS:MEDIA:DEVELOPER TOOLS,2,284
82467,Automatically select search bar when opening bookmark side panel,renantmagalhaes,2022-12-29T10:30:03.727Z,3,PANELS:NAVIGATION:KEYBOARD SHORTCUTS:BOOKMARKS,2,158
81685,In-built Spotify player in side-panel,Rish7,2022-12-08T12:35:20.784Z,3,PANELS:MEDIA,1,160
69649,New Tab Stack with this Link (Link Context Menu),Manix,2021-12-08T23:21:49.684Z,3,TABS,2,91
81219,Disable colorful menu icon setting,kyu3a,2022-11-26T12:33:00.855Z,3,SETTINGS:THEMES,3,225
81076,Reading List: Option to Not Automatically Mark Items as Read,Geniusak,2022-11-20T19:40:23.904Z,3,READING LIST,1,108
80902,Allow tab stacks to have a fixed title and color,x1250,2022-11-12T23:32:07.689Z,3,TAB STACKS,4,276
80890,Introduce spacees in the Bookmark Bar,Catweazle,2022-11-12T12:25:29.311Z,3,USER INTERFACE:BOOKMARK BAR,6,244
76402,Open new window in Command Chains,fred8615,2022-06-09T20:29:02.263Z,3,COMMAND CHAINS,6,360
80554,🛡️Export Ad Blocker and Track Blocker Sources 🛡️,stardepp,2022-10-27T19:59:23.585Z,3,AD AND TRACKER BLOCKER:PRIVACY AND SECURITY,1,88
80008,Download status in...well...the Status Bar,s1s2,2022-10-09T09:22:15.257Z,3,STATUS BAR,7,365
79648,Command for expanding/shrinking tab bar,guodongan,2022-09-26T11:27:02.764Z,3,TAB BAR,3,189
79298,Allow hiding the bookmark and reader view icons from the address bar,1ikigai,2022-09-13T13:43:05.732Z,3,ADDRESS BAR,3,252
78971,Combination of Quick Commands and Bookmarks: User Experience Enhancement,Poto,2022-09-01T05:36:04.360Z,3,,5,177
67963,Add update notification and choose whether to accept update prior to downloading the updated version.,kwarnock,2021-10-26T07:06:10.413Z,3,SETTINGS,4,147
78311,Allow Copy to Note from Translate Panel,dude99,2022-08-12T07:06:49.690Z,3,TRANSLATE:NOTES,1,119
78083,Open links or bookmarks in other profiles,Paulsaid,2022-08-05T14:11:26.540Z,3,BOOKMARKS,5,223
78019,Give Site Permissions Until Certain Time,alexandercarpenter,2022-08-02T16:30:53.921Z,3,,1,69
56857,Marker for active tab & stacked tab in window panel,Bludenbuz,2021-02-12T04:19:17.195Z,3,PANELS,8,691
77816,Reader Mode Triggers Automatically,yogianon,2022-07-25T00:34:49.673Z,3,,5,349
74136,IRC Client like Opera 12,lukascarls,2022-04-11T19:08:34.016Z,3,,7,256
77545,option to directly edit hotkeys from "command chains" menu,GoldEEr,2022-07-13T20:20:34.256Z,3,SETTINGS,6,178
63232,Option "None" for saving History settings,xtech,2021-06-27T13:48:20.686Z,3,SETTINGS,15,404
75373,Capture page area in given ratio,sirien.neiris,2022-05-15T14:01:04.278Z,3,CAPTURE,5,336
77043,Syntaxe Highlighting URL,Catif8,2022-06-25T18:54:27.074Z,3,ADDRESS BAR,1,77
77014,Delete (selected) data on closing browser,ardea,2022-06-24T17:24:04.779Z,3,SETTINGS,1,61
76882,Suggested QOL Feature: Hovering over Address Bar displays URL when not fully visible,Cromfrein,2022-06-20T15:44:19.669Z,3,ADDRESS BAR,2,144
64589,Add hidden context menus for shift + right click,trippybicycle,2021-07-30T15:51:33.802Z,3,,2,94
76524,Please allow disabling syncing search engines per browser,Gort,2022-06-12T11:38:41.534Z,3,SYNC:SEARCH ENGINES:SETTINGS,1,204
75777,Install update WITHOUT relaunch,Hamclock,2022-05-30T15:38:13.321Z,3,,12,398
74966,Option to disable chromecast support,Lojcs,2022-05-02T20:14:45.733Z,3,SETTINGS,1,265
74829,Show tab-stacks as stacks in tab-cycler,grasgaute,2022-04-28T07:54:33.862Z,3,TAB STACKS:TABS,5,285
74800,Clear (or retain) translation history by origin/target language,clrush,2022-04-27T13:05:02.614Z,3,PANELS:TRANSLATE,1,155
73870,Option to make the mute button displayed on tabs as an icon.,xeratonin,2022-04-07T02:45:08.727Z,3,,6,186
74636,Disable the ping attribute on links,Thescorb0,2022-04-22T03:42:33.062Z,3,SETTINGS,1,98
73901,Customizable themes for Context Menu.,incognitogoom,2022-04-07T13:41:50.812Z,3,THEMES,1,101
69323,Quick tabs (FEATURE REQUEST),SaranSDS008,2021-12-03T17:08:27.998Z,3,TABS,5,202
88969,More choices for new tab position,jammaschan,2023-07-19T12:28:54.277Z,3,,8,377
68546,Add a theming panel,WildEnte,2021-11-13T09:31:34.845Z,3,PANELS,5,221
71168,Show Webpage's IP Address,brenji,2022-01-22T19:20:23.072Z,3,ADDRESS BAR,9,613
60460,Two line tab variation,Seasonly,2021-05-02T09:03:40.842Z,3,TABS,5,360
64492,Make it easier to access New Guest Window,valiowk,2021-07-28T18:18:43.298Z,3,,4,142
61767,Full screen support for dynamic interfaces,Poto,2021-06-01T18:02:53.948Z,3,,6,159
67371,Icon for detected PWA support,Maste,2021-10-10T15:02:49.796Z,3,TABS,2,113
71889,Auto Crop Black Borders in Picture-in-Picture Videos,Geniusak,2022-02-11T19:28:23.787Z,3,POP-OUT VIDEO,1,176
71859,Please import all Horizontal scrollbar new improvement to Vertical tabbar,dude99,2022-02-11T07:36:53.369Z,3,TABS,1,104
71811,Option to disable start page quick settings,Thescorb0,2022-02-10T10:37:24.547Z,3,SETTINGS,2,306
71395,Advanced Quick Commands,shifte,2022-01-29T09:38:34.851Z,3,,4,120
70158,Christmas decoration for Vivaldi,stardepp,2021-12-19T18:56:06.980Z,3,THEMES,1,129
65175,Enhance text contrast,kastal,2021-08-12T06:38:44.383Z,3,,6,595
56958,Extension bar with a drop-down menu  like Chrome [native GUI].,Pliex,2021-02-14T08:33:18.806Z,3,ADDRESS BAR,11,999
63654,Suggest better translation,pauloaguia,2021-07-07T06:19:47.992Z,3,TRANSLATE,9,305
68779,Dark theme for sites with exceptions,Stardust,2021-11-20T00:22:51.052Z,3,SETTINGS,2,126
68584,Feature Request: Allow custom status info overlay position,pryley,2021-11-14T17:19:19.738Z,3,,2,109
67859,Columns option for Reader View,jeremybickerstaffe,2021-10-22T21:14:52.729Z,3,,1,55
67422,tel://,ajaysanghani,2021-10-11T11:04:40.188Z,3,ADDRESS BAR,1,82
66793,Reduce or limit the length of certificate label in site info,koonkii,2021-09-26T00:25:08.709Z,3,ADDRESS BAR,3,106
67297,Hovering should show entire URL in address bar suggestions,danny2327,2021-10-08T19:19:54.436Z,3,ADDRESS BAR,2,186
63811,Quick command option at start + additional window commands,shoust,2021-07-10T00:36:58.086Z,3,,2,89
53055,Bookmark bar hover button.,JaximoTP98,2020-11-16T14:19:00.146Z,3,BOOKMARKS,5,307
66183,Theme for showing pages' source code should change too!,dedeco,2021-09-12T02:28:33.158Z,3,,3,111
65776,Mobile data access blocked media,Poto,2021-08-30T07:15:09.229Z,3,,4,129
65880,Quick commands chains: looping,defs,2021-09-02T09:48:18.932Z,3,SETTINGS,1,106
65660,feature request: Separation of Left key and Right key,shifte,2021-08-26T14:02:08.655Z,3,,1,68
56963,Hotkey for relaunch Vivaldi,Dancer18,2021-02-14T15:16:35.034Z,3,,54,2089
64852,Open File by drag and drop,africlubguy,2021-08-04T14:02:44.886Z,3,ADDRESS BAR,2,187
64713,more compact tab group hiding,matiasmovie,2021-08-02T03:26:33.310Z,3,TABS,1,169
64202,Decode escape character in url,ourostra,2021-07-21T05:54:35.164Z,3,ADDRESS BAR,13,540
63788,Find and replace in notes,code3,2021-07-09T14:55:28.638Z,3,,1,77
56927,For Vivaldi's interface text fields  make the text selection highlight use our theme's "highlight" color...,TsunamiZ,2021-02-13T15:40:33.111Z,3,,2,176
63028,SpeedDial | [Option] Reflow Labels in two (or more) rows,Hadden89,2021-06-22T14:41:55.171Z,3,BOOKMARKS,1,118
62943,Auto-discovery of search engines,jamescridland,2021-06-21T01:48:43.878Z,3,ADDRESS BAR,2,162
62568,Ability to use emoji for custom web panel icons,Foomandoonian,2021-06-14T13:47:16.782Z,3,PANELS,2,112
55076,Add "open panel in new tab" as button on expanded panel header toolbar,WildEnte,2021-01-02T13:35:48.909Z,3,PANELS,5,312
56487,Sync Decrypt password field - please add label "12 Characters minimum",Chrispy88,2021-02-05T07:05:47.921Z,3,SETTINGS,2,90
61293,Tab Stack Names in Quick Command Search,premwork,2021-05-19T16:57:46.873Z,3,TABS,2,84
61101,Animation for splash screen.,Knightmare101,2021-05-14T19:00:32.841Z,3,,5,114
60025,"Paste and Go" context menu option in text fields and search bars.,camemb3rt,2021-04-24T14:41:14.005Z,3,,2,85
60571,Notification panel or windows notification.,AdeurD,2021-05-03T20:15:42.330Z,3,,1,87
60015,Search and copy pop up right after selecting the text,EbrahimLodi,2021-04-24T12:22:30.997Z,3,SETTINGS,6,448
57709,Google suggestion results in first position right below the address bar,C2A,2021-03-03T12:49:08.904Z,3,RESOLVED:ADDRESS BAR,14,301
59370,Support for color schemes,oberkut,2021-04-08T17:47:37.983Z,3,THEMES,4,168
59266,Bouncy Tabs,Smoejoe,2021-04-06T01:01:09.700Z,3,TABS,3,194
56647,desperately need better tab management  especially on tab opening/closing,v0id,2021-02-08T02:08:04.769Z,3,TABS,9,267
58260,Address Bar navigation icons,martago,2021-03-17T12:55:00.350Z,3,ADDRESS BAR,1,127
58156,Synchronization of a group of tabs between browsers as a drop-down folder (cloud icon),matiasmovie,2021-03-15T16:51:31.827Z,3,TABS,1,42
57178,Option to invert Parent/Child column for 2 level stacking Tabbar,dude99,2021-02-18T08:14:38.830Z,3,TABS,1,113
56222,Feature to point out current tabs in two level tab stacking,noneoftheabove,2021-01-31T15:33:38.266Z,3,TABS,19,760
56734,Sidebar (side panel) resize panel and icon,oberkut,2021-02-09T16:50:08.916Z,3,BUG:PANELS,6,399
56831,Microphone icon on dark background optimization - Windows,Nirnic,2021-02-11T15:01:39.048Z,3,THEMES,4,101
56698,Tab Tiling Master-Detail mode (with video example),S0und,2021-02-08T22:15:56.824Z,3,TABS,13,315
56771,Favicons can be used as super tracking cookies: create flag to turn off requests & cachingfor them,janvangessel,2021-02-10T13:15:02.083Z,3,SETTINGS,5,224
56479,Take out ads space,AdeurD,2021-02-05T02:15:13.683Z,3,,3,244
56117,Close pinned tabs with shift+middle click,Stardust,2021-01-29T17:40:06.279Z,3,TABS,3,85
56096,Add a Menu Item to move current Tab to a Tab Stack,dpn,2021-01-29T12:04:25.646Z,3,TABS,1,75
55698,Make the desktop speed dials look like the android ones,arkas111,2021-01-20T05:02:45.421Z,3,,1,85
55200,Copy PNG Images with Transparency Layer,kraligor,2021-01-06T15:04:00.790Z,3,,4,141
54879,Option to Flip Videos Horizontally,Pesala,2020-12-25T20:48:33.637Z,3,,9,281
54781,Auto Hibernate Background tab stacks,joshinator414,2020-12-22T16:32:56.765Z,3,TABS,1,89
54284,Separate out settings that are tied together,valiowk,2020-12-11T18:23:11.553Z,3,SETTINGS,2,231
54608,Customized pin-mode for each website.,JaximoTP98,2020-12-17T22:29:38.736Z,3,PANELS,1,54
54130,Set keyboard shortcuts as arrow key replacements,luetage,2020-12-09T16:12:18.332Z,3,,1,60
53481,Allow dialogs and prompts in web panels,bimlas,2020-11-26T22:25:03.774Z,3,PANELS,1,58
52767,Mark part of text with color,dinodan,2020-11-08T15:03:41.729Z,3,,11,144
52723,Search Text in All Tabs (Using Indexing Engines Like ElasticSearch),neltherion,2020-11-07T11:44:19.623Z,3,,2,256
60581,Ability to support different default fonts for different languages,c933103,2021-05-03T23:19:35.756Z,3,SETTINGS,4,330
102732,Shortcut to 'Copy selected tabs links',Roccobot,2024-11-03T12:19:26.295Z,2,TABS:KEYBOARD SHORTCUTS,6,54
102732,Shortcut to 'Copy selected tabs links',Roccobot,2024-11-03T12:19:26.295Z,2,TABS:KEYBOARD SHORTCUTS,6,54
94567,Name of 'Workspace' in Window title,Totto,2024-01-24T17:49:20.214Z,2,WINDOW:WORKSPACES:TABS,6,359
102340,Make centre aligning of Speed Dial thumbnails optional,killchain,2024-10-25T16:37:20.416Z,2,SPEED DIAL,1,42
102313,Close all pages alert modal design,kiriakopoulos,2024-10-25T12:03:33.680Z,2,MENUS:PAGE ACTIONS:THEMES:WINDOW:USER INTERFACE,1,20
102176,Alphabetize  search engine list,mikeyb2001,2024-10-24T05:23:19.675Z,2,SETTINGS:USER INTERFACE:SEARCH,3,63
102087,Image panning/scrolling + maximizing to window,Gregor,2024-10-21T12:25:10.112Z,2,EXTENSIONS:MEDIA:PAGE ACTIONS:SETTINGS:WEB PAGES,2,44
102067,Mail Status Icon on Status Bar should be more informative,dalinar,2024-10-20T13:19:22.030Z,2,STATUS BAR,1,25
101972,The ability of the cursor to change to a ‘pointer’ (finger) when hovering over a speed dial bookmark,Gowk,2024-10-16T20:58:09.875Z,2,SPEED DIAL:USER INTERFACE:START PAGE,7,85
59501,Add support for the Touch Events Rec.,GBee,2021-04-12T08:20:48.697Z,2,,2,91
89155,Add support for navigator.keyboard.lock();,dhruva023,2023-07-28T12:31:12.320Z,2,WINDOW,22,852
101464,Private / Incognito as a Workspace property,RadekPilich,2024-09-27T14:43:16.078Z,2,WORKSPACES:PRIVACY AND SECURITY:COOKIES:HISTORY,1,51
87034,AI Empowered Vivaldi,ghostw4ve,2023-05-18T08:21:34.302Z,2,WEB PAGES:UPDATES:EXTENSIONS,29,3985
89374,make Vivaldi sessions stand alone  platform independent  portable files (.viv)  like Libre Office saves .ods spreadsheet files,johnvarellis,2023-08-05T14:06:40.035Z,2,WORKSPACES:TABS:TAB STACKS,7,295
101407,Remove Duplicate Tabs,JDub,2024-09-25T06:46:58.330Z,2,TAB BAR:TAB STACKS:TABS:USER INTERFACE,2,96
84835,Icons style as Vivaldi default,Heysup,2023-03-16T07:38:14.144Z,2,USER INTERFACE,7,217
101201,Prevent drop-down menu of address bar from disappearing after first click,symba05,2024-09-18T04:55:21.377Z,2,,4,87
84204,Need customized installer,Heysup,2023-02-25T02:51:15.713Z,2,USER INTERFACE,25,845
100945,Allow add keystrokes to command chain,victorwon,2024-09-09T14:55:35.559Z,2,COMMAND CHAINS,1,56
99805,GUI for certificate management - Frontend for certutil,marlinus,2024-07-27T19:52:43.226Z,2,PRIVACY AND SECURITY:USER INTERFACE,7,254
98099,Add prefers-color-scheme and prefers-reduced-motion to site settings,improvethebugreporter,2024-05-22T12:31:34.693Z,2,SETTINGS,2,111
100632,Show image context menu when there is a Background Image CSS property,LonM,2024-08-30T15:52:05.663Z,2,MEDIA:MENUS,1,53
100497,overview of sources should be resizable,derDay,2024-08-26T15:08:24.102Z,2,AD AND TRACKER BLOCKER,9,111
89994,Workspace icons visible on vertical sidebar,dermotmoconnor,2023-08-29T07:54:50.634Z,2,WORKSPACES,4,348
91134,Paste multiple URLs and open tabs for each one,alexander.gorbovets,2023-10-01T09:18:20.389Z,2,TABS:USER INTERFACE:TAB BAR:ADDRESS BAR:WORKSPACES,3,1200
99799,Native Windows Notifications for Push Notifications,ThomasCapella,2024-07-27T18:32:19.370Z,2,PAGE ACTIONS,1,61
94132,Launch with specific workspace or session,Vioner,2024-01-09T07:49:01.713Z,2,WORKSPACES:SESSIONS:SETTINGS,2,191
99620,Most recently closed tab should be displayed the closest to the trash can icon,stijnverslycken,2024-07-20T11:54:58.444Z,2,TAB BAR:USER INTERFACE,2,69
99618,Can you add an "update all lists button" ?,Ptitchat,2024-07-20T11:24:11.888Z,2,SETTINGS,1,45
99414,API that identifies which tab belongs to which workspaces,Raindrops1,2024-07-12T18:31:27.787Z,2,WORKSPACES:TABS:EXTENSIONS,1,74
81589,Show Adress Bar only when mail open,revers,2022-12-07T09:51:12.610Z,2,ADDRESS BAR,2,136
95200,Keyboard Shortcut: Switch to Last-Used Workspace,dalinar,2024-02-16T17:10:08.990Z,2,KEYBOARD SHORTCUTS:WORKSPACES,2,114
78310,Translate Panel History need better privacy improvement,dude99,2022-08-12T06:59:20.577Z,2,TRANSLATE:PRIVACY AND SECURITY,3,161
98314,Allow Chrome's Live Caption,ChimeraLove,2024-05-31T10:28:39.357Z,2,ADDRESS BAR:TRANSLATE:SETTINGS:MEDIA,11,647
98267,[Window Panel] Colorize Tab Stacks and their child tabs,npro,2024-05-28T23:56:16.551Z,2,PANELS:TAB STACKS:USER INTERFACE,15,511
98150,close button for quick close tabs in search tab result list(F2),bruceauyeung,2024-05-24T03:30:57.897Z,2,TABS,1,46
97161,Open new tabs from within a stack of pinned tabs outside of said stack,Anomalocaris,2024-04-24T17:30:08.258Z,2,TAB BAR:TAB STACKS:TABS:USER INTERFACE:SETTINGS,4,174
98086,External editor for notes,Mijaff,2024-05-22T07:36:20.880Z,2,NOTES,4,164
97683,Combine tab resizing and scrolling,pbb1972,2024-05-07T13:03:04.034Z,2,TAB BAR:TABS,2,119
97952,Disable scrolling between workspaces,Geniusak,2024-05-15T19:29:33.922Z,2,WORKSPACES,4,126
97912,Watch Tab feature: indicator for periodic reload tabs triggered by content change,WildEnte,2024-05-14T20:57:34.814Z,2,TABS:USER INTERFACE,2,146
97902,Bookmarks mouseover highlighting,IanSJohnston,2024-05-14T16:38:24.661Z,2,BOOKMARKS,2,83
97829,Automatic Reader View?,MylesRyden,2024-05-12T20:27:15.407Z,2,READER VIEW,3,142
97732,"Move tab to new Window" behaviour,ericknoleto,2024-05-09T11:22:11.944Z,2,TABS,1,83
97690,[Window Panel] "Click current tab to switch to last active tab" functionality,npro,2024-05-07T19:15:31.269Z,2,PANELS:SETTINGS,3,196
97693,[Window Panel] "Expand all Folders" (menu entry) should not include Closed Tabs,npro,2024-05-07T20:08:19.373Z,2,PANELS:USER INTERFACE,1,111
97020,Optional Display of Workspace Index Numbers,hommealone,2024-04-17T21:58:57.627Z,2,WORKSPACES:KEYBOARD SHORTCUTS,2,140
97672,Translation Tool: remember last translation,Sprbr,2024-05-07T08:36:50.858Z,2,HISTORY:TRANSLATE:PANELS,2,98
97656,List of cookies that cannot be cleared,Grabol,2024-05-06T17:00:55.221Z,2,COOKIES,1,103
97405,Memory Saver Shorter Idle Times,g_bartsch,2024-04-29T18:49:20.490Z,2,TABS:SETTINGS,13,324
83335,Reminders for The Reading List Please,brianrubin,2023-01-29T20:03:02.943Z,2,USER INTERFACE,6,163
97154,Window Panel: Tooltips (so that users can easily see the full Window Titles),dalinar,2024-04-24T13:32:32.270Z,2,USER INTERFACE:WINDOW:PANELS,1,75
97150,Assign specific keybinds to more tabs/panels/workspaces,esyriz,2024-04-24T10:51:08.507Z,2,KEYBOARD SHORTCUTS:TABS:PANELS,1,84
91745,Do not Prevent Turning of the Screen when a video is playing in a minimized Vivaldi window,kHellstr,2023-10-24T09:28:35.357Z,2,WINDOW:USER INTERFACE,2,138
97094,Include custom buttons also for command chains in Theme export/import,Dancer18,2024-04-21T12:48:53.501Z,2,ADDRESS BAR:THEMES:WORKSPACES:COMMAND CHAINS,7,234
96257,Custom Profile Templates,ericknoleto,2024-03-20T16:51:24.874Z,2,PROFILES,2,165
96934,Truly pinned tabs,sushusiji,2024-04-15T00:18:15.522Z,2,TABS,3,99
96923,RSS Feed "Open Article" be at the top of the view,Maehnenwolf,2024-04-14T19:30:05.133Z,2,READING LIST:READER VIEW:PANELS:USER INTERFACE,3,137
96748,Option to start vivaldi always as "private" (also when open link from other app),Dret,2024-04-07T08:25:23.803Z,2,PRIVACY AND SECURITY:SETTINGS,3,164
96632,Bootstrap a workspace from a tab,fokers,2024-04-03T10:31:10.158Z,2,WORKSPACES:TABS,1,70
56467,Make Alt Gr key allow gestures as well,bzzrak,2021-02-04T19:41:48.027Z,2,SETTINGS,3,112
96452,"Force a dark theme on all websites" should follow the browser's current theme,kaqqao,2024-03-27T21:34:57.711Z,2,SETTINGS:THEMES,1,119
96303,Shift + Refresh-Button in Adressbar should reload without cache (instead of open a new tab),prillian,2024-03-22T08:37:43.058Z,2,ADDRESS BAR,1,87
91488,Profile selection directly in Dock icon contextual menu [Mac OS],ironicmoka,2023-10-13T12:45:55.185Z,2,PROFILES,2,230
95719,Site permissions in alphabetic order,Nekomajin,2024-03-04T07:13:38.382Z,2,PRIVACY AND SECURITY:SETTINGS,1,72
94881,Option to disable on Chromecast (Desktop and Mobile),Rachot,2024-02-03T19:55:09.158Z,2,SETTINGS:PRIVACY AND SECURITY:MEDIA,4,308
95105,Super Drag feature from Cent browser,drpoker,2024-02-12T22:17:32.224Z,2,SEARCH:USER INTERFACE,2,160
87874,Improve the visual indication of tab status...,TsunamiZ,2023-06-11T08:41:09.723Z,2,TABS:USER INTERFACE,2,101
94737,Display name for pinned tab stack,tekkitak,2024-01-30T19:29:22.951Z,2,TAB STACKS:SETTINGS,4,265
85474,Add a calculator to the note sidebar,nomis1234,2023-04-09T19:18:57.604Z,2,NOTES:PANELS,10,783
89573,Modifier Keys Support for Mouse Gestures,Nuigi,2023-08-13T20:21:18.854Z,2,KEYBOARD SHORTCUTS:MOUSE GESTURES:USER INTERFACE,3,244
94339,Ability to lock Vivaldi Interface Customisations,bluewave,2024-01-16T23:18:31.043Z,2,USER INTERFACE,4,125
89887,[UI] Elevate Navigation  Align URL Identity by Moving the Sub Tab Bar below the Address Bar,tr3k,2023-08-25T11:40:39.791Z,2,TAB STACKS:TAB BAR:NAVIGATION:TABS:USER INTERFACE:ADDRESS BAR,2,237
63018,Tab names in two lines,VahIV,2021-06-22T09:22:08.671Z,2,TABS,3,176
94096,Support Translate Attribute (allow disabling translate button),contentions,2024-01-07T22:42:21.088Z,2,TRANSLATE,9,350
94019,Trash can | Limit amount of Tabs,TsunamiZ,2024-01-04T18:50:55.001Z,2,USER INTERFACE:TABS:TAB BAR:SETTINGS:MENUS:HISTORY,1,157
93925,"Save Selected Tabs as Session" close tabs check box underneath,dalinar,2024-01-01T12:08:09.627Z,2,SESSIONS,3,163
91644,Port performance enhancements / compiler optimizations from Thorium browser,HunterAP,2023-10-19T17:51:03.043Z,2,UPDATES,26,3252
93601,Request for "Tags" or "Folders" Feature in Reading List,VernalR,2023-12-21T05:35:10.661Z,2,READING LIST,5,253
93592,Select multiple passwords to delete in settings,justdaj,2023-12-20T17:34:11.620Z,2,PASSWORDS:PRIVACY AND SECURITY,1,133
93215,Arc browser-like nested tabs  spaces and folders,mahirushiina,2023-12-10T11:32:33.888Z,2,USER INTERFACE:TAB STACKS:TAB BAR,3,1783
88078,Find active tab in Window Panel,FranzJosef,2023-06-16T21:50:53.999Z,2,USER INTERFACE:TABS:PANELS,9,678
92346,Delay of appearance of the sub-tabs group,jimmyz,2023-11-10T07:27:13.727Z,2,,8,267
92425,Picture-in-Picture wheel to adjust volume,Poto,2023-11-13T06:48:34.249Z,2,POP-OUT VIDEO,1,146
92216,Draggable Files from Download panel to File Upload buttons,JamesMichaelElmore,2023-11-05T17:13:08.057Z,2,USER INTERFACE:PANELS:DOWNLOADS,4,189
92131,Bookmarks: Sepatated Search,sphera,2023-11-02T18:50:09.613Z,2,BOOKMARKS,1,117
92042,Mail Button on Toolbar,dalinar,2023-10-31T16:14:18.221Z,2,TOOLBARS:NAVIGATION:WINDOW,19,613
64505,Autogrouping in history panel,Smartsquirrel,2021-07-28T21:19:47.288Z,2,PANELS,2,137
91474,Option to choose whether a sidebar web panel stays open after collapsing,mhmak,2023-10-13T05:23:56.533Z,2,PANELS,8,306
91802,Mouse click missing optical feedback,clevo,2023-10-26T08:54:49.119Z,2,WEB PAGES:USER INTERFACE:PAGE ACTIONS,2,137
91694,Enhancing Workspaces: Keeping Tabs Open Across Sessions,dennisat,2023-10-22T08:51:07.613Z,2,WORKSPACES,8,1635
91426,Separate precious user settings from the huge dump of a User Data folder,eugenesv,2023-10-11T15:02:13.842Z,2,WORKSPACES:PROFILES:SETTINGS:SESSIONS,2,160
91321,Add to reading list" button at address dar,mhmak,2023-10-08T05:08:21.647Z,2,ADDRESS BAR:READING LIST,5,284
90165,Workspaces Toolbar Element Width Increase,RadekPilich,2023-09-01T13:49:30.874Z,2,USER INTERFACE:TOOLBARS:WORKSPACES,4,194
90227,run command chain on browser startup,skeddles,2023-09-03T14:12:02.746Z,2,QUICK COMMANDS:COMMAND CHAINS,1,114
90150,Vivaldi should auto-close notifications,dandeancook,2023-09-01T07:08:04.997Z,2,USER INTERFACE,3,149
84760,Vivaldi built-in start page overrides extension with new tab at browser launch,dandeancook,2023-03-14T07:14:34.609Z,2,USER INTERFACE:START PAGE:SPEED DIAL:SETTINGS:EXTENSIONS,6,536
85093,Advanced options for new version available.,sev7en,2023-03-25T16:11:15.003Z,2,UPDATES,2,145
84958,Ability to search (CTRL/CMD F) when displaying all settings,svenyonson,2023-03-20T15:22:15.435Z,2,SETTINGS:SEARCH,4,180
89936,Add an Ability to Drag Files from Download Bar (+ quick uploader),JosTheDude,2023-08-26T22:42:32.251Z,2,MENUS:USER INTERFACE:WINDOW:MEDIA:DOWNLOADS,2,171
89903,Workspace name in window title,anovelway,2023-08-25T23:18:42.863Z,2,WORKSPACES:WINDOW,3,201
69617,Possible Mouse Gestures Option(s):  Next (Previous) Tab Stack (By Order),shriokun,2021-12-08T12:59:02.524Z,2,,2,96
88304,Ability for opening several links at once (like Linkclump),notmalware,2023-06-24T12:59:04.009Z,2,DUPLICATE,11,1314
86499,Multiple Floating Tab Bars. Attachable to Tile windows/boxes.,TheAMan006,2023-05-04T00:25:33.303Z,2,TABS:TAB STACKS:TAB BAR,5,230
89244,Change pinned tab size for mutable tabs,Holroy,2023-08-01T14:46:24.030Z,2,TAB BAR:USER INTERFACE:NAVIGATION:TABS,3,234
88872,Combine Sessions with Workspaces,LocutusOfBorg,2023-07-15T10:48:15.374Z,2,WORKSPACES:TABS:TAB STACKS:TAB BAR:SYNC:SETTINGS:SESSIONS,1,206
69691,Show target directory in download dialog,bariton,2021-12-09T12:21:01.024Z,2,,4,136
87505,Maintain main workspaces title,mscroggi,2023-06-01T14:02:55.585Z,2,WORKSPACES,2,104
88257,Bookmarks like the Opera browser,kirill1996,2023-06-22T12:26:13.924Z,2,BOOKMARKS,2,174
88220,File download indicator with filling circle like in Chrom,runur,2023-06-21T08:51:12.549Z,2,DOWNLOADS,1,116
88148,Optional 'Other Bookmark' folder in bookmarks bar.,thedatabug,2023-06-19T08:41:58.304Z,2,BOOKMARK BAR,2,168
87484,Bing Chat integration (cross platform) following the MS Build 2023,sev7en,2023-06-01T01:12:46.885Z,2,USER INTERFACE:UPDATES:EXTENSIONS,4,316
81915,Add Kagi to search-engine options,Leisureguy,2022-12-12T22:52:23.314Z,2,SEARCH:PRIVACY AND SECURITY,16,1782
70787,When prompted to close a tab with unsaved changes  switch to that tab,OnlineCop,2022-01-11T18:15:06.358Z,2,TABS,3,130
87215,Dynamic URL Switching,mvsami,2023-05-22T16:40:33.119Z,2,NAVIGATION,2,94
87102,Switch between Workspaces by holding button and scrolling,TheFinalAlfa,2023-05-19T21:18:49.822Z,2,WORKSPACES:MOUSE GESTURES,2,208
87089,Custom workspaces icons,eterchronos,2023-05-19T14:03:30.937Z,2,WORKSPACES,3,146
77092,Tab Cycler display toggler,Pyx,2022-06-27T05:39:32.802Z,2,TABS,11,444
86619,Speed Dial - Icon View | Avoid Default Favicon if Possible,Hadden89,2023-05-06T18:48:51.823Z,2,BOOKMARKS:SPEED DIAL,2,150
86570,Allow Multiple Windows Of The Same Workspace,TheAMan006,2023-05-05T14:43:19.674Z,2,WORKSPACES:WINDOW,1,112
86461,optional link-click tab open out of current tab-stack.,ybjrepnfr,2023-05-03T02:07:29.073Z,2,TABS:TAB STACKS:SETTINGS:KEYBOARD SHORTCUTS,2,125
86326,Custom menus as buttons on toolbars,RadekPilich,2023-04-29T09:54:33.901Z,2,USER INTERFACE:TOOLBARS:QUICK COMMANDS:MENUS,3,176
85790,Remove the workspace icons/emoticons,francesco2015,2023-04-18T21:51:31.722Z,2,WORKSPACES:USER INTERFACE,10,358
86268,Custom images for workspaces,DRYN,2023-04-28T10:19:56.466Z,2,WORKSPACES:USER INTERFACE,1,83
86211,Closed tab list per workspace,nicobonada,2023-04-27T06:08:44.462Z,2,WORKSPACES:TABS:USER INTERFACE,1,76
69899,Ability to Copy Addressbar drop-down suggestions,paul1149,2021-12-13T21:37:41.707Z,2,ADDRESS BAR,7,190
86048,Privacy & Security | Service Workers in Vivaldi Settings,Hadden89,2023-04-23T18:05:34.443Z,2,SETTINGS:PRIVACY AND SECURITY:USER INTERFACE,5,198
85381,Locate the address bar directly above the content pane like Olde Opera,g_bartsch,2023-04-05T19:49:19.752Z,2,WINDOW:USER INTERFACE:TAB BAR:NAVIGATION:ADDRESS BAR,17,954
85716,Sortable Windows Panel,glx,2023-04-18T08:05:51.266Z,2,WINDOW:WORKSPACES:PANELS,1,109
85578,Only show close/exit window warnings if there are more tabs or page open,rejzor,2023-04-13T16:42:43.877Z,2,WINDOW:SESSIONS,1,84
84996,Shorcut to cycle through workspaces,Blindheit,2023-03-22T08:49:58.436Z,2,KEYBOARD SHORTCUTS:WORKSPACES,3,637
84960,Fake browser process name to chrome.exe to increase speed and stability,lightsun,2023-03-20T16:22:43.060Z,2,WEB PAGES:USER INTERFACE,5,523
75599,In the Download dialog  add a "Copy URL" button,GreetingMarsupial,2022-05-22T17:10:34.880Z,2,ADDRESS BAR,8,517
84732,World Time in panel,jrkl,2023-03-13T00:53:24.431Z,2,PANELS,22,880
84686,System Color for Speed Dial (and other places),dvincent,2023-03-11T11:27:46.935Z,2,THEMES:TAB BAR:SPEED DIAL:START PAGE:USER INTERFACE,2,160
84566,Add UI-Link for certificate management - and add possibility to add PKCS#11 modules,eingemaischt,2023-03-08T07:56:08.330Z,2,USER INTERFACE:PRIVACY AND SECURITY,7,311
84380,Mark multiple websites in Reading List as read,AladinRun,2023-03-02T16:20:40.706Z,2,READING LIST,1,113
82861,Profiles and Profile Manager,derei,2023-01-13T12:40:12.348Z,2,USER INTERFACE:PROFILES,11,626
83893,Allow user to open download with a single click,Raindrops1,2023-02-17T08:39:55.989Z,2,DOWNLOADS,1,86
83662,Notes Manager Configurable Margins,mikestone,2023-02-09T20:53:37.254Z,2,NOTES,3,143
83327,How about a built-in 2FA authenticator in Vivaldi?,RasheedHolland,2023-01-29T15:18:29.230Z,2,,15,293
83460,Double CTRL-F desktop search function,annifer66,2023-02-03T06:43:59.999Z,2,USER INTERFACE:WEB PAGES:SEARCH:KEYBOARD SHORTCUTS,1,156
83116,Allow placing bookmarks on the panel bar,WildEnte,2023-01-22T11:54:35.611Z,2,PANELS:BOOKMARKS:BOOKMARK BAR,12,577
79428,Matrix client for Vivaldi.,Jknapp1208,2022-09-18T01:11:50.193Z,2,,2,281
82678,Add every Amazon.* video site to the supported PiP websites,MickyFoley,2023-01-06T21:09:48.370Z,2,MEDIA:POP-OUT VIDEO:SETTINGS:WEB PAGES,3,308
61595,stopwatch utility,mizouniihichem,2021-05-27T20:09:56.980Z,2,,5,206
82417,Hide mouse cursor when scrolling with arrow keys,samulevy,2022-12-27T18:56:09.253Z,2,USER INTERFACE:SETTINGS:WINDOW,1,126
72640,Open consecutive clicked links to the same other tab stack when middle clicking links from a pinned tab,GuillaumeGwi,2022-03-02T15:21:08.765Z,2,TABS,2,129
64570,Download complete Website,music4you,2021-07-30T08:37:11.115Z,2,,6,716
82024,Drag and drop to change Reading List order...,Bettybop,2022-12-15T14:46:17.861Z,2,READING LIST,3,153
71994,Re-Named Tab Stack Should Show The Name In The Pop-up,g_bartsch,2022-02-13T20:47:32.479Z,2,TABS,2,120
67092,Honour the "Hide/Show Panel" option when toggling individual panels,pryley,2021-10-04T17:58:44.052Z,2,PANELS,5,207
81755,Remove from tab stack position accordion mode,sirinath,2022-12-09T10:31:28.650Z,2,TAB STACKS,2,90
81657,Option for colors on panel icons à la new ones for category settings.,danielson,2022-12-08T03:33:12.824Z,2,PANELS,1,67
81572,Settings | Webpages | Always Use Chromium Stable User Agent,Hadden89,2022-12-07T06:41:11.446Z,2,SETTINGS:WEB PAGES,1,108
80917,Make saved sessions visible in speed dial,domsbox,2022-11-13T22:17:49.613Z,2,SPEED DIAL,6,239
80837,Make favorites separator white,Karjala,2022-11-09T21:09:45.138Z,2,USER INTERFACE,5,232
80844,Persistent Tab Stack Title,varpness,2022-11-10T04:51:38.178Z,2,TAB STACKS,2,143
80762,Update keybinding for cloud gaming in the browser,Vincent500,2022-11-06T07:01:39.897Z,2,MOUSE GESTURES:KEYBOARD SHORTCUTS,11,565
80710,New Tab Stacking mode - Tab bars on both sides of browser,n2o1138,2022-11-03T15:58:34.878Z,2,USER INTERFACE:TAB STACKS:TAB BAR,2,196
75943,Option to not have same panel open when new window opens,CeeJay,2022-06-02T18:26:57.541Z,2,PANELS,3,138
58038,Transparent UI,Wrongmanmango,2021-03-12T08:39:13.013Z,2,,2,314
61271,Tab tiling - overflow scroll,deathau,2021-05-19T04:28:30.738Z,2,TABS,2,192
80302,Option to create start menu entry  in addition to desktop shortcut  for profile,vivaldiadmin,2022-10-18T04:21:45.373Z,2,SETTINGS:PROFILES:USER INTERFACE,2,154
79855,Support macOS Split View menu without enabling native window,AltCode,2022-10-05T16:30:25.057Z,2,WINDOW,4,209
79956,Option to make hibernated tabs small,TashiFrank,2022-10-08T00:06:05.380Z,2,TABS:TAB BAR,1,79
79782,[Feature request] To be able to switch to reader mode regardless of character count,Duncream,2022-10-02T00:15:57.888Z,2,READER VIEW,4,253
79438,Add an incompatible warning for store extensions,Hadden89,2022-09-18T14:43:36.022Z,2,SETTINGS,1,76
79403,Explicit manual load,yashpalgoyal1304,2022-09-17T07:24:45.618Z,2,SETTINGS,3,147
79411,A prompt for setting paths after sync,Hadden89,2022-09-17T10:58:09.993Z,2,SETTINGS,7,113
79138,Add the ability to save history  extension settings and everything else to a zip file,kirill1996,2022-09-06T10:54:03.513Z,2,SETTINGS,2,98
67378,Extension of "Open Tabs in Current Tab Stack" option,Gregor,2021-10-10T17:01:38.755Z,2,TAB STACKS:TABS,4,276
78780,Right click bookmark folder to add new folder under that folder,bradykelly,2022-08-26T04:09:01.842Z,2,BOOKMARKS,1,64
78361,Highlight the tiled tabs,rajpalan,2022-08-13T02:46:32.066Z,2,TABS,3,114
78350,Always Show HTML5 Video Controls,kaundere,2022-08-12T20:31:35.675Z,2,SETTINGS,1,323
78161,Want "Select All Tabs",Vivipop,2022-08-08T18:18:06.007Z,2,TABS,17,443
78007,more options to configure mouse gesture trigger,fabma,2022-08-02T08:55:22.792Z,2,SETTINGS,2,201
67667,Flag Restore | Turn off caching of streaming,Zalex108,2021-10-18T10:23:52.433Z,2,SETTINGS,6,773
77944,Make sessions more useful by turning it into a time machine,grogge,2022-07-29T17:43:26.595Z,2,,1,82
66666,seperate stop and refresh buttons,SoulReaper,2021-09-22T21:51:33.975Z,2,ADDRESS BAR,9,507
67827,Add mouse gesture timeout,nakedpantsu,2021-10-22T04:01:17.175Z,2,SETTINGS,23,1080
77716,Tabs on left/right fixed size,snowman,2022-07-20T17:22:32.523Z,2,TABS,13,561
77737,Confirm Window Close Only When It Contains More than One Tab,Ynhockey,2022-07-21T18:18:29.206Z,2,TABS,2,86
77741,Update Vivaldi with Brave's privacy features,Jknapp1208,2022-07-21T20:47:06.940Z,2,,0,141
77247,Separate the accent color for the active tab highlight and the address bar.,Karmillious,2022-07-02T00:35:03.412Z,2,THEMES,4,253
77133,Open external links in active tab stack,RadekPilich,2022-06-28T07:05:48.709Z,2,TABS,1,127
77064,Drag and drop URL from external application into tab stack,RadekPilich,2022-06-26T10:43:12.267Z,2,TABS,1,84
63080,Pretty RSS Feeds in Panels,mikestone,2021-06-23T17:43:44.986Z,2,PANELS,3,305
75966,Selectively display bookmark icons,pauljacobson,2022-06-03T05:41:51.286Z,2,BOOKMARKS,5,163
75875,Sync tab stack names,ntourte,2022-06-01T16:53:17.615Z,2,SYNC:TAB STACKS:TABS,1,139
75388,Adjustable delay of capturing thumbnails for Speed Dial,halmai,2022-05-16T07:37:06.005Z,2,SPEED DIAL,1,181
75227,New Tab Position: As last tab absolute vs. within current stack,plentyofpaper654,2022-05-11T13:08:24.836Z,2,TABS,1,74
74851,Task Manager please,Ericlv13,2022-04-29T05:54:44.668Z,2,PANELS,4,332
74755,Allow switching position of columns in Two-Level Tab Stacks,guigirl,2022-04-26T01:39:40.166Z,2,VERTICAL TABS:TAB STACKS:TABS,14,939
55089,Option to automatically clear the trash bin after some days,RiceKirby,2021-01-02T21:05:46.145Z,2,BOOKMARKS,8,380
74438,Container tabs?,zstg,2022-04-17T03:48:40.357Z,2,TABS,2,816
74047,Side Panel Numbers,AzDayton,2022-04-09T19:12:58.642Z,2,PANELS,3,129
73892,Add support for Javascript Bookmarks,TobyG,2022-04-07T12:00:08.756Z,2,BOOKMARKS,3,285
71397,Real Fullscreen on MacOS,mgasperl,2022-01-29T10:47:34.677Z,2,SETTINGS,2,459
73764,We need Popinfo when executed command with no obvious visual feedback,dude99,2022-04-05T16:57:25.024Z,2,,1,102
73325,Editable delay of popup thumbnails in settings.,franckv,2022-03-23T04:12:02.969Z,2,TABS,1,64
73233,Horizontally scroll on filename in downloads panel,Thescorb0,2022-03-20T05:04:35.670Z,2,PANELS,2,96
72054,Rename Tab Stack by keyboard only,dieterga,2022-02-15T08:48:26.008Z,2,TABS,4,209
72819,Show Notifications Remember my decision until I close this site,snjvm,2022-03-07T12:31:44.986Z,2,SETTINGS,1,168
72775,Save Web Page as Text File,AllanH,2022-03-05T20:12:17.301Z,2,,1,99
72744,Be able to move address bar controls to tab bar and create menu items as buttons for these bars.,BigBlueYeti,2022-03-05T03:37:16.407Z,2,ADDRESS BAR,1,94
72468,Vivaldi support for Macbook pro in fullscreen,leo32345,2022-02-25T00:38:19.641Z,2,,1,135
60261,Bookmark search bar on the speed dials start pages,kingkrieg,2021-04-29T13:00:29.703Z,2,SPEED DIAL:START PAGE:BOOKMARKS,7,372
72063,Add "Open as Tile" to the context menu when right clicking a hyperlink,dadig,2022-02-15T10:50:59.394Z,2,TABS,3,115
70829,Add Date modified,smithli,2022-01-13T02:09:05.608Z,2,BOOKMARKS,2,1435
71509,Hibernate background tabs only in active tab stack,mortem,2022-02-02T00:24:46.188Z,2,TABS,2,136
71372,Supporting Wallpaper Engine files as the background image  NOT GIF please,FBI0IS0WATCHING0U,2022-01-28T14:58:46.640Z,2,THEMES,1,387
71042,Expand to and focus the currently selected bookmark folder in the new bookmark interface (Ctrl+D).,rzjnzk,2022-01-18T20:42:16.889Z,2,BOOKMARKS,1,79
71041,Add functionality to 'Sort by Title'  but only for bookmark folders  not bookmarks themselves.,rzjnzk,2022-01-18T20:38:40.170Z,2,BOOKMARKS,1,82
70941,Prevent closed tabs for "start page" from being shown in the "show closed tabs" list...,TsunamiZ,2022-01-16T07:29:16.747Z,2,,1,51
70766,ctrl+shift+click to open directory in new tab,Thescorb0,2022-01-11T07:08:52.597Z,2,ADDRESS BAR,1,68
53045,Add Option to prevent Pinned Tabs from being scrolled away,xeTaiz,2020-11-16T08:25:25.565Z,2,PANELS,2,109
70617,Drag extension buttons without holding shift,shabaabk,2022-01-06T02:51:28.669Z,2,,4,114
68640,Show estimated remaining time in downloads panel in box below,Thescorb0,2021-11-16T03:00:48.181Z,2,PANELS,3,207
70313,Let Us Change the Constants!,x0054,2021-12-25T03:15:33.066Z,2,SETTINGS,1,84
70002,To Do Checklists Not Part of Notes/ Markup,loretoZDC,2021-12-15T17:41:25.657Z,2,PANELS,1,97
69965,Support Search Link/page URL with %l or %L & %u or %U syntax,dude99,2021-12-15T04:45:35.757Z,2,,1,178
69812,New option in Confirm Form Resubmission dialog,PanKrpec,2021-12-11T15:09:33.158Z,2,,3,136
68955,List of excluded URL with "delete cookies on exit",jiwanus,2021-11-25T15:37:29.143Z,2,SETTINGS,5,284
64972,Support for Opera add-ons,Thescorb0,2021-08-07T09:39:43.804Z,2,THEMES,6,651
66894,Source code wrap text,PublioEscipion,2021-09-28T19:58:35.321Z,2,,10,318
69334,download time remaining,urfausto,2021-12-03T21:29:41.425Z,2,,1,83
69217,Improve translate results,Nekomajin,2021-12-02T18:31:01.338Z,2,,1,110
69075,Close All Unstacked Tabs,sha1sum,2021-11-29T16:46:00.100Z,2,TABS,3,105
69037,Ability to export notes by folder,mikimaci3,2021-11-28T11:44:07.750Z,2,PANELS,1,92
68667,Can the style of Chromium parts of Vivaldi be changed?,leo32345,2021-11-17T04:40:56.805Z,2,THEMES,2,148
68039,Command Chains JavaScript,oudstand,2021-10-28T07:29:09.098Z,2,,10,522
68483,Close web panels,Thescorb0,2021-11-11T08:52:48.372Z,2,PANELS,2,153
58158,Keep behavior of tab stacks the same as normal tabs when closing the second last tab of a tab stack,LPChip,2021-03-15T17:20:32.311Z,2,TABS,10,296
68176,Option to Smart-lock tab temporarily when typing in textfield,dude99,2021-11-01T05:08:03.056Z,2,TABS,1,88
66383,Line wrap,PublioEscipion,2021-09-16T15:05:32.131Z,2,,6,233
67951,Additional Sort option for History (by tab-closed date),BanisterJH,2021-10-25T19:49:18.002Z,2,HISTORY PANEL:PANELS,1,189
67849,Add a "Quiet Ask" option for permissions,Akbalder,2021-10-22T15:00:52.358Z,2,,3,87
67795,Increase size of search field drop-down,Thescorb0,2021-10-21T08:35:38.227Z,2,ADDRESS BAR,2,117
67394,"Delete all" on recently closed,AdeurD,2021-10-11T03:13:11.717Z,2,ADDRESS BAR,3,121
63602,ability to set multiple pages as homepage,shawnpeterson77,2021-07-05T16:22:54.734Z,2,SETTINGS,3,191
67190,Option to manage installed PWAs,HellbillyDeluxe,2021-10-07T08:18:20.791Z,2,PWA:SETTINGS,2,187
66795,Searching History to ONLY display results,MajorEagleEye,2021-09-26T01:34:24.369Z,2,SETTINGS,3,102
66509,Page Tiling: Allow to temporarily expand a tile to the full page,trunktin,2021-09-19T08:57:43.795Z,2,TABS,7,263
61177,Keyboard Shortcut to Open a New Tab and Tile Automatically,muhamuhamuha,2021-05-16T15:42:30.507Z,2,,9,636
63795,Dragged URL shortcuts should open without prompt,joeduffus,2021-07-09T18:37:46.639Z,2,BOOKMARKS,4,245
66062,Migrate full contents of Firefox descriptions into Vivaldi description windows,BretMan,2021-09-08T16:21:09.467Z,2,BOOKMARKS,1,75
65754,Separated download lists (normal / private mode),FlavioHR,2021-08-29T12:18:22.775Z,2,PANELS,1,81
64769,Missing command chain command,thrust26,2021-08-03T07:13:10.249Z,2,,5,196
65291,Customize "Search for Image" Function in Context Menu,kraligor,2021-08-15T12:04:29.040Z,2,SETTINGS,3,164
65341,Option to move speed dial navigation,Thescorb0,2021-08-17T01:33:24.939Z,2,SETTINGS,4,175
65304,simple scrollbars support all web pages,Poto,2021-08-16T05:01:53.352Z,2,WEB PAGES,4,287
65251,Boomarks 2.0 - I want to tag my pages to search them with keywords,charmilion,2021-08-14T04:07:47.610Z,2,BOOKMARKS,1,84
65177,Show Open link in Current/New/Background tab buttons when mouseover link,dude99,2021-08-12T07:06:34.370Z,2,,6,213
64901,Audio Reproduction Icon Notification for Web Panels & Tab Stacks Regardless of Selected Child-tab,VENIX,2021-08-05T15:55:49.312Z,2,PANELS,2,89
64711,Another frame for a group of tabs (according),matiasmovie,2021-08-02T03:21:26.000Z,2,TABS,1,64
64699,Multi Vertical Tab Stacks + many other improvments,VivaldiUser1234,2021-08-01T21:05:01.485Z,2,TABS,1,96
64684,Let drag open links in the blank area after the last tab,sgLaus4tune,2021-08-01T14:28:42.199Z,2,TABS,2,105
64443,a "clear" setting (keyboard shortcut).,garfield1022,2021-07-27T21:15:21.334Z,2,SETTINGS,5,134
61715,Add shortcut to fuzzy-search open tabs,matklad,2021-05-31T09:26:16.355Z,2,TABS,8,517
61709,Active zoom bar on Start Page,WolfeP,2021-05-31T06:03:51.364Z,2,,14,413
63590,Syncing Profiles,SmiteVils,2021-07-05T11:50:21.208Z,2,,5,255
63407,Bookmarks bar right click menu  please add a "bookmarks" command...,TsunamiZ,2021-07-01T04:52:01.571Z,2,,1,86
63108,Option to store page position with bookmark,Fidcal,2021-06-24T11:56:12.134Z,2,BOOKMARKS,3,120
56941,Custom favicon for stacks,mvsvlitin,2021-02-13T21:25:13.927Z,2,TABS,5,169
63135,Faster search in Address Bar,xtech,2021-06-25T00:05:05.999Z,2,ADDRESS BAR,23,675
63030,Double-clicking in address bar should select part of URL  not all,Foomandoonian,2021-06-22T17:58:25.712Z,2,ADDRESS BAR,7,952
62618,Quick Access to Downloaded  Previously Uploaded Files for Attachment,sirinath,2021-06-15T05:25:16.530Z,2,,5,127
62700,Translation progress indicator,JazzyJames,2021-06-16T09:28:55.570Z,2,TRANSLATE,1,81
62500,Profiles / People,sirinath,2021-06-13T13:53:14.424Z,2,SETTINGS,2,104
62574,Tabs as a Tree Structure with Systematic Colour Coding and Boarders / Separators,sirinath,2021-06-14T14:47:06.534Z,2,TABS,1,110
62432,Vivaldi menu location option - on address bar or on panel,HorochovPL,2021-06-12T14:19:43.053Z,2,ADDRESS BAR,1,119
62223,Disable site suggestions when adding bookmark or web panel.,biggly,2021-06-10T12:44:15.651Z,2,BOOKMARKS,2,123
62180,Quick Commands history time limit,MashuuMidori,2021-06-10T07:32:02.866Z,2,,4,91
62100,Warning on Google sites if 'Google extensions' disabled in settings,[[global:former-user]],2021-06-09T18:26:06.927Z,2,,1,89
61908,Option to allow search suggestions to also work in private mode...,TsunamiZ,2021-06-06T01:33:46.380Z,2,,1,63
61857,save open tabs as private session,ipico,2021-06-04T12:26:48.495Z,2,,1,68
61457,Option to pause Block Ads and Block trackers on particular random sites.,kandhaswamy,2021-05-23T13:44:04.374Z,2,SETTINGS,12,686
61427,And/Or operators for keyboard & mouse commands,FatProtea,2021-05-22T15:20:09.273Z,2,SETTINGS,2,80
61289,Add tab context men items to move tab to 1st and lst position,boroda74,2021-05-19T15:39:02.185Z,2,TABS,3,109
60090,Option to disable keyboard multimedia keys in Vivaldi,Stardust,2021-04-26T07:56:38.989Z,2,SETTINGS,6,393
60916,Instant Switch Profile Button,WhiteBlueRibbon,2021-05-11T06:05:38.852Z,2,,3,106
60918,More profile switch icons,WhiteBlueRibbon,2021-05-11T06:10:34.512Z,2,,1,57
60784,Link colors (active  visited  hover...),Vipzer,2021-05-07T23:36:06.657Z,2,SETTINGS,2,244
60196,Improvement for Google (and some others) search suggestions in the settings,ap0st0l,2021-04-28T11:30:13.234Z,2,SETTINGS,3,155
60369,Drag/Drop to Downloads panel,anachostic,2021-04-30T19:05:14.936Z,2,PANELS,3,159
60368,Add a tab for most recently used folders,Ryo500,2021-04-30T18:58:53.080Z,2,BOOKMARKS,1,40
60236,Some form of master switch to disable everything Google related in Vivaldi,RogerWilco,2021-04-29T09:35:44.573Z,2,SETTINGS,21,606
60256,Option to disable speed dial?,aFantasia,2021-04-29T12:41:14.172Z,2,,9,2085
59936,Rearrangeable Address Bar,drazini,2021-04-22T15:26:42.687Z,2,ADDRESS BAR,4,120
59573,Fit speed-dial background to page,thedarksmurf,2021-04-13T22:37:30.414Z,2,THEMES,4,120
59407,Option to set the period of history to include in the address bar,saturnus,2021-04-09T18:45:45.592Z,2,ADDRESS BAR,1,43
59386,Expand/ close this bookmark folder (incl. subfolders),saturnus,2021-04-09T07:45:28.810Z,2,BOOKMARKS,3,116
59282,client side translation as in firefox,XapaJIaMnu,2021-04-06T12:30:08.222Z,2,TRANSLATE,2,174
58553,Make the Vivaldi button and horizontal menus the same for customisation purposes.,Pathduck,2021-03-21T23:45:53.777Z,2,SETTINGS,5,154
59090,Adding kurdish language as browser langauge,CYAXXX,2021-04-01T19:29:38.530Z,2,,12,284
59007,Sum up number of bookmarks (add up),RonSchild,2021-03-31T02:10:22.167Z,2,BOOKMARKS,4,149
58922,Keyboard Tab Order Option for "Proceed to x.x.x.x (unsafe)",JLeeDavis,2021-03-28T20:55:32.229Z,2,,2,78
57945,Shortcut key for new tab in current tab stack,ulriksf,2021-03-10T05:54:56.368Z,2,TABS,6,139
58496,Custom menu modules,Nekomajin,2021-03-20T20:35:51.570Z,2,,3,59
58431,Dolby Digital & Dolby Digital Plus support,natanaelohrn,2021-03-19T13:56:55.155Z,2,,1,54
58332,We need 3 separate customizable scrolling range along with default range,dude99,2021-03-18T07:05:25.352Z,2,,1,55
58109,Before deleting a bookmark on the speed dial by clicking on the minus sign  have a warning asking to confirm the action.,Rerun7,2021-03-14T12:52:49.172Z,2,BOOKMARKS,2,87
57877,Center UI Titles,Zalex108,2021-03-07T23:05:30.873Z,2,,1,65
57735,Multiple Private windows with separate cookie sets,unacomn,2021-03-04T12:26:12.546Z,2,,1,82
57534,Customize thumbnail size,eSpiirit,2021-02-26T05:37:08.835Z,2,,2,147
56671,Timer notification duration,dumpamental,2021-02-08T12:07:42.595Z,2,SETTINGS,5,214
57396,Notes - Ability to combine,janrifkinson,2021-02-22T18:39:20.838Z,2,,6,137
57325,"Dual pane" mode...,TsunamiZ,2021-02-21T04:48:12.296Z,2,,1,64
56864,Auto find in active tab,scotstoxo,2021-02-12T10:55:55.610Z,2,,6,98
56880,In the PIP player  please make the playback progress bar use our theme's "highlight" color...,TsunamiZ,2021-02-12T19:46:10.718Z,2,POP-OUT VIDEO,1,188
56617,Make Bookmark Separators Customizable,br3ak,2021-02-07T10:41:22.806Z,2,BOOKMARKS,4,169
56525,Option like "open link in current tab-group" when right-clicking on a link,jdwalli,2021-02-05T20:19:25.302Z,2,SETTINGS,4,181
56474,Ability to completely disable dangerous new Chrome APIs,tverye,2021-02-04T23:37:22.558Z,2,SETTINGS,1,341
56400,focus mode (break mode's brother .. ig hhhhhhhhh),mizouniihichem,2021-02-03T15:19:11.804Z,2,,2,114
56018,Use independent 2-level tab switching for mouse wheel,Avi,2021-01-28T13:36:11.753Z,2,TABS,2,90
56218,Option to automatically archive bookmarks,Neokortex,2021-01-31T13:49:01.174Z,2,BOOKMARKS,1,64
56171,Deselect tabs by simply pressing ESC...,TsunamiZ,2021-01-30T16:37:46.737Z,2,,1,54
55934,More sorting options for Vivaldi's Bookmark Manager,RasheedHolland,2021-01-26T18:49:16.049Z,2,BOOKMARKS,2,81
55994,Improve Two-Level Tab Stacking allowing fully expanding tabs,stdedos,2021-01-28T08:20:24.928Z,2,TABS,2,75
55920,Show startup options|lazy load also under tabs,Hadden89,2021-01-26T13:29:00.442Z,2,SETTINGS,1,66
55847,Decrease Min Width of a tiled tab,snakedoc,2021-01-24T05:27:44.389Z,2,TABS,3,102
54589,Show loading progress & extensions in Hide UI mode,zhong,2020-12-17T16:10:14.562Z,2,ADDRESS BAR,11,377
55118,Show in status bar  whether link will be opened in a new tab,m4rtin195,2021-01-03T21:08:06.303Z,2,,3,88
54699,QR Code scanner via webcam,Flavio514,2020-12-20T01:22:39.286Z,2,ADDRESS BAR,1,88
54671,Give user access .ini files like previous Opera,eeeemc,2020-12-19T07:17:17.489Z,2,SETTINGS,5,169
54060,Notes | Option to Disable Markdown Autocomplete on Textual Mode,Hadden89,2020-12-08T15:47:11.823Z,2,,2,83
54102,save bookmarks as searchable full page,peefy,2020-12-09T05:07:50.676Z,2,BOOKMARKS,4,197
54079,Let the user choose an executable icon from a small selection  since Vivaldi has many uses now,NSANE,2020-12-08T21:09:56.565Z,2,SETTINGS,1,58
54059,Notes | Option to Disable Character Escaping on Textual Editor,Hadden89,2020-12-08T15:43:19.852Z,2,,1,69
53847,RPM ARM version,bigc0127,2020-12-03T16:20:05.142Z,2,,3,135
53798,Open saved Sessions on Startup,ClausKiss,2020-12-02T17:06:24.739Z,2,,3,468
53592,Context menu for URLs/images in note panel,Hadden89,2020-11-28T14:46:47.740Z,2,,1,54
53573,Tab auto-reload timer and typing,PetteriKautonen,2020-11-28T05:21:29.403Z,2,TABS,1,64
53421,Mark bookmark folders to appear on the sidebar,Nekomajin,2020-11-25T22:47:31.221Z,2,PANELS,1,52
53137,Rename tabs as bookmark name,profetik777,2020-11-19T02:54:09.042Z,2,BOOKMARKS,1,59
53003,Tabs | Group + Bookmark from List,Zalex108,2020-11-14T18:59:21.356Z,2,BOOKMARKS,2,110
53062,Notes | Labels,Zalex108,2020-11-16T16:14:13.240Z,2,,1,81
52706,copy link in pip,vivaldisuggestions,2020-11-07T01:59:40.857Z,2,POP-OUT VIDEO,3,233
102759,Why No Last Name Field In Save and Fill Addresses?,artvaldi,2024-11-04T02:01:00.023Z,1,PRIVACY AND SECURITY,3,22
61486,Sort / rules functionality for downloads,jamster,2021-05-24T15:19:53.675Z,1,SETTINGS,5,235
102702,Jitjsi (chat + desktop/screenshare),jrkl75,2024-11-02T12:43:18.364Z,1,MEDIA,1,23
102759,Why No Last Name Field In Save and Fill Addresses?,artvaldi,2024-11-04T02:01:00.023Z,1,PRIVACY AND SECURITY,3,22
61486,Sort / rules functionality for downloads,jamster,2021-05-24T15:19:53.675Z,1,SETTINGS,5,235
102702,Jitjsi (chat + desktop/screenshare),jrkl75,2024-11-02T12:43:18.364Z,1,MEDIA,1,23
102544,Browser Startup with Mail,marco.meyer,2024-10-30T05:59:31.624Z,1,START PAGE,3,35
101649,A Setting to Reduce the Line Height of All List Items,g_bartsch,2024-10-04T19:29:32.055Z,1,USER INTERFACE:BOOKMARKS:HISTORY:NOTES,7,160
102360,Ability to change alignment of Dashboard widgets,Heartkey,2024-10-26T08:51:11.334Z,1,START PAGE:DASHBOARD,1,49
102270,Create filtering rules for RSS feeds,Obiwan2208,2024-10-25T00:31:11.412Z,1,SETTINGS,6,79
102319,Detach Speed Dial to a new window when tab is dragged,darthgtb,2024-10-25T12:30:07.527Z,1,MOUSE GESTURES:SPEED DIAL:TAB BAR:WINDOW:TABS,1,22
102203,"Redesigned Experience" as theme,jrkl75,2024-10-24T11:43:53.855Z,1,THEMES:USER INTERFACE,1,72
101994,Add PDF Annotations similar to MS Edge,nascar69,2024-10-17T15:32:47.006Z,1,PAGE ACTIONS,2,44
101908,Lock vertical tab bar width,snowman,2024-10-14T18:46:22.756Z,1,USER INTERFACE:TAB BAR,14,86
101907,Long-Term Servicing for manifest 2 version,wd1,2024-10-14T18:38:07.416Z,1,AD AND TRACKER BLOCKER,1,65
101881,Add Brave Search to default search engines,AlessandroT,2024-10-14T09:39:03.554Z,1,SEARCH,7,107
101894,Configure tabs in a grid layout via CLI commands,danielrosehill,2024-10-14T14:59:02.117Z,1,TABS,4,38
101815,Restore "Send Tab to Device" Feature,UTMorpheus,2024-10-11T15:21:12.451Z,1,TABS:SYNC,1,37
101743,Redirect URLs based on regex patterns,stefanfrede,2024-10-09T11:01:03.967Z,1,WEB PAGES:SETTINGS,1,51
101710,Add app to bookmarks,bortnikboss,2024-10-08T06:13:50.558Z,1,BOOKMARK BAR,8,51
98186,Own pip window,wd1,2024-05-25T05:04:39.111Z,1,POP-OUT VIDEO,2,116
101655,new tab position,lazymonkey2,2024-10-05T05:37:00.424Z,1,TABS:TAB BAR:USER INTERFACE,1,58
101629,Grouping Speed Dial Icons,Solwa54,2024-10-04T09:40:16.444Z,1,,2,43
101609,Breakout the password manager,dies_felices,2024-10-03T11:59:16.277Z,1,PASSWORDS:PRIVACY AND SECURITY:USER INTERFACE,1,50
101605,Options on how to open saved sessions,pcwal,2024-10-03T10:50:48.684Z,1,SESSIONS,2,63
101584,Allow alternative translation APIs to be added,ivarch,2024-10-02T14:58:36.013Z,1,TRANSLATE,1,51
101571,Pinned tabs retaining original link,brunettisergio,2024-10-01T22:57:52.858Z,1,TABS,3,78
101508,List of pages where "force dark theme" settings should be applied,kstepien,2024-09-29T10:52:56.730Z,1,QUICK COMMANDS:SETTINGS:SYNC:THEMES:WEB PAGES,7,136
66320,Advanced Quick commands shortcuts vim/cvim/vimpetaror/vimium/pentadactyl style,erazer101,2021-09-15T12:50:57.128Z,1,SETTINGS,2,228
100587,"Save Video Frame" in Youtube,PushkarAdari,2024-08-29T14:55:53.406Z,1,MEDIA:USER INTERFACE:PAGE ACTIONS,3,114
101390,Locked stacked Tabs,Icehawk_de,2024-09-24T13:58:51.349Z,1,TAB STACKS:TABS,1,40
101335,Show Page Actions in Appearance Content/Commands Menu,tegehel,2024-09-22T18:42:34.657Z,1,MENUS:COMMAND CHAINS:KEYBOARD SHORTCUTS:PAGE ACTIONS,1,40
94880,Being able to translate a page even if it is in my language,Rachot,2024-02-03T19:47:20.374Z,1,TRANSLATE:USER INTERFACE:WEB PAGES:UPDATES,14,402
101235,3 Level Tab Stacking,FireFerrit1,2024-09-19T00:01:37.040Z,1,FORUM,3,114
101171,Reopen Start Page when last unpinned tab closed,hallmerle,2024-09-16T19:59:10.322Z,1,START PAGE:TABS,1,48
101129,Reader Mode Button,MylesRyden,2024-09-15T11:36:25.662Z,1,ADDRESS BAR:KEYBOARD SHORTCUTS:NAVIGATION:PAGE ACTIONS:READER VIEW,2,61
101124,Visual indication of tiled tabs in tab bar & Windows pane; "always tiled" tab stacks,WildEnte,2024-09-15T08:57:27.006Z,1,TABS:TAB STACKS:TAB BAR,1,53
100999,Opening link in the background as a tab in tab stack,jakg,2024-09-11T09:23:53.113Z,1,TAB BAR:TAB STACKS,1,44
99984,Extensions sync should only sync extensions  not their enabled/disabled state,rejzor,2024-08-02T17:10:02.937Z,1,SYNC:EXTENSIONS,2,73
100697,Autosave form data,josephj11,2024-09-02T00:50:41.025Z,1,USER INTERFACE,2,55
100614,Need a Music Player. Only thing stopping my switch to Vivaldi.,RJF269,2024-08-30T04:27:19.928Z,1,MEDIA,8,140
82436,Search link text,Xium,2022-12-28T13:39:37.478Z,1,PAGE ACTIONS:MENUS,3,148
94229,Music player,SonicSquare,2024-01-12T13:04:37.956Z,1,USER INTERFACE:PANELS,4,240
100286,Adblock: Display the status of filter lists retrospectively,sdtbluethink,2024-08-17T13:19:48.535Z,1,AD AND TRACKER BLOCKER,4,106
100288,Cookies: You cannot add cookie exceptions via the settings,sdtbluethink,2024-08-17T13:38:29.496Z,1,COOKIES:SETTINGS,1,57
100287,Settings: show "On-device site data" like Chrome,sdtbluethink,2024-08-17T13:30:22.810Z,1,PRIVACY AND SECURITY:SETTINGS,1,59
55672,Do Not Disturb mode?,koniiiik,2021-01-19T10:06:26.804Z,1,,3,111
99345,Move cookie-banner filters to tracker blockers,karlemilnikka,2024-07-10T11:46:58.114Z,1,AD AND TRACKER BLOCKER:PRIVACY AND SECURITY,10,252
100039,Disable mouse gestures on specific websites only,rejzor,2024-08-06T06:17:33.062Z,1,MOUSE GESTURES,1,47
71542,Favorite / Recent bookmarks,gzg06,2022-02-03T01:53:39.609Z,1,BOOKMARKS,3,24094
87186,Search Suggestions Text Autocomplete Consistency,d2warren,2023-05-22T02:20:00.815Z,1,SEARCH:SETTINGS,2,124
99956,Hotkey to move select tab into a stack,jorosy,2024-08-01T18:14:13.839Z,1,KEYBOARD SHORTCUTS:TAB STACKS:TABS:WORKSPACES,3,103
99848,Vertical Tabs: Change order so that new tabs appear on top.,Lacu,2024-07-29T17:47:38.746Z,1,TABS:TAB BAR,1,50
99741,Tab Tiling Presets & Configurable Ratios,apers0n,2024-07-25T19:29:52.990Z,1,DEVELOPER TOOLS:TABS:USER INTERFACE,1,46
99683,Session Manager "nuclear option" to restore a saved session,almosteasy,2024-07-23T08:38:19.995Z,1,SESSIONS:WORKSPACES:TAB BAR:TAB STACKS:TABS,1,72
99483,Reading List panel like Chrome,ntg04,2024-07-15T20:06:16.468Z,1,READING LIST:PANELS:USER INTERFACE,1,74
99479,Make Mobile UI available in Desktop Browser,mobianmoves,2024-07-15T19:02:46.234Z,1,USER INTERFACE:MENUS:NAVIGATION,1,81
99023,Customizations for dark mode,1537592846,2024-06-29T03:17:52.748Z,1,WEB PAGES:USER INTERFACE:THEMES,6,221
93022,Workspaces in Panel,Darren23,2023-12-03T01:45:15.195Z,1,PANELS:WORKSPACES,3,196
97661,Bounce Tracking protection,kirill1996,2024-05-06T20:53:32.971Z,1,PRIVACY AND SECURITY,4,177
98915,Add SearXNG.org as search engine option,Leisureguy,2024-06-25T16:25:54.166Z,1,SEARCH,3,205
98858,Site-specific setting to open links in private window,VoodooPriest,2024-06-24T07:38:59.035Z,1,COOKIES:SEARCH:SETTINGS,1,77
98856,Smarter Profile Handling / Managing,LukiLiuk,2024-06-24T07:32:02.880Z,1,PROFILES:SYNC:WINDOW:SETTINGS,1,87
98788,Vivaldi Easels (mudboard) as in arc browser,oahatun,2024-06-21T20:20:53.513Z,1,BLOGS:FORUM:VIVALDI SOCIAL,2,161
70901,TrackPad/TouchPad gesture to switch tabs (without modifier key),clazom,2022-01-14T18:39:13.066Z,1,TABS,6,1524
98724,Open Link in to New Tab Stack,dpn,2024-06-20T14:36:18.762Z,1,TAB STACKS:USER INTERFACE:NAVIGATION,2,85
98605,Allow to set the bookmark bar to be displayed only on startpage,fufuchao,2024-06-15T10:55:30.629Z,1,BOOKMARK BAR:START PAGE,3,168
98615,Extension names and improvements,snakehill,2024-06-16T13:15:12.489Z,1,EXTENSIONS:USER INTERFACE,4,169
96709,Synchronisation error handling in Vivaldi Desktop,otto,2024-04-05T17:43:54.301Z,1,SYNC,2,130
98466,Clock support auto clear history,plo,2024-06-08T09:33:11.803Z,1,USER INTERFACE,1,56
98025,Independent Page Zoom For Tabs And Web Panel On Same Domain,thedayismine,2024-05-18T20:43:53.915Z,1,TABS:PANELS:ZOOM,5,202
95155,Keyboard shortcut: Move tab to workspace,DavyLJones,2024-02-14T19:46:40.348Z,1,TABS:KEYBOARD SHORTCUTS:WORKSPACES,8,327
97966,Automatically stack tabs by host,Moondane,2024-05-16T06:06:38.299Z,1,,16,399
68863,Title bar/address bar transparency with transparent bottom tab bar,supra107,2021-11-22T16:04:52.648Z,1,THEMES,3,283
98071,Bookmarks: correct highlighting in the Bookmarks Panel,sphera,2024-05-21T14:31:46.464Z,1,BOOKMARK BAR,7,196
98068,Add permanent close  maximize and minimize buttons on MacOS in Fullscreen mode,mrkong,2024-05-21T11:13:55.707Z,1,WINDOW:TABS:PANELS:TAB BAR,1,183
98023,Reading List status indicator,bjwyman,2024-05-18T17:41:15.653Z,1,READING LIST,1,88
97979,Close tab on history back action if history is empty,SantaOrlando,2024-05-16T19:25:55.766Z,1,HISTORY:MOUSE GESTURES:NAVIGATION:TABS:COMMAND CHAINS,2,117
97971,Ability to assign hot key to Delete Workspace,dalinar,2024-05-16T13:49:56.493Z,1,WORKSPACES:KEYBOARD SHORTCUTS,1,79
97965,Add Sunday in the status bar,UNISEED,2024-05-16T05:25:10.353Z,1,STATUS BAR,1,103
97789,Improve visibility for greyed out commands (in context menu),heidi-hoh,2024-05-11T12:35:03.120Z,1,MENUS:SETTINGS:USER INTERFACE,2,98
97612,Auto-close inactive FLOATING Panel,dvincent,2024-05-05T09:47:45.743Z,1,USER INTERFACE:PANELS:SETTINGS:WINDOW:TOOLBARS,4,224
97716,Keyboard Customisation: Offer a REVERTABLE option - thus doubling the number of functions that can be used,Comfunc,2024-05-08T14:13:56.313Z,1,KEYBOARD SHORTCUTS:TAB STACKS:TABS,1,82
97666,Workspaces Locking Tabs,jhmtaylor,2024-05-07T00:44:07.593Z,1,WORKSPACES:TABS,1,97
97641,Create workspace rule from Tab,marenz,2024-05-06T10:21:32.987Z,1,WORKSPACES,1,71
97329,Reading List on Speed Dial Different Views,Pardus,2024-04-27T20:00:59.050Z,1,READING LIST:SPEED DIAL,2,104
97210,Display Name of Profile next to username in the "Logged in as" menu item,dalinar,2024-04-25T18:05:08.619Z,1,MENUS:USER INTERFACE:TOOLBARS:PROFILES,1,99
96540,Add new tab to the right,tesseractie,2024-03-30T18:23:39.158Z,1,TAB BAR:TABS:TAB STACKS:USER INTERFACE,3,154
62854,Option to only show favicon in tabs,xep097,2021-06-19T02:35:46.281Z,1,TABS,9,673
97034,View mail folder in panel,otto,2024-04-18T12:59:58.530Z,1,PANELS,3,124
96944,Compress inactive background tabs,kirill1996,2024-04-15T11:34:31.435Z,1,TABS,1,63
96897,Mail > Custom Keyboard Shortcut for "Delete Message" (Move to Trash),romwell,2024-04-13T20:46:41.822Z,1,KEYBOARD SHORTCUTS,1,83
87561,Drag links/bookmarks to open tabs in specified location,WiseClock,2023-06-03T02:28:43.693Z,1,TABS:TAB BAR:PAGE ACTIONS,5,353
96803,Allow opening a workspace through the Windows taskbar context menu,totkeks,2024-04-09T20:16:03.843Z,1,WORKSPACES:USER INTERFACE,1,72
96764,Option to disallow web sites from probing and communicating with devices on my LAN.,Octapoo,2024-04-07T19:56:06.696Z,1,PRIVACY AND SECURITY,6,351
96532,Account choice from the taskbar,AP2023,2024-03-30T09:09:09.543Z,1,USER INTERFACE:PROFILES,5,211
96669,movable "Save as" dialogue,Tuexss,2024-04-04T10:36:30.372Z,1,DOWNLOADS:USER INTERFACE:WINDOW,4,139
96567,Replace Tab Tiling with Docking,WhereverPenguin,2024-04-01T10:43:53.288Z,1,TABS:TAB STACKS:NAVIGATION:USER INTERFACE,3,218
96236,ability to create a new bookmarks folder using a modal dialog when adding active tab to bookmarks,ripuhan,2024-03-19T20:12:48.734Z,1,BOOKMARKS,3,123
96504,Create a reverse action for "Translate Page",stdedos,2024-03-29T11:47:10.490Z,1,MENUS:USER INTERFACE,1,91
96412,Speed Dial Scalable Icon Setting,radekwierzbicki,2024-03-26T10:09:26.899Z,1,SPEED DIAL:START PAGE:WINDOW,3,171
96347,Reverse tab order...,TsunamiZ,2024-03-24T06:43:08.115Z,1,KEYBOARD SHORTCUTS:MENUS:TABS:USER INTERFACE,3,158
96365,Focus Web Panel on Notification,AlterNezKo,2024-03-24T20:44:22.725Z,1,PANELS:WEB PAGES,1,106
96339,Add confirmation when deleting bookmarks,rzjnzk,2024-03-23T19:22:03.538Z,1,BOOKMARKS,3,121
96066,Improving the "Back" button on new tabs,RSNTravis,2024-03-14T17:35:54.676Z,1,TABS:USER INTERFACE,2,108
95792,favorite languages in translation,jakob,2024-03-06T07:56:24.301Z,1,PANELS:TRANSLATE:USER INTERFACE:NOTES,1,103
95342,Notification on Rule-Based Tab Banishment to another workspace,dalinar,2024-02-21T17:51:19.232Z,1,USER INTERFACE:WORKSPACES,11,372
95609,Categorise web panels differently in Sessions panel > Edit/View Contents,valiowk,2024-03-01T11:27:41.875Z,1,SESSIONS:PANELS,1,93
83326,How about improving Vivaldi's password manager?,RasheedHolland,2023-01-29T15:02:14.101Z,1,,21,1146
95370,State partitioning of cookies and HSTS state,viljay,2024-02-22T18:00:51.005Z,1,PRIVACY AND SECURITY:COOKIES:AD AND TRACKER BLOCKER,5,357
95334,Disable Title bar,DavidBevi,2024-02-21T13:14:55.697Z,1,WINDOW:USER INTERFACE:ADDRESS BAR:TAB BAR,6,535
95324,Ability to block URL patterns from showing in URL autocomplete,Scrotch,2024-02-21T04:09:29.321Z,1,ADDRESS BAR,1,74
95314,Window Locked Workspaces and Multi-Window Sessions,RadekPilich,2024-02-20T18:07:31.330Z,1,WINDOW:SESSIONS:WORKSPACES:START PAGE,1,114
95303,Sessions improvement,sominski,2024-02-20T10:40:38.237Z,1,SESSIONS,2,123
95280,Move control buttons,1Al,2024-02-19T14:19:29.985Z,1,,1,77
90027,Detach sidebar like edge,foxsden,2023-08-30T04:55:36.655Z,1,USER INTERFACE:PANELS,13,720
95141,Option to restrain Tab close action to the tab group,tarreas,2024-02-14T11:04:17.580Z,1,TAB STACKS:TAB BAR,6,210
95201,New thought of "stacking by host",Ericlv13,2024-02-16T17:48:58.009Z,1,TAB STACKS,3,162
95169,Mind mapping in browser,LukaJelicic,2024-02-15T11:28:22.079Z,1,MEDIA:MENUS:BOOKMARKS:CAPTURE PAGE:HISTORY:READING LIST:NOTES:WEB PAGES:USER INTERFACE:SETTINGS,1,157
94776,Reading List - potential modification...,netarchitech,2024-01-31T17:05:32.904Z,1,USER INTERFACE:READING LIST:PANELS,2,174
80898,Sort search engines by name or nickname...,TsunamiZ,2022-11-12T18:46:57.855Z,1,SEARCH:SETTINGS:USER INTERFACE,3,141
88640,TAB key to jump between categories in the address drop down menu...,TsunamiZ,2023-07-06T12:16:31.588Z,1,USER INTERFACE:KEYBOARD SHORTCUTS:MENUS:SETTINGS:ADDRESS BAR,2,166
87830,Upgrade "paste and go" with the ability to instantly paste a group of links...,TsunamiZ,2023-06-10T08:14:57.218Z,1,TABS:SEARCH:ADDRESS BAR:PAGE ACTIONS:NAVIGATION,2,141
87764,Rename it to simply "duplicate tab"...,TsunamiZ,2023-06-08T23:53:02.559Z,1,TABS:KEYBOARD SHORTCUTS,4,165
94815,Hide Text on only specific bookmarks,Pauly2000,2024-02-02T00:49:00.054Z,1,BOOKMARK BAR:BOOKMARKS,5,197
84759,Sync settings: separate Bookmarks and Speed dials,potac,2023-03-14T06:45:08.456Z,1,SYNC,5,191
94747,Commands New Tab After  New Tab Before  Open Link in New Tab After  Open Link in New Tab Before,aminought,2024-01-31T00:17:36.964Z,1,TAB BAR,4,144
94655,Workspaces to have own Windows Panels and positions,Vivipop,2024-01-27T18:21:07.983Z,1,WORKSPACES:PANELS,2,124
94704,Bookmarks  Reading List/view and Notes integration,jofazepa,2024-01-29T17:01:28.827Z,1,READING LIST:READER VIEW:NOTES:BOOKMARKS,4,291
94689,Duration of notification,user_unknown,2024-01-29T07:54:13.558Z,1,SETTINGS,6,204
94675,Time tracker,alinares,2024-01-28T16:12:39.822Z,1,USER INTERFACE:PANELS,1,110
94569,Side panel feature for Stopwatch and other Timers,yorecode,2024-01-24T18:32:52.144Z,1,USER INTERFACE:NOTES:PANELS:STATUS BAR,3,217
94564,Priority Selecting Multiple Passwords for a Domain,Lasky,2024-01-24T17:02:41.083Z,1,PROFILES:PASSWORDS,2,102
94511,option to switch to workspace after rule,dalinar,2024-01-22T19:55:03.256Z,1,WORKSPACES,3,135
94537,"open Link in guest profile",michaa7,2024-01-23T21:05:04.328Z,1,MENUS,2,96
59681,Notes: pressing tab in a bulleted outline entry should add a level to the bullet,davecampbell,2021-04-16T13:14:01.939Z,1,,5,120
74295,Org Support for Notes (in addition to markdown),robertmcatee,2022-04-13T21:40:46.546Z,1,,2,129
94391,open Sessions in specific Workspace,JuliaMVWarren,2024-01-18T13:44:08.507Z,1,FORUM,3,153
79506,Allow PDF viewer text writing  drawing and signature.,lostscene,2022-09-21T05:45:50.635Z,1,USER INTERFACE:MEDIA,5,361
94086,Vivaldi Metasearch for Global Good,sbzsolt,2024-01-07T15:27:39.377Z,1,FORUM:ACCOUNT:VIVALDI SOCIAL:BLOGS,7,395
94206,Video Enchancer,Wolfy24,2024-01-11T13:41:31.847Z,1,UPDATES:USER INTERFACE:WEB PAGES,5,251
93502,missing "save Workspace as session" option,raulblanko,2023-12-18T10:33:10.702Z,1,WINDOW:SESSIONS:WORKSPACES,2,167
94029,"Clock" Vivaldi Browser (Windows),gbfelipe,2024-01-04T22:29:43.618Z,1,WINDOW:WEB PAGES:USER INTERFACE:UPDATES:TAB BAR:EXTENSIONS:ADDRESS BAR:WORKSPACES,2,273
87959,Copy Links: Markdown (and maybe HTML),dalinar,2023-06-13T11:20:39.884Z,1,TABS,5,323
93917,Tab Bar display customisation,inadream,2024-01-01T04:03:30.383Z,1,TABS:TAB BAR:PANELS:SETTINGS,10,490
93933,Sessions Improvements,Tmc2022,2024-01-01T15:13:37.214Z,1,SESSIONS,1,128
80369,Fine-grained autocomplete settings,SharpBlade,2022-10-20T15:42:43.239Z,1,SEARCH:NAVIGATION:ADDRESS BAR,2,225
93838,Pop-Out Video Button/Icon On Tab,Pardus,2023-12-28T19:03:07.431Z,1,TABS:POP-OUT VIDEO,1,137
93821,Enable specific extensions only within the designated workspace,Ericlv13,2023-12-28T10:21:34.251Z,1,EXTENSIONS:WORKSPACES,1,133
93746,PIP Video more function - Playback speed,scoolo78,2023-12-25T12:31:11.245Z,1,MEDIA:USER INTERFACE:SETTINGS:POP-OUT VIDEO,4,602
93397,Restrict extensions from accessing other workspaces (other than the current one),TuTAH,2023-12-15T12:10:24.727Z,1,WORKSPACES:EXTENSIONS,1,113
93376,New Related Tab Command,timconner,2023-12-15T01:39:34.256Z,1,QUICK COMMANDS,3,158
93363,send multiple tabs/tab group to created workspace from the windows  panel,srdgrb,2023-12-14T19:35:49.433Z,1,USER INTERFACE:WORKSPACES:WINDOW,2,127
89144,Notification of YouTube doesn't disappear with time.,lamrongol,2023-07-28T04:36:55.375Z,1,SETTINGS:WEB PAGES,13,504
92791,Add your own artificial intelligence system like Brave  Opera  Edge..,davidgarciasantes,2023-11-25T05:42:37.476Z,1,SEARCH,8,474
93133,Privacy Statistics - sync and global numbers,etneveldesigns,2023-12-07T17:29:01.893Z,1,USER INTERFACE:TABS:SYNC:PRIVACY AND SECURITY:AD AND TRACKER BLOCKER,1,153
92986,remove search engine history from address bar autocomplete,DavyLJones,2023-12-01T20:22:36.899Z,1,ADDRESS BAR,9,302
92962,multiple rows of bookmark,jian9,2023-12-01T05:25:42.900Z,1,BOOKMARK BAR,2,144
92895,Make history and bookmarked website content text searchable,willrs,2023-11-29T01:20:32.367Z,1,HISTORY:BOOKMARKS,1,154
91164,Enable Windows Snap when dragging out Tabs from a Vivaldi window,kHellstr,2023-10-02T12:53:59.954Z,1,TABS:USER INTERFACE:WINDOW,5,254
92718,Display Text in Columns,aranga,2023-11-22T19:39:17.166Z,1,THEMES:READER VIEW,5,242
92741,Add Bookmarks Popup - increase size of window for folder list on large screens,DavyLJones,2023-11-23T15:23:52.965Z,1,BOOKMARKS,1,111
92467,Give option to select toplevel domain in addressbar,RasheedHolland,2023-11-14T12:21:45.892Z,1,ADDRESS BAR:WEB PAGES,4,196
92402,User-defined reminder time period,etoh3,2023-11-11T23:51:51.491Z,1,SETTINGS,1,111
82447,Tab Stack | New tab position,Drkhn,2022-12-28T16:02:04.295Z,1,TABS:TAB STACKS,3,228
92218,Open external URLs in different profiles depending on URL content,Avi,2023-11-05T18:02:50.548Z,1,PROFILES,1,152
84826,More things to import from other browsers.,Dogeiscut,2023-03-15T23:11:56.579Z,1,EXTENSIONS:COOKIES:SYNC,3,278
92200,Double click the scrollbar to go to top/bottom of page...,TsunamiZ,2023-11-05T08:48:43.895Z,1,WEB PAGES:USER INTERFACE:TOOLBARS:PAGE ACTIONS:NAVIGATION:MOUSE GESTURES,4,280
92058,Move titlebar/window buttons to bottom,Geniusak,2023-11-01T05:17:41.422Z,1,WINDOW,2,115
92007,Truncate bookmark bar,mkaraganev,2023-10-30T19:50:53.587Z,1,BOOKMARK BAR,2,130
91848,In bookmark  create new folder or bookmark would have pop outs,muddjs,2023-10-27T00:33:26.412Z,1,BOOKMARKS,9,281
91892,Pinned tab should start in respective workspace,symq,2023-10-27T13:59:09.306Z,1,TABS:WORKSPACES,1,92
91874,Combine 'after active tab' with 'as tab stack with related tab',mhmak,2023-10-27T10:26:22.738Z,1,TABS:TAB STACKS,1,89
91698,Find in Page: Color,sphera,2023-10-22T14:18:54.886Z,1,SEARCH:USER INTERFACE:WEB PAGES,14,513
87145,Multi-line tabs names,sphera,2023-05-20T22:46:14.433Z,1,TABS:TAB BAR,24,1652
91617,Open Link in 'Active'  not 'New' Web Panel,thedayismine,2023-10-18T21:51:26.417Z,1,COMMAND CHAINS:BOOKMARKS:QUICK COMMANDS:PANELS,1,146
91493,Advanced bookmarking tools à la Pinboard,kmmck,2023-10-13T18:43:28.833Z,1,PANELS:BOOKMARKS:BOOKMARK BAR,3,203
91388,Unify tab context menu for panel window view and tab bar,rarach,2023-10-10T08:18:51.232Z,1,TAB BAR:TABS:PANELS,4,197
91075,Lock URL,karimzade,2023-09-29T20:31:59.880Z,1,PRIVACY AND SECURITY,9,372
90884,Bookmarks to open inside a tab stack,unclnis,2023-09-24T20:30:21.397Z,1,TAB STACKS:TAB BAR:BOOKMARKS,5,249
90776,Title Bar Customization,n810,2023-09-20T16:54:40.555Z,1,USER INTERFACE,1,121
83527,Show one specific image in "Load images: cached" mode,picvfud,2023-02-05T00:13:59.751Z,1,MEDIA:WEB PAGES,4,251
90684,Locking UI changes,lcd047,2023-09-17T19:21:02.739Z,1,USER INTERFACE,2,116
90545,Can you move Raza Chroma and Phillips Hue features to and add-in from the main Browser,sirinath,2023-09-13T16:37:59.299Z,1,EXTENSIONS,11,187
90544,Add Desktop / Taskbar / Quick Start Icon,sirinath,2023-09-13T16:31:50.384Z,1,WINDOW,1,58
90542,Add a toggle to make the Menu Bar transparent when opening a New tab,PogChampion,2023-09-13T15:26:46.231Z,1,START PAGE:ADDRESS BAR:BOOKMARK BAR,2,248
90541,Ctrl+Tab between Workspaces,IvanRosN,2023-09-13T15:15:51.913Z,1,TABS:SETTINGS:WORKSPACES,1,113
90491,Requesting for "X" with the screenshot toolbar in case of not wanting to take screenshot or cancelling it.,LoneRanger12,2023-09-12T13:10:46.489Z,1,WINDOW,1,70
90416,PiP window snapping to the edge of the screen (+ improvements),Gregor,2023-09-09T12:11:06.452Z,1,MEDIA:POP-OUT VIDEO:USER INTERFACE:WINDOW,1,152
90407,Let the user paste/drop a new custom image as new icon for the selected workspace,Raindrops1,2023-09-09T02:40:23.921Z,1,WORKSPACES:USER INTERFACE:SETTINGS,1,108
73166,Scroll tabs when opening tabs in the background,krusion,2022-03-18T02:29:58.044Z,1,SCROLLABLE TABS:TABS,7,527
90310,Clear Missing Downloads,tynansdtm,2023-09-05T23:01:52.497Z,1,DOWNLOADS,6,270
86525,Restricting surveillance by collecting cookies  as done in Firefox,kirill1996,2023-05-04T12:42:26.551Z,1,COOKIES:AD AND TRACKER BLOCKER,3,216
90292,Bookmark Bar visibility customization,mkaraganev,2023-09-05T13:07:39.702Z,1,BOOKMARK BAR,4,254
68191,Drag and Drop files directly from desktop/folders,Yeetus404,2021-11-01T19:13:24.794Z,1,,6,292
90171,Voice Your Commands: Let’s Bring Speechly's API Polyfill to Vivaldi!,s4g3dr4d4,2023-09-01T17:10:03.901Z,1,,4,199
57708,Dotted List and Numbered List buttons missing in side panel Notes,C2A,2021-03-03T12:30:43.985Z,1,,4,78
53799,Session - Save Tile - Arrangement with Session,ClausKiss,2020-12-02T17:08:30.927Z,1,,3,134
90163,Vertical Tab Bar Width Limit Increase,RadekPilich,2023-09-01T13:31:54.592Z,1,TAB BAR:USER INTERFACE,1,79
82406,left-click opens external links in background,peefy,2022-12-27T12:13:19.464Z,1,WEB PAGES:TABS:SETTINGS:NAVIGATION,4,198
82781,Fast hide webpanel icons with right click,voicemorpher,2023-01-11T09:21:13.064Z,1,PANELS:TOOLBARS,2,131
82722,I want more space for a line.,jian9,2023-01-09T04:35:06.854Z,1,NOTES,3,183
83984,Panel to manage saved sessions in a more enriched way  such as extensions that can be found on the internet,davidgarciasantes,2023-02-19T09:35:28.553Z,1,SESSIONS,3,113
90043,"Reset to default" option on menus need an "are you sure" prompt,Kvasmeister,2023-08-30T09:17:11.930Z,1,MENUS,3,137
89998,Include Synced Tabs in Quick Commands Results,RammsteinAM,2023-08-29T08:55:19.203Z,1,QUICK COMMANDS:SYNC:TABS,1,120
89919,Sync reset option should to be password protected.,annyanir,2023-08-26T11:16:35.306Z,1,SETTINGS:SYNC,2,116
89858,Gradient background in theme,sabovyan,2023-08-24T10:31:03.568Z,1,THEMES,1,157
89798,Option to remove the top and bottom padding on navigation bar with tabs on side,blobchapeau,2023-08-21T18:21:53.624Z,1,TOOLBARS,5,235
89745,Obedient panels option,RadekPilich,2023-08-19T14:52:20.901Z,1,HISTORY:PANELS:SESSIONS,1,141
89471,Developer Tools: Copy request payload,hulkur,2023-08-09T15:18:27.071Z,1,DEVELOPER TOOLS,9,560
67153,Option to enable Vivaldi's own root store,yasemindeki,2021-10-06T06:13:52.883Z,1,SETTINGS,8,279
67620,Name folder when bookmarking all tabs,Tmc2022,2021-10-16T19:25:45.276Z,1,BOOKMARKS,2,125
89307,Standalone | Prevent to install in system folders,Hadden89,2023-08-03T17:16:50.250Z,1,UPDATES,1,115
89290,adding color to the Progress bar of url,mewmewsea,2023-08-03T09:23:38.994Z,1,WINDOW:SETTINGS:ADDRESS BAR,1,125
89033,Weather,lisating,2023-07-23T01:25:05.796Z,1,USER INTERFACE:STATUS BAR,4,278
88265,Remove dark/light color flashing when navigating from Start-page or from old URL to new URL,enc0re,2023-06-22T14:15:03.101Z,1,WEB PAGES:NAVIGATION:USER INTERFACE,5,238
88664,Tree-Style History,IVDCCXI,2023-07-07T09:26:41.769Z,1,HISTORY:NAVIGATION:PANELS,1,158
88636,Ad blocking without tracker blocking,Tophness,2023-07-06T08:33:37.301Z,1,AD AND TRACKER BLOCKER,1,101
73959,Notes locking,jimmyz,2022-04-08T08:22:44.641Z,1,PANELS,5,206
88559,Auto Profile Refresh,Eggcorn,2023-07-03T11:05:55.844Z,1,PROFILES,1,138
77004,Synchronise Contacts with external services,tomica,2022-06-24T15:34:07.674Z,1,,5,159
87964,Drag links to create tabs in a workspace,eyelessjerry,2023-06-13T13:12:27.379Z,1,TABS:WORKSPACES,10,327
88307,Better alarm and timer,notmalware,2023-06-24T13:21:42.280Z,1,USER INTERFACE:MENUS,5,265
88302,Opening the URL from the OS should follow the current active Tab stack,Radekz,2023-06-24T12:14:14.352Z,1,TAB STACKS:SETTINGS,1,73
88159,Internal PDF Viewer - Highlight by Word - Feature Request,jclack,2023-06-19T15:31:33.931Z,1,USER INTERFACE:MOUSE GESTURES:MEDIA,2,177
88080,Bookmark Bar Display: Discriminate Folders & Bookmarks,FranzJosef,2023-06-16T22:31:33.036Z,1,USER INTERFACE:SETTINGS:BOOKMARK BAR,1,113
87966,allow Hashtags in notes,caphe,2023-06-13T13:23:36.399Z,1,NOTES,1,105
87850,Get rid of the "Fade" on the right edge of Tab Titles,dpeeri,2023-06-10T17:44:14.216Z,1,TAB BAR,1,75
71043,Select the first bookmark folder matching the search string automatically when adding a new bookmark.,rzjnzk,2022-01-18T20:48:46.248Z,1,BOOKMARKS,2,99
87772,The active vertical tab is hard to spot at a glance.,Wizardling,2023-06-09T03:18:02.981Z,1,USER INTERFACE:TABS,1,70
87759,Notify users of Vivaldi webmail requirements on Settings page,quincy8888,2023-06-08T20:43:42.274Z,1,MENUS:PASSWORDS:SETTINGS:USER INTERFACE,2,153
87741,Add Friction/Separation in Workspaces (URL blocking  password limits),smithern,2023-06-08T15:08:46.716Z,1,WORKSPACES,1,163
86329,Vivaldi's workspaces and their placement,HarveyBirdman96,2023-04-29T11:14:36.788Z,1,WORKSPACES:USER INTERFACE,12,609
68659,Address Bar not using DNS Search list (thus breaking shortnames),gnigg,2021-11-16T17:48:03.563Z,1,ADDRESS BAR,7,389
87542,"Switch tabs by scrolling" option  please add a sub option to "reverse scrolling order"...,TsunamiZ,2023-06-02T12:58:04.925Z,1,TABS:TAB BAR:SETTINGS:USER INTERFACE,1,83
87380,Request for New Feature: Opening Window Panel as a New Tab,pd1xx,2023-05-28T07:37:14.827Z,1,WINDOW:TABS:TAB STACKS:PANELS,1,150
85731,"Display workspaces in tab bar"  please add an option to "hide when empty"...,TsunamiZ,2023-04-18T10:54:31.600Z,1,WORKSPACES,7,251
87262,Can we have the ability to save workspaces like FIrefox Tree tabs?,ghostw4ve,2023-05-24T09:26:18.679Z,1,USER INTERFACE:WORKSPACES,8,494
87134,Send to Workspace...,vivafan,2023-05-20T15:08:12.817Z,1,USER INTERFACE:WORKSPACES:SESSIONS:PAGE ACTIONS:BOOKMARKS:NAVIGATION,3,204
86885,Remember position when restoring recently closed tab,GcWan,2023-05-14T01:57:42.685Z,1,TABS,17,467
87087,Worspace ID in window properties,anovelway,2023-05-19T13:50:29.617Z,1,WORKSPACES:WINDOW,1,822
87078,Separate section for disabled and enabled extensions,gromodzilla,2023-05-19T08:58:42.434Z,1,USER INTERFACE:EXTENSIONS,6,194
86700,Concurrent Workspaces,darkfrog,2023-05-08T22:48:38.989Z,1,WORKSPACES,8,228
86571,Allow Having Multiple Tab Bars Concurrently; for example  one at the top  with thumbnails always enabled  and a vertical one on the left,TheAMan006,2023-05-05T14:48:23.364Z,1,TABS:TAB BAR,1,68
86544,Move tab scroll leftmost button to the right side of the last pinned tab,Soromeister,2023-05-04T21:48:29.725Z,1,TAB BAR:TABS:TAB STACKS:USER INTERFACE,1,77
57951,Add option to open links in a new (foreground) tab by default,ScribeUK,2021-03-10T08:44:16.446Z,1,TABS,18,823
86177,Upgrade PDF Plug-in to Latest,ProductUser,2023-04-26T09:22:28.201Z,1,USER INTERFACE:UPDATES:SETTINGS:MEDIA,6,270
86298,Send Page/Link to Notes,Pardus,2023-04-28T19:01:37.922Z,1,NOTES,2,148
86239,Please add the active workspaces to the Window menu,fieldsnyc,2023-04-27T14:53:50.623Z,1,WORKSPACES:USER INTERFACE:WINDOW:MENUS,1,94
86025,Search Engines Nicknames At The End of Line,Pardus,2023-04-22T19:24:50.990Z,1,SEARCH:QUICK COMMANDS:ADDRESS BAR,1,86
86002,Open links as subtab,FABR0,2023-04-22T09:55:33.579Z,1,USER INTERFACE:TAB STACKS:TABS:TAB BAR,3,135
85968,Add a "LAST" button to F2 Quick Command Key to search field.,DaaBoss,2023-04-21T17:39:27.059Z,1,USER INTERFACE:SEARCH:QUICK COMMANDS:NAVIGATION:KEYBOARD SHORTCUTS:HISTORY,4,170
85971,Show user profiles when right clicking on MacOS dock icon,rpn,2023-04-21T17:53:59.781Z,1,USER INTERFACE,1,60
85931,Tab Position when removing from stack,Soromeister,2023-04-21T08:37:33.406Z,1,TABS:TAB STACKS:TAB BAR:SETTINGS,1,77
85914,Assign a default window to open external URLs in,wyldphyre,2023-04-21T01:52:44.771Z,1,WINDOW:TABS:SETTINGS,1,50
85905,Seperate proxy settings like firefox in Windows Version,sajiby2k,2023-04-19T20:20:50.794Z,1,SETTINGS,3,347
85892,More styles for Popup Thumbnails,SalamonHaichat,2023-04-19T18:02:05.937Z,1,TABS,4,103
85883,Let tabs in Workspaces remain between browsing sessions with all "Startup with" choices,MaxBedlam,2023-04-19T16:17:09.896Z,1,WORKSPACES,4,143
85796,Option to remove text 'Window' and 'Workspace' from the Web Panel Window list,g_bartsch,2023-04-18T23:11:29.409Z,1,WORKSPACES:USER INTERFACE,5,159
71699,Tilde hotkey,Sunderer,2022-02-08T11:44:18.025Z,1,,10,329
74111,Options to disable Notes  Reading List  and Translate,Dobypeti,2022-04-11T05:56:23.781Z,1,SETTINGS,3,551
85664,Quick Command Switch to Workspace 10 and above,RadekPilich,2023-04-16T09:52:47.850Z,1,WORKSPACES:SETTINGS:QUICK COMMANDS,3,265
85457,Speed Dial | Add Thumbs From Image URLs,Hadden89,2023-04-08T21:24:26.571Z,1,BOOKMARKS,3,137
75944,Make Flexible Space draggable & clickable,olbaze,2022-06-02T18:30:22.583Z,1,TOOLBAR EDITOR,10,1364
72938,Modifier key with mouse clicking for opening Homepage in new foreground tab,drkh,2022-03-11T02:46:02.655Z,1,ADDRESS BAR,3,158
72757,Shortcut for switching bookmarks folder,heroeskiller95,2022-03-05T12:23:47.090Z,1,BOOKMARKS,5,185
85248,Mail client in two windows,frankp,2023-03-31T03:10:11.121Z,1,PANELS:WINDOW,1,113
85189,Show Count Of The Number Of Notes Added On A Webpage On The Notes Side Panel,TheAMan006,2023-03-28T22:40:55.906Z,1,PANELS:NOTES,4,179
85182,Remove the menu under New Workspace button,Gregor,2023-03-28T17:21:50.736Z,1,WORKSPACES:USER INTERFACE:MENUS,1,126
85099,Right-click menu should contain "open link in tile",Baron860,2023-03-25T18:39:17.068Z,1,MENUS:USER INTERFACE,5,147
84932,In The "Window" Side Panel  In the Sort-By Category  Add A "By-Last-Accessed"/"By Recent"/"By Latest" Category,TheAMan006,2023-03-19T20:31:26.521Z,1,WINDOW:TABS:TAB BAR:PANELS,3,149
84933,Alternate/Parallel History Sorted By Tab-Closing-Time  Not Tab-Creation-Time,TheAMan006,2023-03-19T20:41:02.004Z,1,HISTORY,3,116
84945,Add an option to use the built-in translator of macOS,Anotia,2023-03-20T09:46:22.243Z,1,TRANSLATE,1,128
84767,Keyboard shortcut and command to reduce Accordion Tab Stack,guodongan,2023-03-14T09:08:52.619Z,1,TAB STACKS:COMMAND CHAINS:KEYBOARD SHORTCUTS,3,252
84599,Capture Image Search,shriokun,2023-03-09T09:21:58.632Z,1,SEARCH:CAPTURE PAGE,1,146
84564,Bookmark suggestions in address bar should consider history,awilchak,2023-03-08T03:15:30.978Z,1,ADDRESS BAR:BOOKMARKS:HISTORY,1,108
84471,Resurrecting  Note Merging,janrif,2023-03-05T12:46:14.552Z,1,USER INTERFACE,1,70
74250,vivaldi://flags dark mode fix,DaniloAsanin,2022-04-13T11:26:12.952Z,1,,6,935
83873,Stop auto hide sidepanel on fullscreen mode.,ThatMadGab,2023-02-16T19:38:20.040Z,1,USER INTERFACE:SETTINGS:PANELS,3,145
83798,Option to disable opening new tab after selecting an item from the search history list,Gregor,2023-02-14T20:24:09.885Z,1,SEARCH:HISTORY:ADDRESS BAR:SETTINGS,1,106
83797,Option to automatically close bookmarks folders when the panel closes.,thegreensplurge,2023-02-14T17:43:55.280Z,1,PANELS:BOOKMARKS:USER INTERFACE,2,129
83710,Mouse Rocker Gestures - Ability to disable option,plussnld,2023-02-11T16:39:19.936Z,1,MOUSE GESTURES,7,191
83496,Allow Extensions on Vivaldi:// URLs,eeriemyxi,2023-02-04T06:42:31.452Z,1,EXTENSIONS:WEB PAGES:SETTINGS,2,226
83405,Bookmark folders better be in a separate panel like in classical windows explorer,belu2021,2023-01-31T22:19:51.663Z,1,BOOKMARKS,1,146
80823,Sort bookmarks in Ctrl+D menu,igormsk,2022-11-09T07:51:44.984Z,1,BOOKMARKS:BOOKMARK BAR,3,206
82605,Browser lock/password,rybonucleic,2023-01-04T09:44:55.341Z,1,PRIVACY AND SECURITY:SETTINGS:SESSIONS,2,308
82494,Context Menu Fullscreen item,LesAHay,2022-12-30T00:05:46.432Z,1,USER INTERFACE:MENUS,2,130
82462,Add "Bookmark All Tabs" to Keyboard settings,libcub,2022-12-29T04:38:38.715Z,1,SETTINGS:KEYBOARD SHORTCUTS:BOOKMARKS,2,162
82454,Multi cursor selection,weyh,2022-12-28T19:53:15.652Z,1,USER INTERFACE:KEYBOARD SHORTCUTS:PAGE ACTIONS,1,121
82377,Add option to open tab at the end by shortcut or right button,davidgarciasantes,2022-12-26T08:15:21.888Z,1,WINDOW:SETTINGS:PAGE ACTIONS,2,126
77027,search bar input during loading tab,Manurac,2022-06-25T05:38:49.020Z,1,ADDRESS BAR,3,131
82364,Customizable Bookmarks bar,pokemn,2022-12-25T08:21:38.546Z,1,BOOKMARK BAR,2,164
82291,[Improvement] Tabs Sessions: Easier access for stored tabs + auto-update new tabs entries,TheGB0077,2022-12-22T16:01:58.502Z,1,TABS:TOOLBARS:SESSIONS,5,219
82127,Option to centre tabs,dandeancook,2022-12-17T22:05:04.706Z,1,TABS:TAB BAR:USER INTERFACE,2,115
81982,Stack selected tabs to work with tab stacks,Feb199,2022-12-14T15:46:32.704Z,1,USER INTERFACE:TABS:TAB STACKS,1,87
64044,Start Page --but without the website thumbnails,LESSY707,2021-07-16T15:52:35.578Z,1,SETTINGS,15,714
81933,Separate search phrase for each tab,ztMAMOHT,2022-12-13T11:51:43.618Z,1,SETTINGS:SEARCH,2,110
81718,Vivaldi - Safari plugin (till Vivaldi for iOS is ready),rkthunga,2022-12-08T18:37:25.503Z,1,BOOKMARKS,6,228
81756,Selective remove links in bin,factory17,2022-12-09T10:36:15.665Z,1,USER INTERFACE,6,190
81763,tab stack and background tabs,glx,2022-12-09T13:27:19.303Z,1,TAB STACKS:TABS,1,95
80234,Icons for new window and new private window to toolbar,vepve,2022-10-15T10:40:36.410Z,1,TOOLBARS:WINDOW,7,325
81717,Share Bookmarks for Collaboration,rkthunga,2022-12-08T18:34:57.286Z,1,SYNC,1,88
81679,Adding more settings to panel,Gneno,2022-12-08T11:14:35.885Z,1,PANELS,1,98
81534,Mail: Mark Message Read from Popup Notification,dalinar,2022-12-06T07:54:53.045Z,1,USER INTERFACE,1,71
81401,Full distinction in design,ShriviShine,2022-12-02T00:13:29.672Z,1,FORUM:VIVALDI SOCIAL:BLOGS,2,200
81218,Search field option,vsuper11,2022-11-26T12:28:12.068Z,1,SEARCH,1,77
81171,save as .url files,kuzduk,2022-11-24T16:53:11.602Z,1,,1,97
81170,.mht instead of .mhtml,kuzduk,2022-11-24T16:43:44.360Z,1,,1,64
81064,Window Panel: Closed Tabs,coldsmile,2022-11-20T06:15:12.362Z,1,PANELS,2,139
81126,Scroll within tab stack only,jjj123,2022-11-22T15:50:01.819Z,1,TABS:TAB STACKS:TAB BAR,1,81
81117,Different user - one as default user,Tasmdevil,2022-11-22T09:54:24.111Z,1,SETTINGS:PROFILES,1,93
60385,Window Panel: 2click in empty space ->new tab,panda83,2021-05-01T01:38:54.599Z,1,PANELS,7,261
81021,Remove Show update settings button & display update settings in plain sight,dude99,2022-11-18T14:01:07.610Z,1,UPDATES:DOWNLOADS,1,103
81012,include page title when dragging url to note,ejaen,2022-11-18T09:02:25.692Z,1,NOTES,1,102
80966,Suggest open tabs on Speed Dial's add dialog,sjetesjete,2022-11-16T07:25:20.266Z,1,SPEED DIAL:PAGE ACTIONS:BOOKMARKS:ADDRESS BAR:QUICK COMMANDS,2,151
80784,Integrated File Explorer,gzy2001,2022-11-07T12:14:46.443Z,1,USER INTERFACE:TOOLBARS,11,748
80788,Rename synced profiles,starkwd,2022-11-07T15:14:22.766Z,1,SYNC:PROFILES,1,126
80691,request: Clone tab to new window,davidimh,2022-11-03T01:08:31.565Z,1,TABS:WINDOW:USER INTERFACE,2,148
80738,Organizing themes,PurpleDawnYT,2022-11-04T20:14:01.201Z,1,THEMES:SETTINGS,2,132
80448,Allow tables in Reader View on the fly,paul1149,2022-10-23T16:39:43.955Z,1,WEB PAGES,2,112
80377,Extension windows appearing out of bounds,andi90,2022-10-20T21:37:11.609Z,1,EXTENSIONS,1,145
80221,Installed PWA Apps inside of sidebar instead of vivaldi://apps,shawny43,2022-10-15T01:09:12.581Z,1,WEB PAGES:TOOLBARS:USER INTERFACE:PANELS:NAVIGATION:EXTENSIONS:SEARCH:WINDOW,1,226
80013,Individual panel settings in Vivaldi settings,forsetius,2022-10-09T14:07:08.112Z,1,PANELS:SETTINGS,1,116
79972,Business super search of communication channels plus mail  calendar events  tasks  notes  etc.,WildEnte,2022-10-08T10:31:57.457Z,1,SEARCH,1,96
79866,After closing a tab  show Popup Thumbnail for the newly focused one,RammsteinAM,2022-10-05T20:20:02.946Z,1,TAB BAR:TABS,3,155
78634,Search themes?,eddjasfreeman,2022-08-21T12:56:10.129Z,1,THEMES,3,188
73259,Integrat a Jabber/XMPP messenger in Vivaldi desktop,ingolftopf,2022-03-21T12:44:08.652Z,1,,4,208
79726,Customizable Toolbars - duplicate buttons,RadekPilich,2022-09-29T09:34:33.779Z,1,TOOLBARS:USER INTERFACE:STATUS BAR,4,192
79666,Mac OS Vivladi Browser to make PWA's like Edge Browser on Surface Pro X,philliplanos,2022-09-27T04:59:43.602Z,1,UPDATES:USER INTERFACE:WEB PAGES:TOOLBARS,3,200
79695,Force click support - close tabs and open links in background with force click,alexander.gorbovets,2022-09-28T08:13:54.051Z,1,TABS:PAGE ACTIONS:SETTINGS,3,144
79509,Silence Notifications,jumpsq,2022-09-21T08:30:36.080Z,1,SETTINGS:KEYBOARD SHORTCUTS:QUICK COMMANDS,2,135
79492,Remember Developer tools zoom level,jabcreations,2022-09-20T15:44:45.311Z,1,DEVELOPER TOOLS,1,118
79457,Watch Notes file changes,ManUtopiK,2022-09-19T13:40:35.441Z,1,,1,52
79427,USENET newsreader for Vivaldi,Jknapp1208,2022-09-18T01:06:28.600Z,1,,0,94
79354,[MacOS] Video Streaming full screen,Energizzer,2022-09-15T14:33:28.934Z,1,,1,75
79292,Remove 'reset' button in zoom controls,jcelle,2022-09-13T08:30:11.481Z,1,,4,111
79220,Resizing tiled tabs via hotkey (keyboard feature),kitsu333,2022-09-09T22:29:29.019Z,1,TABS,3,160
79182,Keyboard Shortcut or Command to Change Panel Position,moshemo,2022-09-08T09:39:33.149Z,1,PANELS,1,70
79126,Tab-stack tabs thumbnail gestures.,AnotherAtreyu,2022-09-05T21:02:51.787Z,1,TABS,3,100
79073,Bookmark Creation List Folders Alphabetically,Gelf,2022-09-04T08:14:02.931Z,1,BOOKMARKS,6,200
59203,Reader View For Wikipedia,code3,2021-04-04T14:22:28.552Z,1,,14,1324
79021,Everything must open in a new tab by default,Neeo,2022-09-02T14:24:42.515Z,1,ADDRESS BAR,2,206
78960,increase horizontal tab scroll speed,SoulReaper,2022-08-31T15:33:14.185Z,1,TABS,5,288
78894,Different positions for tab stack & actual tabs,TeddyW,2022-08-29T08:03:24.703Z,1,TABS,4,131
54251,New feature: New Tab from Link Opens in Background Needs Refinement,shadowxt,2020-12-11T09:02:16.392Z,1,,3,152
78610,Save scrollbar position on a webpage,vpx,2022-08-20T07:51:30.919Z,1,TABS,2,150
78451,Notifications on the right of the screen,Fyboch,2022-08-15T17:46:34.842Z,1,SETTINGS,11,389
78455,Reading list - trash function,plelivel,2022-08-15T19:04:16.030Z,1,PANELS,3,154
58855,Add Presearch as a search engine provider,leonardofrazao,2021-03-27T11:06:35.389Z,1,SETTINGS,8,402
70109,Bookmark Dialog description of multiple lines,MoosMas,2021-12-18T11:53:10.071Z,1,BOOKMARKS,2,109
77931,Drag Threshold (for tablet pen use),Fonant,2022-07-29T10:41:16.811Z,1,SETTINGS,1,96
64801,Better tab switch order when using single-key switching,stevehav,2021-08-03T18:44:31.152Z,1,TABS,2,126
77829,Redesign bookmark's folders to left-tab style,utohitewa,2022-07-25T11:16:24.818Z,1,BOOKMARKS,1,98
77819,Add bookmarks to address bar,Karjala,2022-07-25T04:24:35.360Z,1,ADDRESS BAR,2,260
76263,Change the vivaldi icon color pallete based on theme,odlabu22,2022-06-07T17:35:35.190Z,1,THEMES,2,134
76870,Increase Contrast Between Active and Inactive Tabs,wesleyshen11,2022-06-20T07:47:56.540Z,1,TABS,4,180
77116,Make Android 'Open in New Tab' Work Same As Desktop,bwnichols,2022-06-27T17:06:25.340Z,1,TABS,2,88
77465,Is it possible to have vivaldi settings as web panel?,Dancer18,2022-07-10T14:23:43.227Z,1,PANELS,12,423
77258,Different color for Note background in dark mode,Ectropian,2022-07-02T18:00:52.909Z,1,THEMES,9,433
76778,Remove past timers or make them a unique list and clickable,vqnyweiy,2022-06-17T09:26:19.196Z,1,,3,117
76842,Set user preference for translation,ineuw,2022-06-18T22:47:44.981Z,1,SETTINGS:TRANSLATE,5,204
77086,Percival adblock,ibay770,2022-06-27T00:35:55.276Z,1,,1,87
76998,macOS : gain a standard windows control integration,latinus31,2022-06-24T11:12:26.224Z,1,,1,56
52931,add "move extensions inside the extension toolbar without keyboard",vivaldisuggestions,2020-11-12T20:16:28.918Z,1,SETTINGS,8,263
76847,Customised toolbar for private windows,FatProtea,2022-06-19T07:57:51.469Z,1,,3,85
76733,Automatically get proper thumbnails for webpages on Speed Dial. (Like Opera does.),Sergic25,2022-06-16T02:48:29.250Z,1,BOOKMARKS,1,70
76701,Size of fonts at different bars,drradic,2022-06-15T14:05:41.456Z,1,,1,42
76244,Enhance Privacy Mode by Making Ad Block Exceptions Temporary while browsing in a Private Window,artpoetryfiction,2022-06-07T12:16:27.267Z,1,,1,53
76039,Quick access website settings like Orion,polkabrothers,2022-06-03T23:43:41.219Z,1,SETTINGS,1,52
75677,Guest window should have a setting for the default engine,sergiol,2022-05-25T20:56:31.983Z,1,GUEST PROFILE:SEARCH,1,182
75594,Add a delay to HUE integration,airborne21,2022-05-22T13:28:44.326Z,1,THEMES,1,86
75434,Grid of buttons in context menu - Extension API,lukaszpolowczyk,2022-05-17T13:35:28.396Z,1,,4,88
75384,In-app timer notifications,MoosMas,2022-05-16T07:03:21.835Z,1,,1,66
75355,Advance Tab Grouping "Categorizing TabStacks",EaZy5D,2022-05-14T20:45:34.784Z,1,,1,67
75134,Allow customizing PWA's menu,Alegria,2022-05-08T10:45:47.206Z,1,PWA:SETTINGS,1,126
75017,Copy to new note extended command,Gregor,2022-05-04T12:19:26.173Z,1,SETTINGS,4,143
72608,Confirmation dialog when using Reading List,janrif,2022-03-01T15:21:46.460Z,1,READING LIST:SETTINGS,13,491
74156,Tab stacking / Tile tabs - forcing options,herunotenchi,2022-04-12T06:45:54.890Z,1,TABS,1,92
74082,Snapshot Like Opera,3XS0,2022-04-10T14:30:22.650Z,1,,9,171
74071,Progress bars and speed graphs use our theme's "highlight" color...,TsunamiZ,2022-04-10T06:45:04.891Z,1,,1,54
73872,Don't overwrite address bar contents after you begin typing for new tab,dnewlander,2022-04-07T03:45:00.854Z,1,ADDRESS BAR,3,124
73715,Always show the active tab,Ericlv13,2022-04-04T05:53:32.510Z,1,SCROLLABLE TABS:TABS,1,134
64457,Mouse Gesture Chain,Seasonly,2021-07-28T08:34:20.406Z,1,,2,223
73620,Close  Dismiss or an X button for Privacy Statistics in Speed Dial,Hadden89,2022-03-31T22:02:37.946Z,1,BOOKMARKS,3,138
73516,Vivaldi Settings; why the space profligacy?,guigirl,2022-03-29T04:54:27.961Z,1,SETTINGS,11,308
73407,Multiple windows that share the same tabs,typecasto,2022-03-24T21:52:34.469Z,1,TABS,1,79
73382,Download multiple  selected links to folder,DanMan,2022-03-24T11:16:11.605Z,1,,4,246
73383,Multi-step undo in Notes,blahsum,2022-03-24T11:20:56.815Z,1,,2,75
73144,select text opens button to search,ajms,2022-03-17T17:56:39.091Z,1,SETTINGS,1,64
72996,Shortcut to restore a window,asuka2022,2022-03-13T02:34:18.897Z,1,TABS,3,207
72882,Translator Vocabulary list,aspid,2022-03-09T18:35:35.933Z,1,TRANSLATE,1,89
72867,I want to set the color in the folder in the bookmark bar.,sinh999,2022-03-09T03:53:08.051Z,1,THEMES,1,92
72767,Turn off automatic refresh/reload?,bryophyte,2022-03-05T16:46:08.066Z,1,TABS,5,1142
72664,Save bookmarks in Window's closed tabs,goodluck233,2022-03-03T04:45:32.954Z,1,TABS,2,92
72668,We need commands to Remove bookmark from bookmarked active tab,dude99,2022-03-03T07:14:32.062Z,1,BOOKMARKS,5,237
66763,independent ui element zoom,fofo,2021-09-25T04:24:36.528Z,1,,4,208
72569,Always on top detached tabs,stilgarwolf,2022-02-28T13:46:34.193Z,1,TABS,6,447
72534,Restore classic bookmark thumb generator?,christophebronc,2022-02-27T00:37:41.554Z,1,BOOKMARKS,1,95
72526,Pinned Tabs Playing Audio,krojack,2022-02-26T19:23:13.919Z,1,AUDIO:SOUND:MEDIA:PLAYBACK:TABS:MUTE,2,352
72469,Make the hotkeys for moving tabs behave in a cyclical manner...,TsunamiZ,2022-02-25T02:20:30.937Z,1,,1,50
72204,Pinned Tab behavior when clicking links,jaydeflix,2022-02-17T23:44:15.865Z,1,TABS,3,117
72175,Different tab settings for different screens/devices,FilipJirsak,2022-02-17T08:43:06.979Z,1,SYNC:TABS,2,211
72036,Show Tab Stacks in Tab Scroll arrows open tabs list,dpn,2022-02-14T20:23:14.338Z,1,TABS,2,192
71953,When using CTRL+TAB  indent or highlight grouped tabs in the displayed list,Airjy,2022-02-13T02:22:05.321Z,1,TABS,1,72
71894,Sort Window Panel by reverse-order hostname,samvvarring,2022-02-11T19:55:28.092Z,1,PANELS,1,103
71864,Dictionary Panel similar to Translate Panel,sbv95,2022-02-11T10:09:57.974Z,1,PANELS,3,131
71861,Session improvements: open session as tab stack,vivalawaldi,2022-02-11T08:18:34.841Z,1,TABS,3,151
71831,Maybe something completely unique,ruffpl,2022-02-10T17:36:11.274Z,1,,2,88
67289,Automatic and easy show for translation built-in bubble,Seasonly,2021-10-08T14:51:49.702Z,1,,6,362
71750,Hide the arrow button,Ericlv13,2022-02-09T13:04:10.156Z,1,TABS,1,112
71663,Add "Only load images" to image visibility,djkano,2022-02-07T12:51:57.797Z,1,SETTINGS,2,97
71583,Window for managing search engines...,TsunamiZ,2022-02-04T09:22:17.343Z,1,,3,101
71536,Replace address bar text with website text instead of bookmark nickname,calebtimms,2022-02-02T21:39:23.194Z,1,ADDRESS BAR,4,149
71275,Rewriting all Context Menus in HTML!,lukaszpolowczyk,2022-01-25T23:21:56.561Z,1,,1,93
71269,Small setting for not accidentaly cancelling started download(s),Twizard,2022-01-25T18:48:41.252Z,1,SETTINGS,3,93
71147,Ability to set background image separately for 'Page' and 'Panel',g_bartsch,2022-01-22T03:14:01.213Z,1,SETTINGS,1,62
71051,Change tooltip for back/forward buttons,Thescorb0,2022-01-19T04:51:19.044Z,1,ADDRESS BAR,3,147
71000,Smart Sessions,VeseliDiktator,2022-01-17T21:26:18.085Z,1,TABS,1,107
70980,setting click only mouse gesture,tourmaline,2022-01-17T10:57:05.576Z,1,SETTINGS,1,78
70940,A measurement and unit converter panel in addition to the translator panel,vpeeps,2022-01-16T04:12:18.010Z,1,PANELS,4,200
70910,Preview Settings,dobeye,2022-01-15T00:11:44.306Z,1,SETTINGS,2,90
70809,Start Page Logo Size,notjona,2022-01-12T15:54:18.688Z,1,TABS,4,160
70851,Bulletin Board to Colaborate,kathyblanchard,2022-01-13T12:30:19.492Z,1,PANELS,3,100
70825,Feature request: Keyboard shortcut to open tab context menu,Herschenglime,2022-01-13T00:59:29.607Z,1,TABS,2,126
70756,File picker on Linux,stilgarwolf,2022-01-10T19:54:42.047Z,1,,1,113
70182,Please make tabs flouting like Firefox,Am86Shekari,2021-12-21T04:43:21.546Z,1,TABS,5,249
70567,Reset mail toolbar from settings,Thescorb0,2022-01-04T04:06:32.933Z,1,SETTINGS,1,67
70414,Add "Disable Extension" toolbar context menu item,AlexeyB,2021-12-29T16:04:55.732Z,1,,2,94
70341,Vivaldi needs to allow customize tab's CLOSE ICON - TRASH ICON - TAB'S SIZE - SOUND ICON,4Sense,2021-12-26T15:11:28.503Z,1,TABS,1,89
70312,Search bar clears when switching tabs. (Speed Dial homepage.),Sergic25,2021-12-25T02:18:02.944Z,1,TABS,1,66
60949,Translations for Developer tools,Gregor,2021-05-11T20:07:03.980Z,1,,9,262
70211,Option to disable anti-aliasing for images,Thescorb0,2021-12-22T05:44:52.831Z,1,,5,821
70173,The way Vivaldi Displays Extension(Metamask) Notifications is troublesome,Er1ckD,2021-12-20T16:39:03.532Z,1,,1,359
70062,Hyperlink > context menu > add to Stack,DigitalGym,2021-12-17T02:53:24.539Z,1,TABS,7,230
69298,ability to optionally change address bar color,noopiscool,2021-12-03T13:09:56.914Z,1,THEMES,6,293
70003,Improvements To Tab Thumbnails,Jennings92,2021-12-15T17:41:38.026Z,1,TABS,3,193
69159,Hold LMB and scroll the wheel to do horizontal scrolling,datdinhquoc,2021-12-02T06:40:32.445Z,1,,6,205
69701,Saving URL of page or portion of page saved in JPG Exif,krmconsulting,2021-12-09T15:17:44.069Z,1,SETTINGS,1,56
69282,Disable autoscroll in latest version of Vivaldi (Windows 10),darkwolf,2021-12-03T08:17:42.570Z,1,SETTINGS,7,479
69669,High DPI Browser Cursors,Lu9,2021-12-09T07:31:07.756Z,1,,2,144
56354,Hide name of webpage in Title Bar when activating Break-Mode,butterfly64,2021-02-02T19:10:08.874Z,1,,9,286
69287,Add Disable JS to Page Actions,carlinmack,2021-12-03T11:00:11.940Z,1,,1,53
69236,Allow to open shortcuts in a new tab instead of panel,maxoku,2021-12-02T22:25:42.726Z,1,PANELS,1,60
69060,sessions tab in startup page  shortcut for move between top level tabs (tab stack),Infinity1729,2021-11-29T08:01:26.892Z,1,TABS,2,157
68938,Rename Tab Stack shortcut and in Quick Settings,derekdino123,2021-11-25T07:26:01.027Z,1,QUICK COMMANDS:TABS,1,158
68898,Same-site related bookmarks,yepard,2021-11-23T20:19:36.794Z,1,BOOKMARKS,1,77
68875,Icon size,Mirai2,2021-11-22T22:26:32.925Z,1,PANELS,1,162
55787,Definable default "Open New Window" settings...,MotoPixel,2021-01-22T14:50:28.956Z,1,SETTINGS,4,139
68837,Ignore Client Hints requests introduced by Google in Chromium,stilgarwolf,2021-11-21T21:21:02.124Z,1,SETTINGS,1,136
68793,Locate item within tree,LeNiro,2021-11-20T11:59:42.025Z,1,BOOKMARKS,6,244
68598,Better utilise space in notes window,Thescorb0,2021-11-15T06:25:56.028Z,1,,4,130
68643,Add Support for Rocket (and other apps via Automation on Mac),benspry,2021-11-16T04:27:12.660Z,1,,1,87
68520,Open tab with the changelog after installing the update.,LongLife,2021-11-12T14:41:51.066Z,1,SETTINGS,3,90
68506,Open and sync Notes from files,xandork,2021-11-12T03:16:08.770Z,1,PANELS,2,221
68424,Pop-out notes button,Frax0,2021-11-09T15:52:17.610Z,1,,1,55
68262,Auto-translate placed text in the translate panel,Gregor,2021-11-03T14:46:11.148Z,1,PANELS,1,90
68230,Add Downloads to Speed Dial on the Start Page,element109,2021-11-02T17:36:45.090Z,1,BOOKMARKS,2,89
68193,Download speed graph use our theme's "highlight" color...,TsunamiZ,2021-11-01T22:06:12.755Z,1,THEMES,1,145
68186,Confusing setting for "search suggestions",ukanuk,2021-11-01T12:39:56.821Z,1,SETTINGS,1,82
68121,Translate Panel: translate what I type directly into edit fields (reverse of "Auto translate selected text"),WildEnte,2021-10-30T12:45:19.550Z,1,PANELS,1,108
67858,hi!i want to open context menu with more faster.,bgegg,2021-10-22T20:59:34.561Z,1,,3,88
54503,Show bookmarks at top of address bar dropdown,waldauf,2020-12-15T22:05:34.484Z,1,ADDRESS BAR,7,263
67709,Optically mark pinned tabs,ferdiG,2021-10-19T10:43:26.333Z,1,TABS,4,203
67757,Star for notes,danielp,2021-10-20T11:51:25.036Z,1,SETTINGS,4,119
67726,A Modern Searching Feature,EaZy5D,2021-10-19T20:28:17.360Z,1,,1,71
67499,Different search engine for address bar & Search box,abhics,2021-10-13T06:35:55.880Z,1,ADDRESS BAR,4,137
67388,Pin notes,RobVdvvr,2021-10-10T22:01:12.755Z,1,PANELS,7,215
66985,Display the renamed tab title in the tooltip,gigidag,2021-10-01T12:22:17.785Z,1,TABS,8,205
67322,Make Vivaldi be able to open Microsoft Edge Protocol URLs,HDSQ.mid,2021-10-09T10:26:33.211Z,1,,14,457
67272,Translator: a window or a pop-up where free text can be entered and translated,Agych,2021-10-08T11:15:32.936Z,1,,1,56
67159,Hovering over saved bookmark icon should show its location,gzg06,2021-10-06T10:55:13.638Z,1,BOOKMARKS:ADDRESS BAR,1,143
67132,Allow cropping of the URL without modifier key,peefy,2021-10-05T14:32:45.303Z,1,ADDRESS BAR,1,125
67097,Image viewer scaling,sprayer,2021-10-04T18:55:30.489Z,1,,1,61
66720,saved History file is " too big "  Hope V team change make it smaller,kimoo,2021-09-24T09:04:34.235Z,1,,10,229
66949,Media control (Play/Pause),suhail821,2021-09-30T07:47:13.308Z,1,,1,112
66506,I hope to have the function of customizing the cache path,usebrowser,2021-09-19T08:31:08.234Z,1,SETTINGS,2,88
66419,Tabs in RTL languages,omats,2021-09-17T08:31:16.832Z,1,TABS,1,78
66378,Opening a website in another browser,Gregor,2021-09-16T12:06:50.541Z,1,SETTINGS,10,243
66026,The ability to exclude tab stacks from the tab cycler.,dragannikolovski,2021-09-07T11:38:05.110Z,1,TABS,2,117
66305,Scroll on sidebar to switch panels,Thescorb0,2021-09-15T08:13:49.628Z,1,PANELS,1,73
66286,Use VAAPI for video decoding,luca247,2021-09-14T19:02:23.541Z,1,,1,87
65846,Vivaldi for 32-bit Linux PCs should still be available,AsterX,2021-09-01T09:18:54.156Z,1,,34,6544
66086,Put a calculator on the web panel.,tkhsh8ap,2021-09-09T10:33:43.587Z,1,PANELS,3,223
66020,tab favicons in taskbar,noopiscool,2021-09-07T05:06:29.278Z,1,TABS,1,94
66005,Periodic Reload Tab Stack,ukanuk,2021-09-06T16:45:42.814Z,1,TABS,1,86
65983,History Exclusion From Delete,SMCSS,2021-09-06T00:29:38.602Z,1,SETTINGS,1,65
64261,tab-stack like Biscuit,bingling00,2021-07-22T17:16:27.019Z,1,TABS,6,327
65800,Do not popup upgrade dialog when user is typing,cimarronlw,2021-08-30T20:02:35.284Z,1,,2,78
65744,The search box is automatically checked when the history channel is activated,Poto,2021-08-29T03:09:18.604Z,1,,1,58
65594,Option to set a prefix for quick commands,redfly,2021-08-24T18:28:16.964Z,1,,1,60
65469,icons included in vivaldi theme,lavender29,2021-08-20T22:51:51.890Z,1,PANELS,1,86
65154,adding a fb messenger web panel,cytosage,2021-08-11T15:41:17.410Z,1,PANELS,8,1349
65354,Could we have a keyboard hook for 'Copy Page URL' please?,paul1149,2021-08-17T12:24:23.987Z,1,,2,131
65337,A dedicated close-tab button,carryingcaseoftools,2021-08-17T00:41:33.985Z,1,,2,103
65333,Generate password and paste into the field,matiasmovie,2021-08-16T20:51:07.247Z,1,,1,56
65320,Compatibility with the Stylus extension's "Simple Window" editor mode,paul1149,2021-08-16T14:03:46.098Z,1,,1,80
65193,"Select Previous Tab (Recent)" command for chains,Hawkuro,2021-08-12T16:37:06.038Z,1,SETTINGS,4,225
58959,New 'Close Tab' commands,paul1149,2021-03-29T15:14:04.820Z,1,TABS,3,150
65092,Google docs fix: option for website to get first-intercept for keyboard shortcuts,saltyJeff,2021-08-10T04:36:58.110Z,1,SETTINGS,1,79
65035,Tab stacking in tab groups,elitre,2021-08-08T18:47:35.145Z,1,TABS,3,177
65022,Add a display of what data extensions share with ad networks,kirill1996,2021-08-08T13:19:17.304Z,1,,1,64
64969,show changelog after autoupdate,matiasmovie,2021-08-07T08:01:34.575Z,1,,1,78
64928,Option to limit address bar size,Thescorb0,2021-08-06T04:27:18.560Z,1,ADDRESS BAR,4,353
63467,Bookmark search should also find within trash,goedl,2021-07-02T12:33:01.993Z,1,BOOKMARKS,2,125
64817,Hide Tabs,AnotherNora,2021-08-04T05:28:50.145Z,1,TABS,2,100
64496,Allow Google Login For Extensions,primes1022,2021-07-28T18:34:23.460Z,1,SETTINGS,3,204
64640,Delete a bookmark with the 'Delete' key,stargate,2021-07-31T15:03:20.661Z,1,BOOKMARKS,5,191
64658,Highlight Tiled tabs,progrockusa,2021-08-01T01:45:50.212Z,1,TABS,2,112
64514,Keyboard shortcut for "Close tab pile".,AdeurD,2021-07-29T01:41:18.326Z,1,,2,101
64397,Shortcut new tab in newly created stack,raystanz,2021-07-26T15:10:40.228Z,1,TABS,2,227
64471,Drag and Drop Notes to Fill Forms,Smartsquirrel,2021-07-28T12:58:46.935Z,1,PANELS,1,106
64346,Please include clock/pomodoro in command chain,Abhimanyu,2021-07-25T09:39:02.936Z,1,,7,410
64269,The panel can directly add favorite URLs,svivaldi,2021-07-22T20:04:31.764Z,1,PANELS,3,220
64222,Drag and drop notes: text + url (feature request).,danielson,2021-07-21T13:23:41.470Z,1,,7,156
64208,Refine Page Translation,chillZ,2021-07-21T10:02:08.802Z,1,,6,177
64199,Keyboard shortcuts for text editing,gomain,2021-07-21T03:57:57.505Z,1,SETTINGS,3,193
63930,Allow disabling Alt+Click shortcut to close all other tabs,SuneEnough,2021-07-13T00:47:53.030Z,1,TABS,3,140
63843,Lock panel width,AdeurD,2021-07-10T18:23:26.804Z,1,PANELS,1,81
63595,color tabstack tabs on title change,xenoterracide,2021-07-05T14:06:24.056Z,1,TABS,2,115
63429,Undo/Cancel in status bar,code3,2021-07-01T14:14:01.332Z,1,,1,60
63403,Add custom launchers using GUI,code3,2021-07-01T00:05:10.507Z,1,,1,68
63167,Troubleshooting mode restart: "Restart the browser with (temporarily) forbidden add-ons" feature,xtech,2021-06-25T17:46:18.123Z,1,,4,120
63287,Share bookmark folders with other vivaldi users,aletasko,2021-06-28T15:06:21.347Z,1,BOOKMARKS,1,116
63254,Making a Page Stick to Specific Tile,thehumanx,2021-06-28T02:47:05.155Z,1,TABS,1,60
63129,Default to different profile depending on active virtual desktop,zakius,2021-06-24T19:19:19.481Z,1,,1,52
63096,How do I export or back up browsing history?,Agni26,2021-06-24T06:19:09.629Z,1,,2,1029
63045,Always trust cert option or at least let you know that you have trusted it before!,i00,2021-06-23T06:47:07.170Z,1,,1,77
63044,Hide PiP window when hovering,genuz,2021-06-23T05:41:08.701Z,1,TABS:POP-OUT VIDEO,2,248
62581,Position of popup menu and enhanced tooltips for productivity,sirinath,2021-06-14T17:25:41.354Z,1,,2,71
62615,Edit pictures while capturing it,virtualowo,2021-06-15T03:30:36.191Z,1,,1,55
62531,Cool 😎 Full Browser Screenshots,code3,2021-06-13T23:35:25.876Z,1,,6,154
62514,Copy URL in quick commands,juannn,2021-06-13T17:23:31.316Z,1,ADDRESS BAR,2,140
62504,Taskbar notifications,johnmcenroy,2021-06-13T14:21:54.329Z,1,PANELS,1,151
61296,Keyboard Shortcut to images,ssg.agp,2021-05-19T17:21:46.987Z,1,,12,325
62207,extensions hidden with description,gabe25,2021-06-10T10:49:57.976Z,1,ADDRESS BAR,2,140
62206,Advanced Download Management Options,kantbot,2021-06-10T10:49:24.434Z,1,,3,138
62178,Option for opening startup pages as hibernated,haba713,2021-06-10T07:21:31.919Z,1,SETTINGS,1,77
59994,Middle Click New Tab button opens a new tab next to the on in focus.,camemb3rt,2021-04-23T23:39:58.815Z,1,TABS,4,208
61987,Privacy-enhancing start-up,opaq,2021-06-08T12:59:01.983Z,1,SETTINGS,8,170
61950,Built in fixed header control,MrMobodies,2021-06-07T14:13:36.359Z,1,,4,139
61895,Allow stacking by Drag and Drop but only for existing stacks,vrnvorona,2021-06-05T15:41:44.945Z,1,TABS,1,75
61867,Reorder tabs in the stack by shortcut,chrabia,2021-06-04T13:33:48.074Z,1,TABS,1,70
61813,Option for the side panel to reset size to default  and also to a specific custom size...,TsunamiZ,2021-06-02T23:11:37.404Z,1,,1,69
61706,Glassy looking theme...,TsunamiZ,2021-05-31T03:36:10.409Z,1,,1,132
61571,Generated color for tabs,lear62,2021-05-27T08:58:14.270Z,1,TABS,7,619
61504,Windows Ink in Notes,Gigalodon,2021-05-25T10:42:52.208Z,1,NOTES,1,156
61494,Tabs that can turn into apps,renerebolledo,2021-05-24T21:28:04.658Z,1,TABS,2,93
61466,Hotkey to "focus zoom field"...,TsunamiZ,2021-05-23T19:03:21.554Z,1,,3,75
61469,Option to copy other browsers' settings,justsayin,2021-05-24T06:09:11.023Z,1,SETTINGS,1,70
61467,Bookmarks in 2021 - Combine with history and notes (edited),WildEnte,2021-05-23T21:03:50.568Z,1,BOOKMARKS,4,210
61419,Chrome Compatibility: Add Tab Search Like Chrome,code3,2021-05-22T13:25:39.854Z,1,,7,173
61438,Vivaldi Pay: Send money through M3,code3,2021-05-22T21:07:12.661Z,1,,1,63
61359,Site Update Notification,otterkring,2021-05-21T09:22:31.398Z,1,,1,57
61292,"Save As" window needs to remember its position if moved ...,Omnimaxus,2021-05-19T16:48:38.256Z,1,SETTINGS,3,146
60559,[extensions API] Allow setting bookmark thumbnail via chrome.bookmarks.update,burtek,2021-05-03T16:56:16.167Z,1,BOOKMARKS,2,98
61104,Logos on speed dial,maelws999,2021-05-14T19:48:54.904Z,1,BOOKMARKS,5,287
61062,Kanban your Tabs with 2 level Tab stacking (75% Tip  25% request),WildEnte,2021-05-14T07:12:52.572Z,1,TABS,5,188
61068,Options for a more compact start page navigation bar.,serge.stroobandt,2021-05-14T09:40:25.117Z,1,SETTINGS,1,71
61026,in the hidden extensions menu  the name is needed!,cristycombo,2021-05-13T12:23:07.261Z,1,PANELS,3,101
60984,Opening images in a new tab by pressing middle mouse button,Fyboch,2021-05-12T15:32:18.239Z,1,SETTINGS,7,529
60917,Close other profile windows setting,WhiteBlueRibbon,2021-05-11T06:09:21.169Z,1,,1,51
60856,Close faster multiple tabs in a "tab stack",delcedo,2021-05-09T19:19:01.619Z,1,TABS,4,137
60814,Search by voice on address bar,EbrahimLodi,2021-05-08T14:32:08.739Z,1,ADDRESS BAR,3,165
60789,The menu item of start page navigation supports mouse wheel switching,Poto,2021-05-08T04:24:02.777Z,1,,1,58
60703,Ability to add multiple adblock site exceptions at once,DRYN,2021-05-06T11:49:24.042Z,1,SETTINGS,1,73
60681,[Quick Commands] Up-arrow history like the terminal,code3,2021-05-06T01:31:51.565Z,1,,1,45
60268,Downloads Panel: Fixing the annoying ordering behavior,oliiix,2021-04-29T15:58:20.819Z,1,PANELS,3,80
60613,Intuitive live sessions(windows binding),hxss,2021-05-04T16:24:31.742Z,1,TABS,4,139
60450,Consolidate separate "mute all/other tabs" and "unmute all/other tabs" commands into toggles,BioLehrer,2021-05-02T05:27:50.191Z,1,SETTINGS,2,76
60347,Profile switch configuration,WhiteBlueRibbon,2021-04-30T12:09:13.054Z,1,,4,161
60136,Sort/group tabs by domain/ date/ alphabetically) on request,saturnus,2021-04-27T07:58:37.116Z,1,TABS,3,253
60093,Page Style menu,C2A,2021-04-26T09:36:21.415Z,1,,4,120
59973,Small Address bar | Width,EbrahimLodi,2021-04-23T13:27:58.245Z,1,ADDRESS BAR,16,2140
59986,Enhanced do not track,code3,2021-04-23T21:00:28.005Z,1,,1,59
59953,Super Speedy Smart Cache,code3,2021-04-22T22:11:32.809Z,1,,11,507
59962,Control time before mouse-hover over a tab-group opens tab preview,StephanJohn,2021-04-23T08:07:07.286Z,1,TABS,1,64
59723,Add note alarm/pop-up,janrifkinson,2021-04-17T15:58:46.925Z,1,PANELS,1,58
59682,Ease of Access Utilities,kmcgrory,2021-04-16T13:28:36.605Z,1,,1,57
59680,New Options for Tab Tiling,paulojrmam,2021-04-16T13:08:57.826Z,1,,2,77
59657,Additional tabs customization,Buglocker,2021-04-15T22:23:40.394Z,1,TABS,1,71
58457,Configurable actions on tab bar clicks,williamscaleba,2021-03-20T03:51:02.616Z,1,TABS,3,89
59605,PIP for any tab,edgein,2021-04-15T06:53:40.480Z,1,TABS,2,123
59601,Tab groups in tab groups,elitre,2021-04-15T06:18:10.943Z,1,TABS,1,80
59577,New Revolutionary "Web Regions" Picture in Picture Functionality!,skyafs,2021-04-14T04:39:10.310Z,1,POP-OUT VIDEO,2,160
59523,Bookmark Spacers,dannymate,2021-04-12T17:40:18.101Z,1,BOOKMARKS,1,84
58021,Adding different ways to view bookmark list.,ZimV681,2021-03-11T19:42:50.565Z,1,BOOKMARKS,3,168
59479,shortcut commands Search the bookmarks in the folder,outmanx,2021-04-11T17:28:40.896Z,1,BOOKMARKS,1,61
59464,iPad Style Tabs Overview,posto,2021-04-11T13:02:48.326Z,1,TABS,1,86
59289,Music control in Web Panels,bnodya,2021-04-06T15:29:51.915Z,1,PANELS,3,154
59262,Option to show pinned tabs in multiple windows,lmariscal,2021-04-05T19:17:42.860Z,1,TABS,2,64
59096,Be able to set up a second language shown as "hint" to translate the shown language,imalaqvayli,2021-04-01T22:19:39.294Z,1,,5,106
59077,Let us choose to put the tabstacked-tabline above the main tab-line.,Suvaius,2021-04-01T13:43:46.133Z,1,TABS,2,61
59051,Wallpaper based color theme,AdeurD,2021-04-01T02:16:07.831Z,1,THEMES,2,76
54423,Pause Periodic Reload in background,tree1891,2020-12-14T10:35:05.237Z,1,,3,83
59028,Add option to automatically start renaming tab stack after creation,rzjnzk,2021-03-31T13:18:10.314Z,1,TABS,1,59
58976,Startpage for pinned tabs,ClausKiss,2021-03-30T05:44:53.123Z,1,TABS,3,114
57072,For Mouse Gestures add highlighted animation effects,Tryoncemore,2021-02-15T13:44:44.671Z,1,SETTINGS,4,113
58653,Option for add a tab into Windows Taskbar and the Start Menu,rfacundo1705,2021-03-24T00:38:16.330Z,1,TABS,1,49
58639,Custom Width | Near / Related,Zalex108,2021-03-23T18:06:09.270Z,1,TABS,1,50
58626,Correct reopening after reboot in MacOS,rlmilt,2021-03-23T13:04:12.944Z,1,USER INTERFACE,1,116
58449,Custom ALARM CLOCK notification sound or launch MP4.,LivaWeb,2021-03-19T22:12:14.581Z,1,,1,43
58442,Compact context menu...,TsunamiZ,2021-03-19T18:29:48.485Z,1,,1,78
58395,Flip (mirror) images,3von3,2021-03-19T02:19:16.902Z,1,,1,57
58316,Metadata Edit - Photos & Videos,tokyojerry,2021-03-18T00:49:24.646Z,1,,1,67
58106,A list of requests to make profiles more user-friendly,Montiverdi,2021-03-14T09:46:48.420Z,1,SETTINGS,1,49
57849,Speed Dial 2.0,MattSolo45,2021-03-06T18:58:59.460Z,1,SETTINGS,4,281
57777,Ad Clicker! {=click ad + send fake browser meta},Verbunk,2021-03-05T15:33:51.297Z,1,,4,110
57681,Microsoft Edge-like Immersive Reader mode,C2A,2021-03-02T13:56:06.909Z,1,,1,88
57631,Make force refresh discard all cache  including dynamic CORS,zakius,2021-03-01T10:19:34.037Z,1,,1,75
57563,Expand and collapse a tiled window/tab,agoodman,2021-02-26T22:12:07.984Z,1,,1,50
57486,ability to format tab from context menu,janrifkinson,2021-02-24T19:05:51.658Z,1,TABS,3,134
57361,Access profiles from Vivaldi taskbar jumplist,LloydMcArton,2021-02-21T21:41:27.869Z,1,,3,84
57165,Quick command : Expand bookmark folder to see its content,Purgator,2021-02-17T17:57:42.640Z,1,,1,50
57097,Undo action for vivaldi settings,fuorviatos,2021-02-16T11:24:04.202Z,1,SETTINGS,2,94
56997,Shortcut/setting for tiling selected tabs?,anijatsu,2021-02-15T06:25:30.288Z,1,TABS,6,564
56999,Sessions like in OmniWeb,mbert,2021-02-15T08:09:16.090Z,1,TABS,1,78
56960,window draggable / movable via sidebar,bnemati,2021-02-14T10:12:00.449Z,1,PANELS,1,82
56172,Improve guest mode,OBC9HHuKoB,2021-01-30T16:39:45.272Z,1,,5,177
56601,A smaller "x" on tabs to close them.,downtowndb7,2021-02-06T22:54:34.456Z,1,TABS,1,51
56421,Option to Lock the Height of the Tab Bar,tsunamy,2021-02-03T22:21:19.918Z,1,TABS,9,484
56320,Setting to hide the title of the web page from the Windows taskbar,seirei,2021-02-02T06:15:48.232Z,1,,1,36
55897,Disable Converting HTML to Markdown in Vivaldi Notes?,TroyTroy,2021-01-25T18:40:00.062Z,1,,3,113
56103,Automatic Updating of Imported Bookmarks,edwardp,2021-01-29T14:32:08.816Z,1,BOOKMARKS,1,45
56078,rel=sidebar support,Frenzie,2021-01-29T09:23:32.022Z,1,PANELS,7,249
56063,Autofill URL domain in "Add a Site" dialog for vivaldi://settings/*,dude99,2021-01-29T04:45:44.999Z,1,,1,44
54506,Drag and drop bookmark with mouse to an exact place within a folder,evyok,2020-12-15T22:20:37.167Z,1,BOOKMARKS,6,143
56024,User Profile Tab Stacks,sf0greensill,2021-01-28T16:06:41.033Z,1,,1,51
56013,Copy selected links,matiasmovie,2021-01-28T12:49:05.695Z,1,,1,94
55942,More Keyboard Shortcuts For Notes,legobuilder26,2021-01-26T23:12:47.126Z,1,,1,54
55459,switch focus in tiled stack with mouse pointer,ArumBlack,2021-01-13T20:47:38.540Z,1,TABS,3,197
55514,Profiles for Gestures,LeGuenterM,2021-01-15T07:32:13.839Z,1,SETTINGS,3,131
55242,Web Panel font increase -- please!,debio,2021-01-07T19:10:22.315Z,1,PANELS,1,129
55236,--disable-remote-fonts should not disable icon fonts,hatchka123,2021-01-07T15:28:57.236Z,1,SETTINGS,1,110
54586,Keep selection after delete entry in search result,beckyang,2020-12-17T13:52:21.004Z,1,ADDRESS BAR,3,61
54564,Enable CTRL-click to search selected text in background tab,mred,2020-12-16T23:43:20.567Z,1,,4,97
54421,Add Mouse Gesture to the root of the website,FikaMedHasse,2020-12-14T09:58:52.330Z,1,TABS,4,102
54221,Real time tab preview,mtumishi_burika,2020-12-10T23:50:21.531Z,1,TABS,3,98
54226,Retina Protector,VivaLee,2020-12-11T02:00:40.999Z,1,,1,39
54218,Option to exclude specific bookmark folders from autocomplete,wicketr,2020-12-10T23:12:11.060Z,1,BOOKMARKS,1,74
54192,Show loading progress as progress bar and as favicon progress/spinner together,cookiebinary,2020-12-10T13:48:46.062Z,1,TABS,1,60
54051,Open links of local files starting by file:///,Primokorn,2020-12-08T13:11:10.453Z,1,,9,907
54142,Focus panel instead of toggling,VoodooPriest,2020-12-09T19:18:30.966Z,1,PANELS,2,111
54116,Better tab popup thumbnail sorting,dampfish,2020-12-09T10:50:34.883Z,1,TABS,4,93
54107,Show synced tabs in the same order as they are open in the other session,Jaws,2020-12-09T07:36:55.218Z,1,SETTINGS,1,56
54106,Option to have double-clicking on a note in the panel always open the note in Notes Manager,valiowk,2020-12-09T05:55:16.103Z,1,PANELS,1,54
54085,Option to save QR as SVG,DannyRomano,2020-12-08T22:55:40.035Z,1,ADDRESS BAR,1,77
53334,Single instance,invexx,2020-11-24T18:26:24.843Z,1,,9,386
53577,Please ad header and /or footer (both formatable) to the screenshot tool,torpedopradera,2020-11-28T07:51:47.300Z,1,,1,55
53553,Choosing search engine in adress bar,ArtemiyFromMoscow,2020-11-27T21:13:31.399Z,1,ADDRESS BAR,2,69
53204,Move side panel buttons to bottom status bar.,dannii,2020-11-20T20:50:32.977Z,1,PANELS,22,653
53225,Overflow button/area for page actions,Nekomajin,2020-11-21T18:13:31.139Z,1,ADDRESS BAR,4,98
53199,Option to set maximum width of a page,laxu,2020-11-20T19:21:49.255Z,1,SETTINGS,1,46
53178,Additional field in bookmark edit dialogue to set bookmark thumbnail URL,datdinhquoc,2020-11-20T08:11:51.315Z,1,BOOKMARKS,1,52
53176,Please add feature to import/export history to/from HTML file,evivaldi,2020-11-20T01:43:08.348Z,1,,2,64
53128,Application icon on Win10,Nekomajin,2020-11-18T18:09:12.115Z,1,,1,54
52937,Move "Exit full screen" in context menu down,oldmanyoung,2020-11-12T22:34:18.523Z,1,,4,76
52923,Add resize to the extension toolbar - AddressBar,vivaldisuggestions,2020-11-12T16:40:37.336Z,1,ADDRESS BAR,6,791
52880,Perfect grouping of tabs,romdev,2020-11-11T13:51:27.897Z,1,TABS,11,287
52707,screenshot in pip,vivaldisuggestions,2020-11-07T02:00:14.748Z,1,POP-OUT VIDEO,1,171
52705,loop / repeat mode in pipmode,vivaldisuggestions,2020-11-07T01:58:37.442Z,1,POP-OUT VIDEO,1,132
52591,show tabs in full screen by mousing to top,Willl,2020-11-04T20:43:37.947Z,1,TABS,3,274
102766,Tab handling presets,zakius,2024-11-04T07:33:37.114Z,0,TABS,3,27
102745,Custom background color for svg files,matiasmovie,2024-11-03T16:39:34.770Z,0,MEDIA,1,15
102744,Disable "reset text" for zoom,matiasmovie,2024-11-03T16:13:36.329Z,0,ZOOM:ADDRESS BAR,1,17
102724,Built-in option to hide vertical panel switcher/panel/toolbar all the time,PoudreSnow,2024-11-03T09:38:45.130Z,0,PANELS,9,54
102736,Automatic hiding of the panel after using the button (bookmarks icon  notes icon  etc.),matiasmovie,2024-11-03T14:31:11.554Z,0,PANELS,1,21
102713,Have multiple Dashboards (like speed dial) and have dashboard sync options,nazmulfahad4,2024-11-02T19:50:32.016Z,0,DASHBOARD:SYNC,1,13
102678,Top-Down Tab View,SlimeZero,2024-11-01T21:21:31.842Z,0,NAVIGATION:TABS:USER INTERFACE,2,23
102667,option to have "safe as" set as a default focused button for downloads,sirien.neiris,2024-11-01T17:46:09.305Z,0,DOWNLOADS:USER INTERFACE,1,20
102766,Tab handling presets,zakius,2024-11-04T07:33:37.114Z,0,TABS,3,27
102745,Custom background color for svg files,matiasmovie,2024-11-03T16:39:34.770Z,0,MEDIA,1,15
102744,Disable "reset text" for zoom,matiasmovie,2024-11-03T16:13:36.329Z,0,ZOOM:ADDRESS BAR,1,17
102724,Built-in option to hide vertical panel switcher/panel/toolbar all the time,PoudreSnow,2024-11-03T09:38:45.130Z,0,PANELS,9,54
102736,Automatic hiding of the panel after using the button (bookmarks icon  notes icon  etc.),matiasmovie,2024-11-03T14:31:11.554Z,0,PANELS,1,21
102713,Have multiple Dashboards (like speed dial) and have dashboard sync options,nazmulfahad4,2024-11-02T19:50:32.016Z,0,DASHBOARD:SYNC,1,13
102678,Top-Down Tab View,SlimeZero,2024-11-01T21:21:31.842Z,0,NAVIGATION:TABS:USER INTERFACE,2,23
102667,option to have "safe as" set as a default focused button for downloads,sirien.neiris,2024-11-01T17:46:09.305Z,0,DOWNLOADS:USER INTERFACE,1,20
102660,Move bookmarked folder in root,fransaba,2024-11-01T11:26:24.440Z,0,BOOKMARK BAR:BOOKMARKS,6,38
102644,Dashboard Email Widget,chumble,2024-11-01T00:11:37.734Z,0,DASHBOARD,1,18
102634,Be able to exclude browser history from particular domain when searching,basseX,2024-10-31T20:36:37.022Z,0,ADDRESS BAR:HISTORY:SEARCH,1,17
100490,Multi-Account Logins,Ditendra08,2024-08-26T10:37:23.428Z,0,EXTENSIONS:TABS,8,146
102460,assign profile to workspace,Piemau,2024-10-28T09:56:09.055Z,0,PROFILES:WORKSPACES,2,25
102398,customize template for saved files,eIrbis,2024-10-26T22:26:23.481Z,0,DOWNLOADS,1,22
102278,Automatically assign W A S D  to toggle Tabs on top  left  bottoom  right?,JamesGyokeakaAungAung,2024-10-25T03:02:57.547Z,0,TAB BAR:TABS,4,47
102363,Option in settings to centre tab bar,danqdinh,2024-10-26T10:24:09.464Z,0,TAB BAR:TABS:USER INTERFACE,3,36
102358,Dashboard RSS delete message without opening RSS/ATOM panel,Gwrvan,2024-10-26T08:12:01.567Z,0,START PAGE,2,27
102353,Would like to be able to customize the size and shape of the dialer icon。,oallen,2024-10-26T02:29:00.356Z,0,PANELS,2,28
102316,Open all bookmarks in a new window from a Speed Dial folder,darthgtb,2024-10-25T12:24:09.619Z,0,BOOKMARKS:NAVIGATION:SPEED DIAL:USER INTERFACE:WINDOW,3,41
102315,[[topic:topic-is-deleted]],janpeeters,2024-10-25T12:09:06.494Z,0,,2,3
102273,Multiple Bookmark Bars,JoseSilva22,2024-10-25T00:54:53.857Z,0,BOOKMARK BAR:BOOKMARKS:DEVELOPER TOOLS:EXTENSIONS,2,22
102238,[Dashboard] Read RSS without activate V RSS module,moimadmax,2024-10-24T17:09:31.711Z,0,USER INTERFACE:START PAGE:WEB PAGES,1,29
102235,[Dashboard] CSS override for dashboard web page and panels in order to diplay only part of a website,moimadmax,2024-10-24T16:56:21.453Z,0,PANELS:START PAGE:USER INTERFACE:WEB PAGES:DASHBOARD,1,33
102217,Extension list with icon + name,gabrielvirgilio,2024-10-24T13:36:59.330Z,0,EXTENSIONS:SETTINGS:TOOLBARS:USER INTERFACE,2,42
102201,Move tab to named workspace,Thubo,2024-10-24T11:29:19.575Z,0,KEYBOARD SHORTCUTS:MENUS:TABS:WORKSPACES,1,21
102130,Open new tabs with Middle Mouse Click when the tab bar is in the Top position,Steffo,2024-10-23T01:32:25.200Z,0,TAB BAR,3,68
102113,Provides the function to limit the range of scroll wheel switching tabs,Aaron,2024-10-22T09:02:38.826Z,0,TABS,1,19
102080,Option to hibernate pinned tabs instead of closing,Anuraa,2024-10-21T03:50:50.979Z,0,TAB BAR:TABS,4,50
102062,Allow single top level tabs w/o tab group,pklausner,2024-10-20T10:15:56.880Z,0,TABS:TAB STACKS:TAB BAR,5,55
102050,Please add an "Update Bookmark Icons" Button in Bookmark Manager...,leeuniverse,2024-10-20T00:02:00.889Z,0,BOOKMARKS,1,31
74079,How to save as *.mhtml and *.png with same base filename?..,tbone-15,2022-04-10T12:05:40.914Z,0,TABS,2,86
101973,Align speed dial bookmarks center,Gowk,2024-10-16T21:11:21.210Z,0,BOOKMARKS:SPEED DIAL:USER INTERFACE,2,46
101936,Macbook Touchbar Support?,RoxyEgger1,2024-10-15T15:28:25.911Z,0,USER INTERFACE:MENUS,2,54
101960,Move a tab to new window using a windows panel.,dhruva023,2024-10-16T11:36:06.081Z,0,WINDOW:TABS,4,47
100405,Address bar search opens in a new TAB,cclcc,2024-08-23T05:48:01.886Z,0,ADDRESS BAR,3,94
101924,Select all tabs,stardepp,2024-10-15T07:44:04.793Z,0,TAB BAR:TABS,8,159
101931,Multiple lines for the tabs,Radup,2024-10-15T13:57:00.619Z,0,TAB BAR:TABS,6,74
101937,taskbar icon matches the icon of the current tabs favicon,noopiscool,2024-10-15T15:42:53.162Z,0,TABS:WINDOW,1,34
101819,Pixel-perfect in image viewer,sprayer,2024-10-11T20:20:03.962Z,0,MEDIA,1,42
101812,[[topic:topic-is-deleted]],willy786,2024-10-11T14:40:41.718Z,0,,1,2
101777,Videochat for Messenger,XxSHADExX,2024-10-10T14:45:23.735Z,0,POP-OUT VIDEO:PANELS:MEDIA,1,75
101678,Open PIP command (Alt+P),electryon,2024-10-06T13:02:24.167Z,0,ADDRESS BAR:COMMAND CHAINS:KEYBOARD SHORTCUTS,4,102
101745,Add tab for reading list with right-click on the tab.,laceen,2024-10-09T11:48:28.178Z,0,READING LIST:TAB BAR:TABS,4,78
101748,Open Link in Tap group / Tap Stack,michaelfranziskus,2024-10-09T13:41:31.861Z,0,KEYBOARD SHORTCUTS:NAVIGATION:TAB STACKS:TAB BAR,2,43
101681,Can't Drag-n-Drop PDF into Browser,DrG,2024-10-06T18:44:36.970Z,0,TAB BAR:TABS:WINDOW,3,118
101663,Sorting tabs by name,matiasmovie,2024-10-05T19:27:42.818Z,0,TABS,1,43
101642,Bookmarks *sort by name*,55trucker,2024-10-04T17:14:41.096Z,0,BOOKMARKS,7,122
101654,Cycle through tabs in stack while vertically tiling multiple tabs,BeepBoopMan,2024-10-05T00:16:34.263Z,0,TAB STACKS:TABS:NAVIGATION,1,46
100821,Implement ESET Extension,neolock,2024-09-05T13:49:10.954Z,0,EXTENSIONS:PRIVACY AND SECURITY,5,145
91374,Remove "Open All Bookmarks in Folder" from quick commands,thedayismine,2023-10-09T19:59:27.814Z,0,QUICK COMMANDS:SEARCH:BOOKMARKS,10,681
101640,Easily View Session Web Site titles by Keyboard Shortcut,dalinar,2024-10-04T16:39:33.858Z,0,KEYBOARD SHORTCUTS,1,51
101631,Lock Bookmark Folder,I5W,2024-10-04T10:57:37.036Z,0,ADDRESS BAR:BOOKMARK BAR:BOOKMARKS:NAVIGATION:SEARCH,1,37
99481,Workspaces: Add Workspaces Panel,myrmur,2024-07-15T19:35:42.979Z,0,WORKSPACES:USER INTERFACE:PANELS,2,108
101608,Search Engine choice for when on VPN,dalinar,2024-10-03T11:51:24.072Z,0,SEARCH,3,117
101600,Being able to delete downloaded files from the disk itself.,Kiloneie,2024-10-02T22:10:11.883Z,0,DOWNLOADS,2,40
101591,option to have more than just two levels for tab stacks,Teamofwinter,2024-10-02T17:42:27.950Z,0,,1,52
101570,Make context menu better,braindefender,2024-10-01T20:27:52.603Z,0,USER INTERFACE:MENUS,3,111
101563,Feature Request: Move Selected Tabs into a New Tab Stack and Save as Session,s4g3dr4d4,2024-10-01T14:49:58.446Z,0,,1,35
101546,Drag & Drop Tab to Open a New Window,dalinar,2024-09-30T21:12:53.448Z,0,TABS:WINDOW,5,118
101555,New backgrounds for new tab page,supermurs,2024-10-01T09:22:12.408Z,0,MEDIA:SPEED DIAL:START PAGE:THEMES:USER INTERFACE,1,55
101533,[OPTION] Volatile cookies by default - less tracking,27eadd269666,2024-09-30T09:43:28.168Z,0,COOKIES:PRIVACY AND SECURITY:SETTINGS,1,46
101460,Hide extensions when window maximized,Cleiti,2024-09-27T11:53:18.999Z,0,WINDOW,2,48
101452,Pinch zooming should work regardless of Ctrl+Scroll setting,1234filip,2024-09-27T07:48:49.168Z,0,ZOOM,1,38
96862,Option to invert "tab scrolling",Igoracy,2024-04-12T13:24:54.764Z,0,TAB BAR:SETTINGS,5,163
101374,Ability to mute entire tab stacks.,Jaxeed,2024-09-24T00:44:32.738Z,0,MEDIA:TAB STACKS:TABS:USER INTERFACE,1,35
101324,Whitelist for URLs not to automatically hibernate,mdnava,2024-09-22T08:45:54.815Z,0,TAB BAR,1,36
101138,Move tabs back into place when using User Interface Zoom below 100%,sunbob,2024-09-15T20:17:54.151Z,0,TABS:TAB BAR:USER INTERFACE:ZOOM:SETTINGS,3,69
100592,Search Words In Current Tabs With Dragging,tuncayk,2024-08-29T16:05:43.370Z,0,PAGE ACTIONS:SEARCH:TABS:WEB PAGES,7,106
101071,Night mode,TVGSTR,2024-09-13T07:14:06.107Z,0,PANELS:USER INTERFACE,4,73
101050,Accordion Tab Stacking combined with "Compact Style",m.p.y.,2024-09-12T18:23:38.692Z,0,,1,44
100874,Add Active Tab Stack,bwnichols,2024-09-06T23:36:24.059Z,0,BOOKMARK BAR:BOOKMARKS:TAB STACKS:TABS,6,168
100963,Allow the bookmarks within folders in the bookmark bar to be displayed in multiple columns.,haneoto,2024-09-10T02:52:34.646Z,0,BOOKMARK BAR:BOOKMARKS,1,51
100924,Add a file manager for file:/// addresses,hebgbs,2024-09-09T03:13:55.698Z,0,USER INTERFACE:NAVIGATION:MEDIA,3,80
100850,[[topic:topic-is-deleted]],butcherv,2024-09-06T08:04:40.038Z,0,,1,9
100825,Profile Cookie Switcher by individual tab,dmg,2024-09-05T16:17:15.052Z,0,PROFILES:TABS:WORKSPACES:COOKIES,1,44
100770,Swapping Workspaces between windows,omeryahud,2024-09-04T10:02:35.292Z,0,WORKSPACES:WINDOW:USER INTERFACE:SETTINGS:KEYBOARD SHORTCUTS,1,43
100769,[[topic:topic-is-deleted]],caothusoicaucloud,2024-09-04T09:33:05.428Z,0,,1,10
100767,Tab Name from Bookmarks Nickname,alexbond,2024-09-04T09:29:08.529Z,0,BOOKMARKS:BOOKMARK BAR:TABS,1,59
100762,Move tab to end option,BakoThePenguin,2024-09-04T06:43:45.517Z,0,TABS:TAB BAR,1,32
100750,How about an option to unload/close custom web panels when exiting browser with "last session" selected?,psully73,2024-09-03T20:09:32.012Z,0,PANELS:SETTINGS:SYNC:TABS:USER INTERFACE,1,41
100019,Scrolling Speed,vdeane,2024-08-05T02:39:13.698Z,0,SETTINGS:TAB BAR,13,403
100690,Light/Dark Mode setting for individual sites,dcmargo54,2024-09-01T18:14:58.718Z,0,PAGE ACTIONS:SETTINGS:WEB PAGES:WINDOW,4,88
100615,Allow space in search engine nickname,Xium,2024-08-30T04:54:49.264Z,0,ADDRESS BAR:SEARCH:SETTINGS,11,160
100624,Make the context menu of the panels fully customizable,sdtbluethink,2024-08-30T11:27:28.940Z,0,PANELS:TOOLBARS:USER INTERFACE,1,45
99450,The permission for Cookies should be per site.,nitrams,2024-07-14T16:58:31.398Z,0,COOKIES:AD AND TRACKER BLOCKER:ADDRESS BAR,4,115
100560,Switching the display of address bar by mouse-over,izacks,2024-08-29T07:15:50.864Z,0,ADDRESS BAR:NAVIGATION,1,50
100509,spritesheet style icon editing,waddre,2024-08-27T05:31:04.228Z,0,THEMES,1,46
100407,Added a button to restore recently closed tabs,cclcc,2024-08-23T05:57:24.631Z,0,TAB BAR:PANELS,3,85
100401,Zoom a mouse selected area to viewport,BStBodhi,2024-08-23T03:36:49.772Z,0,ZOOM:USER INTERFACE,2,68
100404,Mouse gestures support oblique movement,cclcc,2024-08-23T05:42:38.640Z,0,MOUSE GESTURES,2,51
100390,Is it possible to make Google password manager as default password manager?,harshavst,2024-08-22T17:18:16.821Z,0,EXTENSIONS:PASSWORDS,2,69
100391,Secure Persistent Private Tabs with Lock and Sync Feature,LordLorio,2024-08-22T18:08:40.188Z,0,SYNC:SETTINGS:PRIVACY AND SECURITY:PASSWORDS:HISTORY,2,66
87777,flutter development compatibility,kukuro,2023-06-09T06:30:35.345Z,0,WINDOW,5,339
100353,Could you add a feature like Edge  where users can choose what to clear every time they close the browser?,ZhanXiaoGe,2024-08-21T10:32:39.986Z,0,PRIVACY AND SECURITY,1,58
94516,Click-and-drag tab unstacking,Gravaviel,2024-01-23T08:33:14.952Z,0,TAB STACKS:TABS,39,1036
100304,OCR in Capture page,razvanab,2024-08-18T12:39:46.499Z,0,CAPTURE PAGE,5,133
100311,Remember and re-use original launch options when restarting the browser from within the browser,Anomalocaris,2024-08-19T06:35:08.116Z,0,PRIVACY AND SECURITY:PROFILES:SESSIONS:SETTINGS,2,58
100303,Page Action: Change user agent e.g. mobile/desktop,sdtbluethink,2024-08-18T10:46:33.017Z,0,PAGE ACTIONS:SETTINGS,2,73
100290,Always open the saved start page of a bookmark in the sidebar,sdtbluethink,2024-08-17T14:08:38.450Z,0,PANELS:USER INTERFACE,1,43
100289,Highlight the icon of the open sidebar element better,sdtbluethink,2024-08-17T14:02:47.022Z,0,PANELS:USER INTERFACE,2,47
100253,Bookmarks AI sorting/categorization,dupl099,2024-08-15T18:37:35.842Z,0,BOOKMARK BAR:BOOKMARKS,4,123
100022,Create single tab window?,cheyrn,2024-08-05T04:53:26.839Z,0,TABS,4,106
99960,Multi-language translation on SNS  for example,lamrongol,2024-08-01T23:17:31.789Z,0,TRANSLATE,10,240
100060,Cast button on task manager,LennyD51,2024-08-07T06:22:07.049Z,0,QUICK COMMANDS:PANELS:ADDRESS BAR,3,90
100047,Allow setting per-bookmark default "Open in..." action,gtj0,2024-08-06T13:21:09.300Z,0,BOOKMARKS,2,48
100006,Button to toggle hide/show tab bar,Grimshad,2024-08-04T08:25:27.714Z,0,TAB BAR,4,198
100002,center tabs,Yusefdoesthings452,2024-08-03T22:32:36.453Z,0,,2,51
100013,Close Other Tabs button when right-clicking the context menu on a pinned tab (in the tabs bar),alterweb,2024-08-04T16:27:18.500Z,0,TABS:TAB STACKS:TAB BAR:USER INTERFACE:MENUS,1,48
100010,Close Other Tabs when right-click the contextual menu on a pinned tab in the tabs bar,alterweb,2024-08-04T15:54:44.444Z,0,,1,32
99985,Rename Window and Restore to Virtual Desktop,nathanfox,2024-08-02T17:57:32.006Z,0,WINDOW,3,79
97560,Context menu on expanded tab stack  add tab stack specific items.,nathanfox,2024-05-03T15:22:59.529Z,0,TAB STACKS:TABS:TAB BAR,4,116
99962,Auto touch/tablet mode,ubunturox104,2024-08-02T03:09:55.848Z,0,USER INTERFACE,1,73
99876,History menu with recent items,cbirdsong,2024-07-30T19:42:04.101Z,0,MENUS:HISTORY:USER INTERFACE,3,90
99902,Optionally represent Workspaces as Pinned Tabs,leegenes,2024-07-31T13:34:26.808Z,0,WORKSPACES:TABS,1,57
99883,Removing auto-fill to open tabs,campfirey,2024-07-31T00:10:38.534Z,0,ADDRESS BAR:NAVIGATION:SEARCH:SETTINGS:TABS,1,46
99844,Tiling Tabs,anhsenpai,2024-07-29T14:40:30.177Z,0,TABS:WEB PAGES:WINDOW,1,76
99784,Save a tab stack as session,mhmak,2024-07-27T11:50:55.014Z,0,TABS:TAB STACKS,3,74
99771,A multi search using nicknames and the address bar,WolvenSpectre,2024-07-26T20:11:35.755Z,0,ADDRESS BAR:NAVIGATION:SEARCH:TOOLBARS:USER INTERFACE,1,61
99750,Allow sorting of workspace alphabetically in Window panel.,codedan1,2024-07-26T07:50:56.927Z,0,WORKSPACES:WINDOW:PANELS,1,49
99731,Simple tab grouping (as an enrichment for Stacks and Workspaces),Prvock,2024-07-25T09:41:14.287Z,0,TAB BAR:TAB STACKS:TABS,1,62
99709,'Stack tabs by host' for tabs already in a stack,mhmak,2024-07-24T08:03:12.719Z,0,TAB STACKS:TABS,4,85
99707,Reopen closed tab stack,mhmak,2024-07-24T07:18:29.199Z,0,TAB STACKS:TABS,2,58
99706,Stay in current tab stack after leftmost tab closing,mhmak,2024-07-24T07:12:23.716Z,0,TAB STACKS:TABS,1,47
99682,Bookmarks with nicknames should be prioritised when performing a search in quick command,almosteasy,2024-07-23T08:30:19.010Z,0,QUICK COMMANDS,1,54
99503,Possibility to lock a tabs original URL,nOrphf,2024-07-16T16:47:34.747Z,0,TABS:TAB BAR:SYNC:NAVIGATION:ADDRESS BAR,9,241
99634,Vivaldi Translate "listen" button,celphirio,2024-07-21T02:39:50.826Z,0,TRANSLATE,5,110
99619,Internal linking - "add link to open/recent tab",WildEnte,2024-07-20T11:29:15.626Z,0,QUICK COMMANDS:MENUS,3,93
99607,Multiple tiling options for better tiling view,regberesford,2024-07-20T01:37:11.020Z,0,WEB PAGES:USER INTERFACE,1,69
99594,Multi-tab Мульти вкладочность,tel89243633353,2024-07-19T14:42:02.159Z,0,TABS:START PAGE:USER INTERFACE:WORKSPACES:TAB STACKS,6,109
99533,Bookmark Serach,lesharb,2024-07-17T16:14:49.543Z,0,BOOKMARKS:SEARCH,1,57
99493,Place the bookmarks bar inside the tab bar,sydprox,2024-07-16T08:34:46.668Z,0,BOOKMARK BAR:TAB BAR,1,66
82603,being able to open 2 profiles (accounts) on Vivaldi browser at the same time?,ZaferN,2023-01-04T06:44:09.591Z,0,SESSIONS:PROFILES,10,2042
99455,Add 'Copy Without Parameters' Command to Chains and Mouse Gestures,ugly,2024-07-14T21:51:59.949Z,0,COMMAND CHAINS:KEYBOARD SHORTCUTS:MOUSE GESTURES:QUICK COMMANDS,2,93
99424,Manage textbox autofil,FlooferLand,2024-07-13T06:52:29.932Z,0,PRIVACY AND SECURITY:USER INTERFACE:WEB PAGES,3,118
99411,Policy to enable/disable mail/feed/calendar,glowingfirefly,2024-07-12T18:04:22.421Z,0,SETTINGS,2,81
99340,Keyboard shortcut key to open new stacked tab,gurrra,2024-07-10T11:09:59.735Z,0,TAB STACKS,10,250
99325,Address bar search with inline autocompletion with the "most optimal search suggestion",phil0456,2024-07-09T23:50:55.484Z,0,ADDRESS BAR:SEARCH:SETTINGS,2,106
99301,Automatically Close Blocked Ad Pages,Giresharu,2024-07-09T11:05:32.381Z,0,AD AND TRACKER BLOCKER,1,55
99284,Custom option for Save Browsing History,matiasmovie,2024-07-08T22:22:37.203Z,0,PRIVACY AND SECURITY,3,120
99285,Automatic tab muting based on url,matiasmovie,2024-07-08T22:47:05.772Z,0,TABS,3,117
99276,Sandboxed Tabs/Windows,aqhillie,2024-07-08T18:58:14.666Z,0,COOKIES:SESSIONS:SETTINGS,1,74
99240,Hide controls and add customizable icons for command chains.,truefusion,2024-07-07T11:27:45.195Z,0,COMMAND CHAINS:TOOLBARS:USER INTERFACE,12,272
99214,[Feature Request] Auto Expanding Vertical Tabs,LilaUraraka,2024-07-06T02:21:35.214Z,0,,7,173
99229,Working with Tabs  Isolating current sprints (short tasks) either to the tabs themselves or a graphic,regberesford,2024-07-06T15:36:19.079Z,0,TABS,1,47
99170,Option to turn off "domain result"...,TsunamiZ,2024-07-04T21:44:06.949Z,0,ADDRESS BAR:HISTORY:SETTINGS:USER INTERFACE:MENUS,1,95
99022,[Request] Debian/Ubuntu Repository to use non-free  and added to extrepo.,ericrenfro,2024-06-29T00:28:46.206Z,0,DEBIAN,8,400
99115,Keep bookmark names and delete from original place when dragndrop,Larwive,2024-07-03T07:52:42.884Z,0,BOOKMARK BAR,1,48
99095,Tab patterns/select by specific subdomain categories,HerrVoid,2024-07-02T14:27:57.275Z,0,TABS:TAB STACKS:TAB BAR:QUICK COMMANDS,1,64
99024,Memory saver: batch add exceptions,eugenesv,2024-06-29T04:29:52.327Z,0,USER INTERFACE:SETTINGS,1,54
98997,toggle on/off extensions w/o go to settings,wwxjya,2024-06-28T03:46:54.234Z,0,EXTENSIONS,1,66
98970,It's 2024 and vivaldi still doesn't have Media Hub,AFayed,2024-06-27T08:26:31.514Z,0,USER INTERFACE,2,102
98897,Dump Muting On Individual Tabs,Joescope,2024-06-25T07:20:23.740Z,0,,2,56
95011,Snapshot | ChangeLog Bookmark,Tiggs,2024-02-09T11:27:18.207Z,0,MENUS,7,223
98814,Reading List - Highlighter,qwertynyc,2024-06-22T17:14:33.607Z,0,READING LIST,1,77
98813,Reading List - Save for offline reading,qwertynyc,2024-06-22T16:54:24.683Z,0,READING LIST,1,79
98774,Improve the pop-up window experience,fufuchao,2024-06-21T16:01:29.609Z,0,WINDOW,4,140
98758,Copy image without metadata,DarkWiiPlayer,2024-06-21T09:17:25.363Z,0,PRIVACY AND SECURITY:MEDIA,3,156
96677,improve chains for multiple search engine use and sync more settings,Syncysync,2024-04-04T14:23:13.288Z,0,COMMAND CHAINS:BOOKMARKS:SEARCH:SYNC:USER INTERFACE,2,133
96753,Is it possible to sync extension configuration?,kukuro,2024-04-07T12:42:16.293Z,0,EXTENSIONS:SYNC,3,143
85576,Add badges to Web Panels,JohnnyBgood,2023-04-13T15:55:52.007Z,0,PANELS,7,240
98601,Adapt to extensions that can automatically create groups for tabs.,ljtang2009,2024-06-15T00:33:53.169Z,0,TAB STACKS:TABS:TAB BAR,3,149
98594,Filter domain/subdomain when set New Tab Position As Tab Stack with Related Tab,ljtang2009,2024-06-14T13:29:54.005Z,0,TAB STACKS:TABS:TAB BAR,4,144
98597,Quick Command > Toggle Panel Position,thedayismine,2024-06-14T18:36:29.273Z,0,PANELS:USER INTERFACE:NAVIGATION:QUICK COMMANDS,1,88
98532,Assign a custom number to a tab.,yougetagoldstar,2024-06-11T19:48:44.192Z,0,TABS:TAB STACKS:USER INTERFACE:KEYBOARD SHORTCUTS,2,107
98506,Stack tiled tabs together,mixyValdi,2024-06-10T14:54:15.169Z,0,ADDRESS BAR:TAB STACKS,2,103
98406,Change positionwindow control buttons,1Al,2024-06-04T20:45:26.902Z,0,SETTINGS:THEMES:USER INTERFACE:WINDOW:KEYBOARD SHORTCUTS,5,200
98487,Gesture support in open bookmarks bar to open them in new tab,Zune,2024-06-09T17:03:57.361Z,0,BOOKMARK BAR:MOUSE GESTURES,6,167
98407,Open website in workspace rule has no way to specify the default workspace,macta,2024-06-04T21:54:06.163Z,0,WORKSPACES:SETTINGS,1,102
98403,Automatic Tab Tiling,Pardus,2024-06-04T19:53:00.743Z,0,TAB STACKS:TABS,2,123
98344,Add a quicker  independent way to exit fullscreen,alexvis2020,2024-06-01T17:32:18.567Z,0,USER INTERFACE,3,102
98375,Choose Icon Only per Bookmark on Bookmark Bar,andrewjohnwatts,2024-06-03T10:37:00.237Z,0,BOOKMARK BAR,2,93
98275,тема,ThePunisher43,2024-05-29T07:43:34.794Z,0,BOOKMARK BAR,2,86
98219,Faster or Consistent tab scrolling - Shift vs Non-Shift Tab mouse-wheel tab scrolling issue.,ericrenfro,2024-05-27T05:02:38.459Z,0,TAB BAR:TABS:USER INTERFACE:NAVIGATION,1,77
98114,Can you integrate Microsoft Teams in the panel,ardar,2024-05-23T03:28:21.971Z,0,PANELS,2,132
98168,Vertical tiling,karthi07,2024-05-24T17:00:34.275Z,0,TAB STACKS:TABS,2,103
98105,Manual control of the focus of the webpage search field...,TsunamiZ,2024-05-22T19:44:22.627Z,0,KEYBOARD SHORTCUTS:PAGE ACTIONS:SEARCH:SETTINGS:WEB PAGES,1,76
98102,Encrypted data in roaming profile (passwords and possibly other stuff),shadowleaf15,2024-05-22T15:07:11.492Z,0,PASSWORDS:PROFILES:PRIVACY AND SECURITY,2,113
98081,The feature to turn off forced dark mode on a site by site,kyu3a,2024-05-21T23:26:08.971Z,0,WEB PAGES:SETTINGS,3,134
98051,Horizontal scrolling of speed dial,jirkacapek13,2024-05-20T21:33:44.396Z,0,SPEED DIAL,1,66
98024,I offer voice translation for global video services.,BlackTurtleStar,2024-05-18T20:24:58.543Z,0,,1,84
97957,Allowlist for "Play Only in Active Tab" in "Mute Tab Audio",lumbroso,2024-05-15T21:47:05.122Z,0,SETTINGS:MEDIA:USER INTERFACE,1,71
97872,Tab stacks separator,rikroses,2024-05-14T00:06:27.069Z,0,TAB STACKS,3,117
97889,Windows Share Menu,Domstert4,2024-05-14T11:25:05.376Z,0,PAGE ACTIONS:MENUS:WEB PAGES,1,90
97885,Show tabs in stack on hover even when stack is opened (two level horizontal tabs),erhnjrt,2024-05-14T10:00:51.070Z,0,TABS,1,54
97875,Fix application window size on launch,LDMartin1959,2024-05-14T05:35:59.690Z,0,WINDOW:USER INTERFACE:SESSIONS,2,112
97873,DevTools: zoom memory and avoid stealing shortcuts,igorsantos07,2024-05-14T01:25:53.723Z,0,DEVELOPER TOOLS:ZOOM:KEYBOARD SHORTCUTS,2,102
97866,Bookmark bar next to extensions,bewi4rgd,2024-05-13T18:55:35.989Z,0,TOOLBARS:BOOKMARK BAR,3,119
97201,Remove audio button on tab,ShalokShalom,2024-04-25T16:40:36.249Z,0,TABS,6,191
97774,Restore multiple windows on restart,mhile,2024-05-10T20:08:54.915Z,0,WINDOW:USER INTERFACE,11,295
97682,With horizontal tab scrolling  keep active tab visible when resizing window,pbb1972,2024-05-07T12:56:12.307Z,0,TAB BAR,1,60
97645,Make Closed Tabs in Windows Panel default to unexpanded,dalinar,2024-05-06T11:20:41.976Z,0,WINDOW:PANELS,2,99
97591,Vertical/horizontal tab bar auto-switch on window size,williamscaleba,2024-05-04T16:35:12.721Z,0,TABS:TAB BAR:USER INTERFACE:WINDOW,1,74
97564,Add "always save" option for HTTP downloads,EvgeniyDoctor,2024-05-03T17:40:37.248Z,0,DOWNLOADS:SETTINGS,1,67
97419,Block cookies by domain/subdomain when visiting specific domains/subdomains.,thedayismine,2024-04-30T01:04:41.544Z,0,PRIVACY AND SECURITY:SEARCH:COOKIES:DEVELOPER TOOLS:WEB PAGES,5,189
97484,Background Tab and New empty tab - we dont have this function??? More comfort,fromwater,2024-05-01T22:03:52.570Z,0,TABS:TAB STACKS:TAB BAR,1,78
97382,Translation tool: Force translation in default selected language,Pandorino,2024-04-29T09:48:28.930Z,0,TRANSLATE:SETTINGS:PANELS,4,191
97423,Not to save a password - only the user name,7eggert,2024-04-30T07:24:24.467Z,0,PASSWORDS:PRIVACY AND SECURITY,2,86
97378,Broken session suggestion,Araragi,2024-04-29T07:38:59.434Z,0,,1,44
97376,Bring back previous Bookmark scrolling,JohnConstantine666,2024-04-29T07:00:33.868Z,0,BOOKMARKS,1,74
97238,Allow every tab to remember input language individually.,Hargrim,2024-04-26T05:05:45.698Z,0,SETTINGS:TABS,8,180
97263,Add support for Windows Dynamic Lighting,dada051,2024-04-26T14:01:02.823Z,0,THEMES:USER INTERFACE:SETTINGS,1,99
97249,Allow menu accelerators on non-Windows,eugenesv,2024-04-26T08:43:08.581Z,0,KEYBOARD SHORTCUTS:MENUS,1,101
97248,Make menu &accelerators work with Latin+non-latin layouts,eugenesv,2024-04-26T08:10:49.459Z,0,KEYBOARD SHORTCUTS,1,59
96692,Disable automatic accelerators in context menus,eugenesv,2024-04-05T08:05:41.125Z,0,KEYBOARD SHORTCUTS:MENUS,5,157
97058,Focus Mode Tab View Like in Arc Browser,DanielToruno,2024-04-19T15:35:57.437Z,0,TABS:TAB BAR,1,257
97036,Add 'Markdown View' per note,otto,2024-04-18T13:14:11.694Z,0,NOTES,1,94
97035,Save custom mail view in panel,otto,2024-04-18T13:08:48.096Z,0,PANELS,1,65
97022,Add webpage text extractorr to Vivaldi Notes,securely4024,2024-04-17T22:11:01.371Z,0,NOTES,1,91
97015,Reading list confused icons,thinkeranddoer,2024-04-17T15:25:06.707Z,0,READING LIST,2,97
97012,Action for single click on tab,ShalokShalom,2024-04-17T14:27:59.329Z,0,NAVIGATION:ADDRESS BAR:TAB BAR:TABS,3,116
96994,Creating Bookmarks: add option to rate the bookmark,Sprbr,2024-04-16T22:35:15.097Z,0,BOOKMARKS,2,107
96960,Option to have Chromium/Chrome native menus over Vivaldi's native menus,SvenDysthe,2024-04-15T22:00:40.462Z,0,MENUS,2,136
96949,Tab icons and size,rax,2024-04-15T13:51:40.343Z,0,PROFILES:TABS:TAB BAR,1,183
96928,Wish to add a right-click "Jump to folder" button to the search results in the bookmarks panel.,sushusiji,2024-04-14T22:45:52.888Z,0,BOOKMARKS,9,181
96869,CPU v3 Optimizations,ShalokShalom,2024-04-12T21:57:24.617Z,0,WINDOW:WEB PAGES:MEDIA,9,305
96888,✌[Resolved] Improve links grabing for DragnDrop,stargate,2024-04-13T15:14:53.487Z,0,MOUSE GESTURES,13,329
96874,OPERA GX Theme,carlinhosnewstyle,2024-04-12T23:40:15.064Z,0,THEMES,1,128
96866,To improve the new tab page and side panel,Sanskar1,2024-04-12T15:52:47.048Z,0,PANELS:USER INTERFACE:WEB PAGES:TAB BAR:START PAGE,1,101
96840,Allow editing context menu used when editing other context menus,eugenesv,2024-04-11T15:15:51.255Z,0,MENUS:USER INTERFACE,5,171
96785,Visual preview when having many tabs - switch between tab name only and show previews.,erikwillekens,2024-04-08T16:01:36.097Z,0,BOOKMARK BAR:TAB BAR:WORKSPACES,1,82
96759,Quick button to clear web-push notifications,dandeancook,2024-04-07T15:44:05.373Z,0,USER INTERFACE,5,193
96720,Colors in the folders,carlinhosnewstyle,2024-04-05T22:45:10.181Z,0,THEMES,1,104
96696,Allow adding emojis to the left-icon-column in context menus,eugenesv,2024-04-05T10:52:13.112Z,0,MENUS,5,175
96680,Add a keyboard shortcut for page contex menu,eugenesv,2024-04-04T16:06:05.373Z,0,KEYBOARD SHORTCUTS:MENUS,7,208
96655,Reorganize Tab 'Actions',AvocadoSteam,2024-04-04T00:42:33.526Z,0,USER INTERFACE:TABS,5,123
96621,autocomplete tags/nicknames while creating,devd79,2024-04-03T02:29:22.727Z,0,BOOKMARKS,1,58
96579,Customize the size of the extensions drop down menu...,TsunamiZ,2024-04-01T19:37:47.025Z,0,ADDRESS BAR:EXTENSIONS:MENUS:SETTINGS:USER INTERFACE,2,146
96576,Hotkey option to show the extensions drop down menu...,TsunamiZ,2024-04-01T19:20:21.939Z,0,EXTENSIONS:KEYBOARD SHORTCUTS:MENUS:SETTINGS:USER INTERFACE,1,96
96526,Contextual menu popping out as soon defined a selection.,sev7en,2024-03-30T06:07:18.179Z,0,USER INTERFACE,5,120
96498,when the tabbar on the left/right let the window can be moved by drag the tabbar?,wangwei1073,2024-03-29T09:38:26.441Z,0,WINDOW:TAB BAR:TABS:USER INTERFACE,2,120
96455,Support for diagonal mouse movement (Mouse gestures),Zam7am,2024-03-27T23:17:24.358Z,0,MOUSE GESTURES,2,109
96403,Display "Synced Device History" as a submenu (or otherwise) in the History Panel,CovenStine,2024-03-25T21:14:19.754Z,0,HISTORY,2,137
96372,Open a stack as a single bookmark,jenglert,2024-03-24T23:20:43.597Z,0,TAB STACKS:SESSIONS,1,96
96371,Top-level x should close entire stack,jenglert,2024-03-24T23:17:09.890Z,0,TAB STACKS,1,57
96342,Auto focus address bar when homepage is set to a specific page,rzjnzk,2024-03-23T23:04:21.388Z,0,ADDRESS BAR,1,96
96196,Removing border and rounded corners,aramrahgozar,2024-03-18T13:59:31.744Z,0,WINDOW,8,452
96138,More setting options for bookmarks,Dancer18,2024-03-16T18:36:09.607Z,0,BOOKMARK BAR,7,200
96029,Add e-mail Move to Trash to the command chain menu,stardepp,2024-03-13T12:45:57.302Z,0,COMMAND CHAINS:MOUSE GESTURES,4,165
92639,Stable URL for latest stable,oliverdain,2023-11-19T21:37:58.017Z,0,WEB PAGES:UPDATES:DOWNLOADS,15,657
96159,Have media control buttons in status bar,Dancer18,2024-03-17T11:19:07.175Z,0,MEDIA:STATUS BAR:USER INTERFACE,5,248
96160,Native window mode on installed web apps,fjarrinhm,2024-03-17T13:19:54.263Z,0,USER INTERFACE:WINDOW:SETTINGS:THEMES,1,105
96135,Hide bookmark bar when link is clicked,Dancer18,2024-03-16T17:29:37.055Z,0,BOOKMARKS:USER INTERFACE:SETTINGS,1,114
96090,GNOME Search Provider,Aman9das,2024-03-15T12:01:32.949Z,0,SEARCH:USER INTERFACE,1,94
96063,Use favicons for workspace icons?,eric.chameroy,2024-03-14T14:27:15.058Z,0,WORKSPACES:USER INTERFACE,1,68
96033,Ability to bundle custom CSS files with themes,neonvoid,2024-03-13T14:45:32.380Z,0,THEMES,1,101
95980,Auto-Switch back to previously used workspace,dalinar,2024-03-11T14:44:01.522Z,0,WORKSPACES:TABS:SETTINGS,1,95
95931,History panel improvement,pokemn,2024-03-10T07:03:24.832Z,0,HISTORY:PANELS,4,171
95886,Adding latest 10 file downloaded on click Upload file  Like Opera Browser do.,cas8398,2024-03-08T11:16:31.250Z,0,DOWNLOADS,3,104
95645,forcing dark mode search bars only,MaximzM,2024-03-02T02:36:28.387Z,0,SEARCH:USER INTERFACE,3,242
95738,Group tabs by host as mouse gesture,Sango,2024-03-04T17:18:16.717Z,0,MOUSE GESTURES:TAB STACKS:TABS,6,204
95718,Site permission hints in Settings,Nekomajin,2024-03-04T07:09:48.201Z,0,PRIVACY AND SECURITY:SETTINGS,1,72
95472,Add a search function in the RSS reader,cardds,2024-02-26T22:28:50.083Z,0,SETTINGS,16,363
95668,Improved Search customizing,Totto,2024-03-02T16:01:35.593Z,0,SEARCH:USER INTERFACE,3,129
95652,Set size on certain tabs I want to find easily,HaaEnn,2024-03-02T07:55:36.635Z,0,TABS:TAB BAR,2,87
95630,Full grayscale mode.,shrew,2024-03-01T17:33:16.031Z,0,USER INTERFACE,3,151
95606,Option to disable image auto-resize to fit window,StefanMacz,2024-03-01T10:25:51.648Z,0,WEB PAGES:ZOOM:EXTENSIONS:PAGE ACTIONS,3,167
95563,Stacked Tab Appearance,thehyperone,2024-02-29T16:22:35.723Z,0,TAB STACKS:TABS,1,79
95543,Tasks list button,uberprutser,2024-02-29T10:31:47.734Z,0,BOOKMARK BAR,2,92
95540,Workspaces: make hibernating tab indications optional,superfalse,2024-02-29T10:13:28.508Z,0,WORKSPACES,1,75
95537,Support PiP on F1 TV,neolock,2024-02-29T08:26:14.722Z,0,POP-OUT VIDEO,2,136
95439,Enhance Tab Switching Sensitivity,GraveRunner,2024-02-25T18:40:49.639Z,0,NAVIGATION:USER INTERFACE,5,196
95471,Rename sources in the RSS feed,cardds,2024-02-26T22:24:21.680Z,0,SETTINGS,1,75
94941,Inspection Context - bad UX,prillian,2024-02-06T11:32:55.896Z,0,NAVIGATION:MENUS:DEVELOPER TOOLS:USER INTERFACE,7,327
88170,A bookmark folder to rss feed feature.,mrbugjacobs,2023-06-20T01:19:51.474Z,0,BOOKMARKS:EXTENSIONS,4,281
95405,Move settings and panel toggle in Toolbar Editor,Hadden89,2024-02-23T21:02:19.376Z,0,USER INTERFACE,2,89
95403,Kill tab option,dcoulombe,2024-02-23T19:58:25.142Z,0,TABS,3,118
95398,Option to limit 'Typed History' suggestions to domain only,Sukasa,2024-02-23T17:42:17.180Z,0,ADDRESS BAR:USER INTERFACE,1,79
95357,Custom CSS Store / Marketplace,AvocadoSteam,2024-02-22T13:27:44.915Z,0,EXTENSIONS:SETTINGS:USER INTERFACE,3,209
95259,Edit Last Bookmark Command,arnad,2024-02-19T03:12:38.515Z,0,COMMAND CHAINS:BOOKMARKS,1,94
92823,Passwords | Quick Edit  Delete  Link to Pass in Manager at 🔑 PopUp,sphera,2023-11-26T11:33:47.956Z,0,USER INTERFACE:PRIVACY AND SECURITY:PASSWORDS,17,683
95244,Different icon for Dev Tools window,eldarado,2024-02-18T11:23:40.961Z,0,DEVELOPER TOOLS:USER INTERFACE,1,107
95235,Sorting Extensions,wwxjya,2024-02-18T06:37:46.438Z,0,EXTENSIONS:STATUS BAR,3,199
95233,Allow to create a new shortcut for the same domain,igorsantos07,2024-02-18T04:08:37.686Z,0,USER INTERFACE:TABS,1,104
94888,Open Mail Side Panel on the Mail Quick Command Action,dalinar,2024-02-04T13:48:57.447Z,0,USER INTERFACE:QUICK COMMANDS,9,324
82106,Revamp Web Protocol Handlers for improved Fediverse integration,SoniEx2,2022-12-17T03:29:47.847Z,0,NAVIGATION:WEB PAGES:USER INTERFACE,4,250
78987,Migrate from Seamonkey  import a whole profile incl. email,LigH,2022-09-01T13:54:36.311Z,0,,6,212
95145,"Search Operator" field to be added whenever you search in the Address Bar,RealoFoxtrot,2024-02-14T14:12:45.546Z,0,SEARCH:ADDRESS BAR,1,127
95000,Workspaces pin and sync,pecsijanos,2024-02-08T22:06:11.398Z,0,SYNC:WORKSPACES:QUICK COMMANDS,5,351
70755,Open a URL from the address with the mouse,ryukusu,2022-01-10T19:12:58.500Z,0,ADDRESS BAR,10,553
94974,Speed Dial Keyboard Navigation,KoenraadHulsker,2024-02-07T14:38:32.822Z,0,SPEED DIAL:NAVIGATION:KEYBOARD SHORTCUTS:BOOKMARKS:START PAGE,2,129
94378,Please stop using random folders for update cache,Viking872,2024-01-18T04:28:23.080Z,0,UPDATES,13,559
94912,Larger Vertical Tab Icons,rawkode,2024-02-05T10:27:42.935Z,0,TAB BAR,2,156
91913,Cancel any drag and drop action by right clicking during the drag...,TsunamiZ,2023-10-28T01:15:41.624Z,0,USER INTERFACE:TABS,2,106
87767,Rename them to simply "move tab backward / forward"...,TsunamiZ,2023-06-09T02:35:38.139Z,0,TABS:KEYBOARD SHORTCUTS,2,103
76680,Pin tabs to the left of other pinned tabs...,TsunamiZ,2022-06-15T05:19:48.730Z,0,,2,59
94845,Ability to switch between recent tabs across all workspaces,tmab2003,2024-02-02T19:52:40.410Z,0,TABS:KEYBOARD SHORTCUTS:NAVIGATION:SETTINGS:USER INTERFACE:QUICK COMMANDS,3,206
94840,Ability to select tabs via keyboard only,tmab2003,2024-02-02T16:47:02.354Z,0,TABS:TAB STACKS:QUICK COMMANDS:NAVIGATION:KEYBOARD SHORTCUTS:WORKSPACES:USER INTERFACE,1,135
94824,Enable to translate short words,gooddha,2024-02-02T09:22:29.401Z,0,TRANSLATE,2,108
94813,Speed Dial,boidsonly,2024-02-01T21:10:25.602Z,0,SPEED DIAL,3,176
94744,Commands `Tile ...` with percentage parameter,aminought,2024-01-31T00:07:38.760Z,0,TAB BAR,1,75
94735,Reading List in New Tab Like Reading View,Pardus,2024-01-30T18:13:15.248Z,0,READING LIST,1,87
94731,alternating tab color,q9543,2024-01-30T13:55:34.765Z,0,USER INTERFACE:TAB BAR,1,85
94724,Custom Workspace icon,marekrysavy,2024-01-30T07:52:41.447Z,0,WORKSPACES,3,210
94656,Workspace to remember internal windows & sizes,Vivipop,2024-01-27T18:27:40.030Z,0,WORKSPACES:PANELS:TAB BAR:WINDOW,1,111
94636,Sort Cookies by Quantity or Name,AvocadoSteam,2024-01-27T00:13:22.330Z,0,COOKIES,3,121
94395,keyboard shortcut to enable "Show popup thumbnail",anony898,2024-01-18T14:22:35.340Z,0,KEYBOARD SHORTCUTS,1,68
94320,Speed Dial Curtain - A way to temporarily hide bookmarks clutter,getraf,2024-01-16T08:08:57.033Z,0,USER INTERFACE:WINDOW:SPEED DIAL:QUICK COMMANDS:BOOKMARKS:WORKSPACES,12,518
94362,Always let theme-color meta tag override favicon-derived color,HolgerWeiss,2024-01-17T17:58:34.275Z,0,USER INTERFACE:WEB PAGES,1,101
94149,Limit mouse scrolling to a scrollable text field only (instead of both a field and a page),eugenesv,2024-01-09T16:04:22.516Z,0,USER INTERFACE:NAVIGATION:WINDOW:WEB PAGES,3,299
94099,Optionally match parent folder names when searching for bookmarks by name,williamscaleba,2024-01-08T03:02:05.915Z,0,ADDRESS BAR:BOOKMARKS:QUICK COMMANDS,2,149
94093,Hide Individual Elements By Default,HaroldRo,2024-01-07T19:37:52.830Z,0,MENUS:SETTINGS:TAB BAR:TAB STACKS:TABS:TOOLBARS:USER INTERFACE,4,236
94040,open in new tab  if current tab is empty,Tasmdevil,2024-01-05T12:52:34.437Z,0,TABS:BOOKMARKS:SETTINGS:ADDRESS BAR,1,95
94018,"Alt key for main menu" setting  please make the expiration time for holding the ALT key be quicker...,TsunamiZ,2024-01-04T17:59:28.158Z,0,SETTINGS:KEYBOARD SHORTCUTS:MENUS,1,98
93976,Being able to schedule a theme to change during specific moths,n0cturnal3D,2024-01-03T11:35:57.036Z,0,THEMES,1,129
93611,Workspace switcher menu searchable by typing.,tschallackabigbridge,2023-12-21T10:07:05.048Z,0,USER INTERFACE:WORKSPACES:NAVIGATION:SEARCH,2,203
93949,Option to remove panel,Zam7am,2024-01-01T22:32:02.481Z,0,USER INTERFACE,2,101
93856,Command chain command for opening specific extensions...,TsunamiZ,2023-12-29T14:50:32.066Z,0,SETTINGS:KEYBOARD SHORTCUTS:EXTENSIONS:COMMAND CHAINS,6,274
93852,Add this Feature Autorun and Background mode,rakibulalam137,2023-12-29T12:44:30.852Z,0,TOOLBARS:USER INTERFACE:UPDATES:SETTINGS,1,149
93806,Add support for Adguard URL tracking protection.,Veddu,2023-12-27T19:56:49.173Z,0,AD AND TRACKER BLOCKER,15,763
93790,Hide tab stack icon,Rymdkejsaren,2023-12-27T09:28:43.449Z,0,TAB STACKS:USER INTERFACE:TAB BAR,3,276
91593,Group Window and Workspace Items Separately in the Window Web Panel Regardless of Sort Order,g_bartsch,2023-10-18T00:42:20.986Z,0,USER INTERFACE:PANELS:WORKSPACES,2,164
93681,Window panel as a tab,Truemotion,2023-12-23T02:15:51.456Z,0,WINDOW:USER INTERFACE:TOOLBARS:TABS:PANELS:NAVIGATION:KEYBOARD SHORTCUTS,3,223
93654,Video screen capture tool,BillGee2810,2023-12-22T09:08:52.926Z,0,CAPTURE PAGE:DEVELOPER TOOLS:PAGE ACTIONS,2,163
93594,Allow moving the menu position and add the ellipsis icon option,mikeyb2001,2023-12-20T22:33:41.203Z,0,USER INTERFACE:TOOLBARS:MENUS,1,144
93546,Movable menu icon,HanlonsRazor,2023-12-19T10:16:01.254Z,0,TOOLBARS:MENUS:SETTINGS,2,154
93395,Dispaly extensions only if they're enabled on this site,TuTAH,2023-12-15T11:33:33.437Z,0,USER INTERFACE:EXTENSIONS,2,136
93358,close tabs all/other sessions,srdgrb,2023-12-14T18:52:37.893Z,0,SYNC:USER INTERFACE,1,123
93349,Workspaces Should Save/Re-open,a2jc4life,2023-12-14T16:32:52.705Z,0,WORKSPACES,1,102
92804,Next / Previous Workspace Buttons in Workspace Tab Bar,RadekPilich,2023-11-25T15:53:33.400Z,0,USER INTERFACE:TAB BAR:WORKSPACES,7,237
93265,Include different workspaces in cycle,nabab,2023-12-12T18:16:35.800Z,0,TABS:WORKSPACES:KEYBOARD SHORTCUTS,2,144
89465,More Speed Dial preferences.,EvilRaccoon,2023-08-09T12:01:22.412Z,0,USER INTERFACE:THEMES:SPEED DIAL:SETTINGS,21,1670
93252,Confirm on choosing Empty Trash from Notes -> Deleted Folder,lavanyadeepak,2023-12-12T06:17:18.178Z,0,USER INTERFACE,3,127
92917,Open Tab Bar in new window,jnaves,2023-11-29T15:49:41.961Z,0,TABS:TAB STACKS:TAB BAR,5,198
93173,Media Control On Tab Preview & Panel,Pardus,2023-12-08T19:53:02.527Z,0,TABS:PANELS:MEDIA,1,150
93163,How to find the number of devices that are sync-ing to a particular Vivaldi Account?,lavanyadeepak,2023-12-08T10:07:58.376Z,0,SYNC,2,182
93121,keeping sites alive all the time way to run,mculver,2023-12-07T06:15:10.354Z,0,TABS,2,101
92984,Copy an Alt-Text?,BOB1971,2023-12-01T19:51:56.625Z,0,WEB PAGES:TRANSLATE:MEDIA,7,366
92977,Too many reserved tabs causing unresponsive startup. Want a better way to launch?,XJY,2023-12-01T15:13:43.270Z,0,WORKSPACES:WINDOW,3,120
92863,Confirm reloading above X-# of pages (The accidental reloading of all your Speed-dial bookmarks!),Totto,2023-11-27T20:48:31.827Z,0,SPEED DIAL:SETTINGS:PAGE ACTIONS:USER INTERFACE,3,193
92750,Keep Old window as Default for Everything (Panels and Last Session Restore),SmoothMarx,2023-11-23T18:51:34.009Z,0,WINDOW:SETTINGS:PANELS:SESSIONS:USER INTERFACE,4,227
92752,Save Stacked&Tiled Tabs(then open one click),Pardus,2023-11-23T19:28:30.496Z,0,TAB STACKS:TABS,2,129
92728,Close tabgroup with Ctrl+MMB,TuTAH,2023-11-23T10:06:59.710Z,0,TABS,3,142
92656,Mouse gestures in app mode,mustang651,2023-11-20T15:00:31.694Z,0,MOUSE GESTURES,5,213
92649,Youtube Scrollbar Issue,aadil1920,2023-11-20T08:53:48.816Z,0,USER INTERFACE,3,135
92563,Start Page: allow for new tab,harmonic,2023-11-17T02:28:27.071Z,0,USER INTERFACE:TAB BAR,1,132
92519,client for Delta Chat,4kai,2023-11-15T20:15:25.628Z,0,USER INTERFACE:PANELS,2,146
92516,Tiny temporary pop-up windows,srly9,2023-11-15T19:53:04.385Z,0,WEB PAGES:USER INTERFACE:KEYBOARD SHORTCUTS,6,225
92487,Delete existing Mail Lists when email account is removed,datavoid,2023-11-14T19:30:00.976Z,0,UPDATES:PANELS:HISTORY:SETTINGS,1,156
92374,Preload web pages,takeva,2023-11-11T08:37:15.077Z,0,WEB PAGES,2,170
92339,Push Notification Manager,Flexman,2023-11-09T21:37:04.966Z,0,PRIVACY AND SECURITY,2,124
92351,Reopen previously opened pages,MarkdeWet,2023-11-10T10:09:21.824Z,0,WEB PAGES:SETTINGS,3,142
92331,Scrolling up and down the profile logo should change profiles,pdfdfpdak,2023-11-09T12:47:52.451Z,0,USER INTERFACE:PROFILES:MOUSE GESTURES:NAVIGATION,1,152
92320,Settings Location and icon,mikeyb2001,2023-11-09T01:40:20.238Z,0,USER INTERFACE,1,85
92301,Easily edit the current website's passwords,ryofurue,2023-11-08T11:12:30.572Z,0,USER INTERFACE:PASSWORDS,1,150
92174,The ability to cut  copy and paste tabs (e.g. for moving them between virtual desktops),Kaz49,2023-11-04T10:56:15.718Z,0,TABS,2,228
92083,Adding background color to bookmark menu pop up and right click menu,aramrahgozar,2023-11-01T15:46:39.878Z,0,USER INTERFACE,1,85
92010,Feature Request: Implement CNAME Uncloaking in Vivaldi.,LukeHjo,2023-10-30T20:32:32.936Z,0,PRIVACY AND SECURITY,19,600
91852,Manage  delete and  synced data from devices,notorious,2023-10-27T05:03:19.999Z,0,SYNC:PRIVACY AND SECURITY,5,385
91979,Drag Tab to Move Tab to New Workspace,dalinar,2023-10-30T02:09:55.267Z,0,WORKSPACES:MENUS:TABS:USER INTERFACE,2,169
91923,RTL support in notes,Alexkmr,2023-10-28T08:53:11.265Z,0,NOTES,6,272
91717,Prioritize base URL's in the address bar autocomplete suggestions,stevedperkins,2023-10-22T23:03:39.393Z,0,ADDRESS BAR,2,257
91731,Streamlining Vivaldi Menu: Combine Flag Commands,janrif,2023-10-23T16:14:57.714Z,0,MENUS,7,267
91711,Save sesion and Path file,Ansyaa,2023-10-22T19:57:32.466Z,0,MENUS:WINDOW:SESSIONS:SETTINGS:PANELS:NOTES:KEYBOARD SHORTCUTS:HISTORY:WORKSPACES,13,658
91663,No quick and easy way to share and send a link email or messages  really annoying,GVCCbob,2023-10-20T16:39:01.343Z,0,WEB PAGES:ADDRESS BAR,4,197
90824,Change the padlock to "options",madiso,2023-09-22T12:11:32.758Z,0,USER INTERFACE:TOOLBARS:PRIVACY AND SECURITY:PAGE ACTIONS:ADDRESS BAR:NAVIGATION,14,563
91589,please fix - Panel bar unhides itself when panels are not on the panel bar,Willuk,2023-10-17T19:07:26.800Z,0,PANELS,1,100
90698,Extensions per workspace,clade,2023-09-18T09:46:34.589Z,0,WORKSPACES:EXTENSIONS,7,392
91414,Remember selected Vivaldi workspace per desktop workspace in Linux,zdila,2023-10-11T09:16:41.841Z,0,WORKSPACES,2,125
91477,[[topic:topic-is-deleted]],ZeraX7,2023-10-13T07:22:10.564Z,0,,0,179
91370,Alltime sorting of history by views,Tuexss,2023-10-09T15:40:54.689Z,0,HISTORY,7,297
91298,Search "sync'd" tabs  as a holdover until a tab sync feature is implemented?,alv,2023-10-06T21:30:48.685Z,0,TABS:SYNC,1,116
91281,Case sensitivity to Nicknames (when used in Quick Commands),kHellstr,2023-10-06T08:44:17.669Z,0,BOOKMARKS:KEYBOARD SHORTCUTS:QUICK COMMANDS,3,187
91280,Option to always open the Pinned Tab when using Nicknames,kHellstr,2023-10-06T08:24:05.226Z,0,USER INTERFACE:TABS:QUICK COMMANDS,1,91
91222,[Tiny] Drag speed-dials between Start Page tabs,FlooferLand,2023-10-04T11:11:52.880Z,0,SPEED DIAL:USER INTERFACE,6,231
91220,Option: silent update in the background without administrator rights,wolfergabe,2023-10-04T09:59:52.579Z,0,UPDATES,1,110
91208,Content sensitive Side Panel Width - FR,kHellstr,2023-10-03T16:09:02.777Z,0,USER INTERFACE:PANELS,2,134
89870,Can we get consistent keyboard shortcuts please??,easyme,2023-08-24T18:29:07.460Z,0,USER INTERFACE:KEYBOARD SHORTCUTS:TAB BAR,25,1244
91202,Translator filter,AMiRok,2023-10-03T12:09:26.759Z,0,TRANSLATE:SETTINGS:QUICK COMMANDS:DEVELOPER TOOLS,1,162
91168,Start Page background image alignment settings,AlecP6139,2023-10-02T15:30:50.116Z,0,USER INTERFACE:SPEED DIAL:THEMES:SETTINGS,2,171
91001,Preserve Tab Counts when dragging tabs,RadekPilich,2023-09-28T12:02:26.227Z,0,TABS:TAB STACKS:TAB BAR,3,135
90996,Single Column Sectioned Vertical Tab Bar,RadekPilich,2023-09-28T10:29:17.182Z,0,USER INTERFACE:TAB BAR,3,125
90993,Window sidebar - view mode to group / filter out unstacked tabs,RadekPilich,2023-09-28T10:00:55.005Z,0,WINDOW:TABS:PANELS:WORKSPACES,1,128
90958,frame reload,locogato,2023-09-27T08:59:17.768Z,0,MENUS:PAGE ACTIONS:USER INTERFACE:WEB PAGES,6,460
90949,Mute Tab "Prioritize Active Tab" feature current bad use-case implementations and suggested fixes.,octaviorios,2023-09-26T20:51:31.450Z,0,TABS:NAVIGATION:MEDIA,2,229
90745,Share Vivaldi e-mail account across OS'es,jhpvivaldi,2023-09-19T18:56:40.161Z,0,PROFILES,3,177
90850,Button to quick toggle of "save to default location" / display "save as" dialog,propiro,2023-09-23T03:27:27.390Z,0,DOWNLOADS:USER INTERFACE,2,117
90836,Url on status bar should have a smaller font,daysofnil,2023-09-22T18:21:32.139Z,0,USER INTERFACE:STATUS BAR,6,245
90084,Open New Tab in existing set of tiled URLs,tiresidedown,2023-08-30T22:10:36.865Z,0,KEYBOARD SHORTCUTS:TABS:USER INTERFACE:WEB PAGES,3,204
90794,New Vivaldi windows on another virtual desktop on Windows,ilp0000,2023-09-21T09:45:09.066Z,0,WINDOW,10,263
90787,One Time/On Demand Refresh Feature of Whatsapp (Web) Side Panel,lavanyadeepak,2023-09-21T01:08:24.314Z,0,PANELS,2,175
90783,Allow me to close other tabs in vertical tab mode.,MIfoodie,2023-09-20T21:41:19.231Z,0,TAB BAR,5,209
90743,Make Load Image changes from status bar or keyboard current tab only,scottdky,2023-09-19T17:07:29.871Z,0,PAGE ACTIONS:STATUS BAR:TABS:WEB PAGES:USER INTERFACE,2,154
90675,Option to disable opening new tab after selecting an item from the search history list,Gregor,2023-09-17T16:00:12.958Z,0,SETTINGS:SEARCH:ADDRESS BAR:HISTORY,1,119
90658,Open Link Reader View,Pardus,2023-09-16T18:45:41.774Z,0,READER VIEW,2,149
90610,When searching in History Panel  return only results for dates when pages were visited  that contain search term,VividJ,2023-09-15T10:35:59.282Z,0,USER INTERFACE:SEARCH:PANELS:HISTORY,1,94
90538,Why cant I customize the "+" open a new tab button unlike other buttons present on vivaldi browser?,LoneRanger12,2023-09-13T13:43:54.057Z,0,WINDOW:TABS:TAB BAR:STATUS BAR:SETTINGS:PANELS:NAVIGATION:MENUS,5,285
90560,Is it possible to selectively allowing third-party cookies?,grwkremilek,2023-09-14T06:39:47.566Z,0,SETTINGS:PRIVACY AND SECURITY:COOKIES,2,156
90527,Make button to hide panel follow the panel,coolaew,2023-09-13T11:59:58.665Z,0,PANELS:ADDRESS BAR:USER INTERFACE:TOOLBARS,2,116
90412,Support right-click exit in screenshot state,Poto,2023-09-09T07:32:35.665Z,0,CAPTURE PAGE,5,202
90501,tab switching in tab tiling,LuckyMeYT,2023-09-12T18:05:17.999Z,0,TABS:TAB BAR,2,132
90371,Tab and Booksmarks toolbar spacing,chiptesters,2023-09-07T20:35:38.374Z,0,TABS:BOOKMARK BAR:BOOKMARKS:TAB BAR,2,155
90322,Option to sort downloads by remaining time (ETA),Raindrops1,2023-09-06T09:37:05.966Z,0,DOWNLOADS:USER INTERFACE,3,142
90276,Ability to choose the location of extension popup,CLsBrvUtCVsbHSM,2023-09-05T06:01:32.526Z,0,USER INTERFACE:EXTENSIONS,5,219
90258,Move tabs to a workspace on another computer.,HanlonsRazor,2023-09-04T15:48:59.029Z,0,TABS:WORKSPACES:SESSIONS:SYNC,1,173
90209,Workspace Smart Load,gavcolgts,2023-09-03T02:19:35.824Z,0,WORKSPACES,3,152
56427,Minimum window size limit,LonM,2021-02-04T00:29:09.955Z,0,,7,157
58424,Smoother Animations,seirtnese,2021-03-19T11:35:55.366Z,0,,3,175
53181,Capture {and save to Cloud storage},zigojacko,2020-11-20T11:01:14.044Z,0,,6,176
80509,Auto-translate selected text on pdf,DeerWhale,2022-10-25T19:40:40.551Z,0,TRANSLATE,2,316
82433,Is it possible to have 2 different session on the same window?,alohl669,2022-12-28T12:47:46.003Z,0,SESSIONS:PROFILES,4,226
82879,Blink Away Shortcut,dalinar,2023-01-13T20:59:45.134Z,0,KEYBOARD SHORTCUTS:TABS,3,149
90069,An option to assign a 'reload everything' command to a shortcut,bluyckx,2023-08-30T15:36:04.166Z,0,USER INTERFACE:TAB STACKS:TABS:SETTINGS:WORKSPACES,1,85
90018,Bookmark: own adress,sphera,2023-08-29T17:57:10.616Z,0,BOOKMARKS,8,254
89982,Bookmark All Tabs Shortcut / Quick Commands,LeoMedeiros10,2023-08-29T03:08:36.906Z,0,WINDOW:TOOLBARS:TABS:TAB STACKS:TAB BAR:SESSIONS:QUICK COMMANDS:HISTORY:BOOKMARKS:BOOKMARK BAR,3,581
85574,Workspaces emoji palette show all emojis,kyu3a,2023-04-13T13:11:50.246Z,0,WORKSPACES,8,922
89947,Address bar: Alter behaviour for unchecking "Show Search Queries in Typed History" option,5eagull,2023-08-27T15:50:29.002Z,0,ADDRESS BAR,2,118
89910,Web plugin for login in NVR Dahua,competition,2023-08-26T02:16:32.919Z,0,,10,5948
89931,Windows Sidebar Focus on Active Window Only,ChadGarion25,2023-08-26T18:38:43.606Z,0,TOOLBARS:WORKSPACES:WINDOW:USER INTERFACE:TABS,3,212
89907,Add an option to deactivate the need of holding down "shift" to do a faster tab scroll with the wheel,LineSlayerArt,2023-08-26T01:10:49.273Z,0,USER INTERFACE:TABS:TAB BAR:SETTINGS:MENUS:WORKSPACES,1,121
89906,Horizontal tab scroll bar,LineSlayerArt,2023-08-26T01:00:36.175Z,0,USER INTERFACE:TABS:TAB BAR:WORKSPACES,1,113
89905,Could you increase the speed of the horizontal tab scroll?,LineSlayerArt,2023-08-26T00:48:22.717Z,0,USER INTERFACE:TABS:TAB BAR:TAB STACKS:WORKSPACES,1,127
89822,Password generator as in Brave,YehorI,2023-08-22T15:32:38.066Z,0,PRIVACY AND SECURITY,2,216
89073,Elastic Scroll,bitwelve,2023-07-25T03:13:30.124Z,0,MOUSE GESTURES,6,467
89811,Search Hotkeys by Input,nijbu,2023-08-22T05:21:40.809Z,0,KEYBOARD SHORTCUTS,2,109
69246,What is "id" field in the theme's settings.json?,Stardust,2021-12-03T00:28:24.591Z,0,THEMES,4,205
89763,make vivaldi's ui compatible with mastodon glitch-soc fork,ybjrepnfr,2023-08-20T05:34:56.383Z,0,TABS:USER INTERFACE,1,131
89747,Brazilian Portuguese in the translation tool,jorgefilho,2023-08-19T15:13:49.794Z,0,TRANSLATE,3,192
89692,Suggestion for horizontally scrollable page tilling  maybe grouped too  later,AGene1234,2023-08-18T02:40:20.405Z,0,TABS,1,113
89625,Top Space To Drag Between Screens,papagiorgio200,2023-08-15T14:55:21.262Z,0,ADDRESS BAR:EXTENSIONS:NAVIGATION:WINDOW,6,269
89526,Option to pen bookmarks in new tab only from bookmark manager,KosMosPV,2023-08-11T17:23:32.222Z,0,SETTINGS:BOOKMARKS,3,417
89486,Ability to disable webpage dimming when using "Find in page",CLsBrvUtCVsbHSM,2023-08-10T06:14:20.618Z,0,USER INTERFACE:WEB PAGES,6,233
89424,Templates for multiple windows,janrif,2023-08-07T15:38:24.049Z,0,WINDOW:TOOLBARS:USER INTERFACE,1,93
89382,Suggestion: Recently Closed Workspaces Button?,Gamarleton,2023-08-05T19:00:08.816Z,0,WORKSPACES,2,102
89345,F2 page search,rikkitikki,2023-08-04T14:05:12.343Z,0,PAGE ACTIONS:SETTINGS:SEARCH:KEYBOARD SHORTCUTS,3,211
89305,Page Zoom reset,Ericlv13,2023-08-03T15:39:37.609Z,0,ZOOM,4,273
89313,Keyboard Shotcut for Copy URL,kyu3a,2023-08-03T22:06:34.635Z,0,KEYBOARD SHORTCUTS,3,196
89268,Let's bring Back the Old Design a Little Bit,tigercat,2023-08-02T09:04:59.482Z,0,USER INTERFACE:TOOLBARS:THEMES:TAB BAR:STATUS BAR:SETTINGS:MENUS:ADDRESS BAR,4,452
89235,Move from One Tab Stack to Another,Naal,2023-08-01T07:15:01.815Z,0,TAB STACKS:TABS,3,192
89199,About the Unread Indicator,RasheedHolland,2023-07-30T12:59:54.397Z,0,TABS,12,392
89202,Add support for beforescriptexecute / afterscriptexecute,23443,2023-07-30T17:42:40.128Z,0,PRIVACY AND SECURITY:WEB PAGES:AD AND TRACKER BLOCKER,1,184
89192,Bookmarks Bar Locations,RadekPilich,2023-07-30T08:36:31.465Z,0,USER INTERFACE:SPEED DIAL:BOOKMARK BAR:BOOKMARKS,1,142
89121,Ad Blocker - Add filter list,peppr,2023-07-27T12:11:22.770Z,0,AD AND TRACKER BLOCKER,4,1858
88956,Discord Rich Presence,notmalware,2023-07-18T22:49:24.186Z,0,USER INTERFACE,18,913
88854,Extension parameter in command chain needed,omidkr0,2023-07-14T16:24:24.141Z,0,QUICK COMMANDS:EXTENSIONS:COMMAND CHAINS,1,169
84930,Right-Click Image and Bookmark  Instead Of `Right-Click Image  Open Image Link In New Tab Page  Then Bookmark the Page`,TheAMan006,2023-03-19T20:05:16.179Z,0,BOOKMARKS:TOOLBARS,2,129
88794,Allow to color windows to indicate "topic",azaz44,2023-07-12T07:25:53.917Z,0,WORKSPACES:WINDOW:USER INTERFACE:TABS:SESSIONS,2,159
88756,Private Window Button In Toolbar,Genre,2023-07-11T01:49:15.837Z,0,TOOLBARS:USER INTERFACE:START PAGE:SPEED DIAL,3,268
88678,RSS Adress,sphera,2023-07-08T08:23:23.911Z,0,SYNC,5,201
88647,List system fonts instead of predefined fonts in 'Webpages' settings,matytyma,2023-07-06T16:22:19.315Z,0,SETTINGS:USER INTERFACE,3,110
88613,SEARCH across workspace,langmann,2023-07-05T09:25:25.114Z,0,SEARCH:WORKSPACES,3,181
88609,Add the option to separate pinned tabs from workspaces.,artume,2023-07-05T07:45:54.816Z,0,WORKSPACES:TABS:TAB BAR:USER INTERFACE,2,112
88546,Plays Only Audio in Videos,Pardus,2023-07-02T20:27:44.267Z,0,MEDIA,9,313
88548,Multimedia key mapping with ctrl  shift  & alt,ErgoproxyXD,2023-07-02T22:01:25.745Z,0,KEYBOARD SHORTCUTS:SETTINGS,1,120
88483,User Control Over Extension Site Data Access in Vivaldi,Boolean,2023-06-29T19:12:45.989Z,0,,1,66
88431,Quick actions in the Contextual Menu,sev7en,2023-06-28T02:58:02.380Z,0,USER INTERFACE:QUICK COMMANDS,7,284
88357,Make Trash Can a bar component,notblam,2023-06-26T05:43:04.751Z,0,USER INTERFACE:TAB BAR:STATUS BAR,4,298
88365,Automatically Collapse Panel After Clicking Link,n810,2023-06-26T09:25:50.513Z,0,PANELS:SETTINGS,1,101
88361,Switching workspaces in tabs switch style,regedi,2023-06-26T08:57:12.111Z,0,WORKSPACES:USER INTERFACE,1,227
88306,Automatic command chains,notmalware,2023-06-24T13:17:09.452Z,0,QUICK COMMANDS:COMMAND CHAINS,3,197
88231,Save browser dimensions,mlamiroy,2023-06-21T15:11:30.793Z,0,WINDOW:USER INTERFACE:MENUS,3,190
88145,Make DeepL addon work in mail client,Dancer18,2023-06-19T07:21:24.698Z,0,TRANSLATE:EXTENSIONS,5,260
88119,Workspaces drop-down menu,CalebM,2023-06-18T09:06:48.973Z,0,WORKSPACES:USER INTERFACE:TAB BAR,13,533
87939,Account Management Tip,fhuamang,2023-06-12T22:57:21.179Z,0,SYNC:SESSIONS,1,96
87915,Only tabs search like chrome,vivaldiuserrr,2023-06-12T15:21:36.925Z,0,TABS:NAVIGATION:KEYBOARD SHORTCUTS,5,189
87914,1 click to go to tab in the window panel,vivaldiuserrr,2023-06-12T15:08:58.326Z,0,PANELS:TABS:WINDOW,4,174
87861,Ability to place a star icon in tabs on the tab bar,MightyOak,2023-06-11T00:46:52.740Z,0,TABS:TAB STACKS:TAB BAR:USER INTERFACE,2,147
87784,Bookmark with var like on firefox,jiremek,2023-06-09T08:12:30.953Z,0,BOOKMARKS:ADDRESS BAR,2,119
87803,Allow for custom new tab,SussyImpostorOfTheVents,2023-06-09T14:33:48.447Z,0,USER INTERFACE,2,57
87499,Move speed dial Bookmarked  page with bookmark page,jpaulbiss,2023-06-01T12:27:31.525Z,0,SPEED DIAL,4,198
87445,Add menu customization items "Move Tab Stack to Beginning/End",d2warren,2023-05-30T17:34:36.486Z,0,MENUS:TAB BAR:TAB STACKS:TABS,2,121
87422,Move Tabs to Different Profile window,ianzhuo,2023-05-30T02:15:45.968Z,0,WINDOW,2,127
87326,Right click menu order reverse,q120144178,2023-05-26T01:59:57.498Z,0,USER INTERFACE:MENUS:WINDOW,3,147
87398,Moving new created tab to workspace,jimlincoln800,2023-05-29T00:18:28.286Z,0,WORKSPACES:USER INTERFACE,3,122
87266,Vivaldi hide URI (after hash symbol) and I cant find any settings to turn that off,JsonKody,2023-05-24T11:08:24.907Z,0,ADDRESS BAR,5,195
87208,Videochat for Vivaldi,pecsijanos,2023-05-22T12:03:35.210Z,0,DEVELOPER TOOLS:POP-OUT VIDEO,19,932
87217,Ctrl+Delete in the download panel to delete the selected file will delete the local file,Poto,2023-05-22T17:04:51.199Z,0,PANELS,2,102
87110,Windows trackpad gestures,boneskull,2023-05-20T00:02:57.322Z,0,USER INTERFACE:MOUSE GESTURES,2,753
87109,Themes | Inherit Tabs Transparency from Panels,Hadden89,2023-05-19T22:38:23.810Z,0,TAB BAR:USER INTERFACE:THEMES,1,95
87067,Cloud devices browsed tabs and session.,sev7en,2023-05-19T01:59:59.655Z,0,USER INTERFACE:WEB PAGES:ZOOM:WORKSPACES:SESSIONS,1,133
86816,Tab after drag to Bookmarks,rango886,2023-05-12T03:58:37.871Z,0,TABS:TAB BAR:BOOKMARKS:BOOKMARK BAR,5,290
86948,Save and sync multiple windows,einarryv,2023-05-15T19:31:34.920Z,0,WINDOW:SYNC:SESSIONS,2,155
86928,Page Zoom Range setting,RadekPilich,2023-05-15T11:31:46.137Z,0,USER INTERFACE:ZOOM:SETTINGS,2,159
86903,Command Chain to emulate keyboard shortcut,coreyw2000,2023-05-14T17:02:35.713Z,0,USER INTERFACE:TOOLBARS:KEYBOARD SHORTCUTS:COMMAND CHAINS,1,187
86869,browsing history,suimng,2023-05-13T10:52:51.525Z,0,HISTORY,1,86
86682,Add/remove Navigation Menü Tabs On Speed Dial Navigation Menü,Pardus,2023-05-08T14:50:29.018Z,0,SPEED DIAL:MENUS,1,80
86658,Support for WebGPU via Chromium 113 stable,landon,2023-05-07T20:08:54.665Z,0,UPDATES:WEB PAGES:MEDIA,3,434
86661,Control Mobile Phone From Side Panel Pop-Out,wulreuben,2023-05-08T01:05:28.784Z,0,USER INTERFACE:PANELS:EXTENSIONS:NAVIGATION:SYNC,1,128
86627,Special no-color (monochrome line art) emoji font for workspace icons and speed dial folders,oskark,2023-05-07T05:27:30.319Z,0,WORKSPACES:SPEED DIAL,2,302
86579,A Panel Button For "(Page) Navigational History",TheAMan006,2023-05-05T16:46:52.203Z,0,PANELS:NAVIGATION:HISTORY,1,102
86573,Overlaid Tooltips On Tabs In Vertical Tabbar,TheAMan006,2023-05-05T15:02:30.661Z,0,TABS:TAB BAR,2,79
86556,Shift + Click on multiple tabs to Copy URLs to the clipboard,veeraquinas,2023-05-05T08:20:25.781Z,0,TAB BAR:TABS,2,123
86475,Make the RSS Feed Panel more functional/interactive,SmoothMarx,2023-05-03T12:39:27.202Z,0,READING LIST:READER VIEW:PANELS:USER INTERFACE,5,539
86548,【Desktop Ver】Regarding the audio output display in the tab bar,ysk6695,2023-05-05T02:22:36.685Z,0,WORKSPACES:TABS:TAB BAR,1,72
85737,Speed Dial folder: right-click / Open all in tab stack,mscha,2023-04-18T11:38:54.500Z,0,START PAGE:TAB STACKS,2,135
86495,Add "open link in new tiled tab" in right click context menu,TheAMan006,2023-05-03T23:39:42.951Z,0,TABS:USER INTERFACE:QUICK COMMANDS:MENUS:COMMAND CHAINS,2,181
86496,Add "Double Click (Over A Link)" to the Mouse Gestures,TheAMan006,2023-05-03T23:46:08.589Z,0,MOUSE GESTURES,1,86
86011,Option for the Workspace dropdown-menu to use the empty space so you don't have to open the dropdown,jahsera,2023-04-22T12:10:43.470Z,0,WORKSPACES,8,182
86448,Mail Notifications: Add Archive/Delete/... Buttons to Windows Notifications for Mails,neltherion,2023-05-02T12:59:51.431Z,0,USER INTERFACE:NAVIGATION,1,72
86434,Add/Remove Toolbar Elements with Command Chains,legobuilder26,2023-05-02T03:11:13.076Z,0,TOOLBARS:COMMAND CHAINS,2,127
86425,Tab bar styles,oleksakarasov,2023-05-01T17:59:18.438Z,0,TABS,1,76
86423,'Main' colour of background image instead of transparency effect,oleksakarasov,2023-05-01T17:53:42.288Z,0,TAB BAR,1,62
86271,Possibility to change accounts on sidebar panels,DRYN,2023-04-28T10:28:04.632Z,0,USER INTERFACE:PANELS,3,111
86404,System tray icons for PWA,only1337,2023-05-01T09:52:58.592Z,0,PAGE ACTIONS:WINDOW:WEB PAGES,1,110
86135,make "find in page" *not* depend on address but on tab,michaa7,2023-04-25T12:09:12.995Z,0,USER INTERFACE:TABS:SEARCH,3,133
86324,Context menu mirroring option for vertical tab bar,RadekPilich,2023-04-29T09:30:44.590Z,0,USER INTERFACE:TABS:TAB STACKS:MENUS,6,186
86300,Dedicated PWA Install Button,ReduxFlakes,2023-04-28T20:40:43.060Z,0,USER INTERFACE:TOOLBARS:MENUS:PANELS,1,156
86290,Clipboard sync,Bachalo,2023-04-28T16:04:33.143Z,0,SYNC:SETTINGS,1,75
86281,Add option not to switch focus to Vivaldi when clicking a link in another application,dimim,2023-04-28T12:37:03.764Z,0,NAVIGATION,1,74
86270,Grouping/Stacking/Nesting sidebar icons,DRYN,2023-04-28T10:25:57.391Z,0,USER INTERFACE:PANELS,1,78
86266,Hover over the completed task and press the delete button to delete the completed item directly,Poto,2023-04-28T10:10:41.283Z,0,PANELS,2,89
86189,"Copy all" option in note view,andryel45,2023-04-26T15:06:12.489Z,0,NOTES,5,123
86128,Panel Bar (Sidebar) provides hidden button,Poto,2023-04-25T10:17:20.103Z,0,PANELS,2,115
86082,[Reader View] Strip other page elements and display just the article content,Soromeister,2023-04-24T14:00:18.183Z,0,READER VIEW,1,102
86042,Set workspace profile,AlexShMS,2023-04-23T12:05:27.530Z,0,WORKSPACES:PROFILES,2,134
86037,Workspaces button next to Synced and Recently closed tabs,Nekomajin,2023-04-23T09:06:14.970Z,0,WORKSPACES:TAB BAR,2,117
86022,Closing Quick Settings,Pardus,2023-04-22T18:38:15.379Z,0,SETTINGS:SPEED DIAL,2,107
85962,Mini browser window in corner,lSang,2023-04-21T16:45:42.537Z,0,WINDOW,9,1172
85990,Add a searchbar for workspace,Kardia,2023-04-22T04:55:48.230Z,0,USER INTERFACE:TAB STACKS,2,84
85966,FOCUS on current tab (button)  in vertical tab list,DaaBoss,2023-04-21T17:27:43.504Z,0,TAB BAR:TABS,2,108
85963,Variable parameters in command chains,lSang,2023-04-21T16:49:46.586Z,0,COMMAND CHAINS,3,183
85970,Add (New Tab) button at bottom of Vertical Tab lists,DaaBoss,2023-04-21T17:48:41.865Z,0,TABS:TAB STACKS:TAB BAR:NAVIGATION:KEYBOARD SHORTCUTS,1,136
85952,Floating Folder Panel,capedghost,2023-04-21T15:08:10.887Z,0,SPEED DIAL:START PAGE:BOOKMARKS:USER INTERFACE,1,118
85949,Open Screenshot Folder from right click context menu of the Screenshot icon,dalinar,2023-04-21T14:59:54.461Z,0,CAPTURE PAGE,1,105
85909,Hide Horizontal Scrolling Arrows,Soromeister,2023-04-19T21:51:55.713Z,0,USER INTERFACE:TABS:TAB BAR:TAB STACKS:SETTINGS,1,361
85878,Follower Tab,H4M5TER,2023-04-19T15:44:56.928Z,0,TABS,4,159
85857,Subfolders for every Space,VladY,2023-04-19T12:10:33.084Z,0,WORKSPACES:TABS:TAB BAR:PANELS:MENUS,5,257
85833,Tabs separator (similar to bookmark separator),Synthercat,2023-04-19T08:15:55.845Z,0,TABS:TAB BAR,1,76
85807,Appearance of the "Open a New Tab" icon,gbx_wols,2023-04-19T03:21:39.006Z,0,TAB BAR,1,70
85770,Workspaces improvements,vivafan,2023-04-18T17:48:22.191Z,0,WORKSPACES:USER INTERFACE,1,89
85701,Contextual Menu for Tabs (right mouse button click),sev7en,2023-04-18T03:29:53.704Z,0,USER INTERFACE:MENUS,6,248
85655,download list,henriknet,2023-04-15T20:38:05.289Z,0,DOWNLOADS,3,153
82031,Sorting system for downloads,visvitalis,2022-12-15T16:50:25.272Z,0,DOWNLOADS,2,87
85568,Desktop-wide keyboard shortcut to call Vivaldi's Quick Commands dialog,vladimirg,2023-04-13T09:06:14.943Z,0,QUICK COMMANDS:KEYBOARD SHORTCUTS,3,135
85552,Distinct gestures for Activate Left/Right in tab order when closing the tab,dezdem,2023-04-12T18:14:48.718Z,0,TABS:MOUSE GESTURES,6,191
85296,Display calendar panel when viewing calendar,adzarooni,2023-04-02T08:20:20.658Z,0,USER INTERFACE:TABS:PANELS,3,116
85280,Please add a new screenshot creation mode "Open new tab".,KoreshS,2023-04-01T14:25:26.473Z,0,ADDRESS BAR:STATUS BAR,1,132
85259,Presenting tabs as if Powerpoint sheets,steltenpower,2023-03-31T12:46:13.319Z,0,TABS:COMMAND CHAINS,4,278
85190,Side Panel Icons' Heights Should Be Greedily Taller,TheAMan006,2023-03-28T22:51:09.770Z,0,PANELS,3,127
85112,Integration with redketchup.io,sev7en,2023-03-26T01:07:20.264Z,0,EXTENSIONS:DEVELOPER TOOLS:TOOLBARS:USER INTERFACE,2,277
85100,Add Session 'Quick launch' to Start Page,Baron860,2023-03-25T18:58:28.420Z,0,SESSIONS:START PAGE:USER INTERFACE,2,140
85090,Toggle On/Off Specific Extensions from Context Menu,ThatRossChap,2023-03-25T13:52:54.855Z,0,EXTENSIONS:USER INTERFACE:MENUS,4,314
64958,Expanded placement options for clock,xandork,2021-08-07T00:57:55.876Z,0,,3,101
84931,Download All The Pages Within A Bookmarks Folder Locally,TheAMan006,2023-03-19T20:10:19.582Z,0,BOOKMARKS:DOWNLOADS,1,85
84920,Make Tabs' Exit Icon Non-Hidden on Default,benw93,2023-03-19T10:35:24.836Z,0,TABS:DEVELOPER TOOLS,3,179
80147,Save cookies on exit only for certain sites,iateyourgranny,2022-10-12T20:53:22.870Z,0,PRIVACY AND SECURITY:COOKIES,4,757
84762,Window Panel: up/down arrow keys for up/down navigation through search results,qwc,2023-03-14T08:03:12.661Z,0,PANELS:WINDOW:SEARCH:KEYBOARD SHORTCUTS:USER INTERFACE,2,150
84730,Close the session when closing the browser.,Figaro972,2023-03-12T23:33:42.432Z,0,WINDOW:USER INTERFACE:SYNC:SESSIONS:PROFILES,9,352
84784,Notifications for app shortcuts in taskbar,Heysup,2023-03-14T22:28:05.450Z,0,USER INTERFACE,1,78
84723,Ping for Reading List,janrif,2023-03-12T16:59:43.479Z,0,USER INTERFACE:READING LIST,1,124
75445,Want Cmd+` to cycle through windows,joefilmmaker,2022-05-17T18:49:32.113Z,0,MACOS,8,470
84695,Click and Hold to Scroll Range Controls,Pesala,2023-03-11T15:06:06.299Z,0,USER INTERFACE:ZOOM:SETTINGS,1,144
84607,Better Control for Online Calls :),HooIsYun008,2023-03-09T11:30:12.544Z,0,USER INTERFACE,1,74
84600,Generic Folders for Toolbar,shriokun,2023-03-09T09:33:22.702Z,0,USER INTERFACE:TOOLBARS,1,79
80843,Privacy: I want a browser that doesn't make any automatic network connections without my initiating it,shabeer,2022-11-10T02:53:56.110Z,0,SETTINGS:PRIVACY AND SECURITY,25,1403
84552,Next step for "Tile x Tabs" feature,edvjacek,2023-03-07T16:03:43.544Z,0,TABS,3,132
78755,Table of Contents/Outline panel,cdrozak,2022-08-25T12:44:32.311Z,0,PANELS,4,168
84444,install apps,frssbie74,2023-03-04T18:47:08.324Z,0,WEB PAGES:TABS:SETTINGS,1,102
84431,Ignore use https for known broken sites,srart,2023-03-04T01:57:10.048Z,0,SETTINGS,2,80
84282,Drop-Down Menu in Speed-Dial,RayAlpha,2023-02-27T09:58:33.760Z,0,SPEED DIAL,4,111
84279,Improved Saved Session Management,WilliamConnor,2023-02-27T09:43:29.567Z,0,SESSIONS,4,171
84126,Pause loading / reloading / unhibernating of all tabs,RadekPilich,2023-02-23T12:25:10.484Z,0,PAGE ACTIONS:SESSIONS:STATUS BAR:SYNC:TABS:TAB STACKS:WEB PAGES,1,163
83825,Split tab bar location,vkleinschmidt,2023-02-15T20:31:36.284Z,0,TAB BAR:TAB STACKS,6,187
83985,Settings | Privacy | Delete Browsing data,Hadden89,2023-02-19T09:55:40.102Z,0,SETTINGS:PRIVACY AND SECURITY,2,96
83859,After opening Vivaldi set focus to the adress bar,erikson,2023-02-16T12:44:43.767Z,0,START PAGE:ADDRESS BAR,3,163
83843,Hovering the tabs bar  magnifies the tab,jimmyz,2023-02-16T09:10:01.042Z,0,ZOOM:TAB BAR,1,118
77772,Pinning tab stack and tabs separately on two-level tab bar,Gregor,2022-07-22T19:54:31.961Z,0,TABS,7,419
83717,Add extension hotkeys to command chains.,Uhri0009,2023-02-12T01:41:16.153Z,0,COMMAND CHAINS:EXTENSIONS:KEYBOARD SHORTCUTS,1,166
83666,A calculator in the title bar,teteka,2023-02-10T04:23:11.494Z,0,STATUS BAR:ADDRESS BAR,6,308
83516,Would Vivaldi consider a Pro version focused on security?,RasheedHolland,2023-02-04T15:25:56.971Z,0,PRIVACY AND SECURITY,24,1405
63752,Functionality like OneTab,BeOS,2021-07-08T21:31:39.622Z,0,TABS,23,1307
83276,Export Notes to Bookmarks Format,saay,2023-01-27T19:08:56.263Z,0,NOTES:BOOKMARKS:BOOKMARK BAR:SETTINGS,3,226
83190,Split Page (like in MS Office),Kisafie1,2023-01-25T07:05:41.357Z,0,PAGE ACTIONS:WEB PAGES:USER INTERFACE,3,184
83088,Isolate Each Web Site In Its Tab,quartchug,2023-01-21T03:56:11.721Z,0,WEB PAGES:TABS:PRIVACY AND SECURITY:PAGE ACTIONS:COOKIES,2,260
83062,Use bookmark nickname (or description or title) as tab title,RadekPilich,2023-01-20T09:29:22.255Z,0,TABS:USER INTERFACE:BOOKMARKS,3,209
83013,Extensions display name,sraczka,2023-01-18T21:28:07.499Z,0,USER INTERFACE:EXTENSIONS:DEVELOPER TOOLS,2,188
77062,Quick Commands - add "Bookmark Tab Stack",RadekPilich,2022-06-26T10:02:53.009Z,0,SETTINGS:COMMAND CHAINS:QUICK COMMANDS:TAB STACKS:BOOKMARKS,2,156
82904,youtube fullscreen,RishitBhardwaj,2023-01-14T12:11:53.113Z,0,WEB PAGES:PAGE ACTIONS:MEDIA,2,200
82897,Reader Mode and html comment class,jamesthebud,2023-01-14T10:51:39.113Z,0,USER INTERFACE:READER VIEW,1,122
82768,mirror open stacks and stack names across all devices including possibly mobile,Kunjan,2023-01-10T17:16:34.846Z,0,TABS:TAB STACKS:SYNC:SESSIONS,8,304
82793,Session Taskbar Shortcuts,caseybarx,2023-01-11T18:28:44.269Z,0,TAB STACKS:KEYBOARD SHORTCUTS:SESSIONS,1,99
82660,Save penultimate session,paul1149,2023-01-06T10:39:41.536Z,0,USER INTERFACE,4,156
82650,"Open Link in New Tab in Window X" right-click option on link,alexandremckinnon,2023-01-06T01:53:00.760Z,0,WINDOW:TABS:MENUS:NAVIGATION:BOOKMARKS,3,142
82448,Give us the ability to configure “new tab position” behavior for each of different methods used to open a new tab and for whether a new tab is opened from inside a tab stack or outside.,Drkhn,2022-12-28T16:10:41.291Z,0,TABS:TAB STACKS:TAB BAR:KEYBOARD SHORTCUTS:SEARCH,1,132
82231,New Speed Dial folder created by drag & drop,FatProtea,2022-12-21T02:31:48.220Z,0,USER INTERFACE:SPEED DIAL,3,131
82232,Privacy mode doesn't permanently change settings,FatProtea,2022-12-21T02:38:15.518Z,0,WINDOW:USER INTERFACE:SETTINGS:PRIVACY AND SECURITY:AD AND TRACKER BLOCKER,2,128
82253,Sign in to mastodon account on any server,xinnix,2022-12-21T16:58:31.299Z,0,USER INTERFACE:MENUS,3,105
82246,'Double Click' tab to move it to a new window,GeoffG,2022-12-21T13:18:54.357Z,0,USER INTERFACE:TAB STACKS:MOUSE GESTURES,2,166
82058,Please support Apple Pay,IdanAdar,2022-12-16T07:16:49.729Z,0,PRIVACY AND SECURITY,3,245
81276,Translate Hot Key,dalinar,2022-11-28T10:54:16.390Z,0,TRANSLATE,5,305
82016,Find & click,jesusfdiaz,2022-12-15T12:10:16.071Z,0,SEARCH:NAVIGATION:KEYBOARD SHORTCUTS,4,178
82019,Translation pop-up window incorrect snapping issue,xarthurx,2022-12-15T13:07:19.027Z,0,USER INTERFACE:ADDRESS BAR,3,105
81925,Plugins that open many tabs at once  should open Hibernated,Reoxur,2022-12-13T07:57:31.215Z,0,TABS:EXTENSIONS,1,84
81859,Pen Support,SteveHartVi,2022-12-11T19:45:52.027Z,0,USER INTERFACE,1,101
81706,Reload pinned tabstack when launching Vivaldi,LocutusOfBorg,2022-12-08T15:51:53.556Z,0,TABS:TAB BAR:START PAGE,1,84
81703,"tab to bookmark" auto backup after X days,glx,2022-12-08T15:20:02.679Z,0,TABS:TAB STACKS:SESSIONS:BOOKMARKS:HISTORY,1,111
81690,Typing on startup before open,VeniVidiIloadedVivaldi,2022-12-08T13:15:12.329Z,0,SEARCH:ADDRESS BAR:USER INTERFACE,3,134
81599,Add "repeat last action" to context menu within page,sjetesjete,2022-12-07T10:29:42.872Z,0,PAGE ACTIONS,3,94
81687,separate counter on "Window" panel for each browser profile,glx,2022-12-08T12:42:36.120Z,0,PANELS:TABS:WINDOW,1,97
81583,Option for adding featured search engines,Dancer18,2022-12-07T09:18:18.958Z,0,SETTINGS:SEARCH,6,156
81552,Enable all commands in Toolbar editor,solidsnake,2022-12-06T17:10:30.557Z,0,USER INTERFACE:TOOLBARS:SETTINGS,3,145
81586,Reduce UI bar size,takeva,2022-12-07T09:40:44.102Z,0,USER INTERFACE,3,134
81560,Address bar link opens in new tab,jimfbk55,2022-12-06T19:56:15.609Z,0,ADDRESS BAR,2,104
81351,Default ShortCut | --profile-directory,Zalex108,2022-11-30T11:50:46.175Z,0,PROFILES,3,148
81322,Issue with Custom Margin Resting,pablo2plato,2022-11-29T16:41:02.730Z,0,USER INTERFACE,2,133
81317,Encrypt Notes,heavytc1,2022-11-29T13:10:11.349Z,0,SYNC:NOTES:PRIVACY AND SECURITY,4,199
81266,Request: Profiles Dialog - Save Window Size for Next Time,dalinar,2022-11-27T20:43:25.315Z,0,,1,47
71748,Dismiss the Quick Settings Panel of Start page like Web Panel.,kyu3a,2022-02-09T12:31:20.770Z,0,START PAGE:SETTINGS,3,223
80871,add automatic phonetic transliteration in the LingvaNex translator,avelev,2022-11-11T14:37:44.407Z,0,USER INTERFACE:TRANSLATE:PANELS,1,213
80869,Adding one more download-info,Prvock,2022-11-11T13:08:20.711Z,0,DOWNLOADS,1,87
80847,Column style in Vivaldi,Ericlv13,2022-11-10T10:23:03.060Z,0,BOOKMARKS:THEMES,1,121
80732,Incorporate "I don't care about cookies" functionality,paul1149,2022-11-04T14:01:29.972Z,0,WEB PAGES,22,1631
80719,IBA and Google Analytics opt-out extensions installed by default,newscpq,2022-11-04T06:03:03.058Z,0,AD AND TRACKER BLOCKER:EXTENSIONS,3,240
80726,Better signature integration for Vivaldi Mail.,nicktsak,2022-11-04T10:46:04.482Z,0,SETTINGS,2,89
79871,Adress Auto-Complete option to only show bookmarks,revers,2022-10-05T22:26:56.153Z,0,BOOKMARKS,5,193
80564,Toggle/button/shortCut/context menue entry to *easily* make really broad the scrollbar,michaa7,2022-10-28T12:35:06.083Z,0,USER INTERFACE:WEB PAGES,1,87
80552,Sync Task to do list across multiple devices,tienthebros,2022-10-27T16:01:45.186Z,0,SYNC:UPDATES:TOOLBARS,2,190
80472,Show synced tabs in Tabbar,knobi,2022-10-24T18:29:37.964Z,0,TABS:SYNC:TAB BAR,3,143
80453,CMD + Reload should open a new tab,msueldo,2022-10-23T19:16:23.294Z,0,TABS:WEB PAGES,2,127
80455,"freeze wallpaper animation outside the start page/speed dial" option,diinyoron,2022-10-23T20:37:58.921Z,0,WEB PAGES:THEMES:TAB BAR:START PAGE:SPEED DIAL,1,135
70139,x11 cut and paste,tim9,2021-12-19T09:52:29.517Z,0,SETTINGS,10,693
79993,Add a clickable utton for exiting fullscreen mode,alexvis2020,2022-10-08T18:35:46.532Z,0,USER INTERFACE:QUICK COMMANDS:NAVIGATION,7,220
80250,Add floating button for fullscreen toggle,anaskhan,2022-10-15T15:41:18.255Z,0,USER INTERFACE:COMMAND CHAINS,11,435
80100,Add "Move" in Notes Context Menu,janrif,2022-10-11T15:36:48.133Z,0,USER INTERFACE:NOTES:MENUS,3,171
80060,Drag and Dropping URL to Tab Stack Bug,MuratL,2022-10-10T16:34:29.571Z,0,TABS:TAB STACKS,4,167
79981,Memorize zoom for installed vialdi://apps,XeiDaMoKa,2022-10-08T14:48:37.693Z,0,ZOOM:WINDOW:USER INTERFACE:EXTENSIONS,8,372
80038,[Commands][Tabs] Add left/right tab without wrap around,eugenesv,2022-10-10T06:08:09.301Z,0,TABS:TAB BAR,1,69
79965,Hide address bar & status bar when watching pinned tabs,lilacKaZ,2022-10-08T07:06:23.018Z,0,USER INTERFACE:TOOLBARS:STATUS BAR:ADDRESS BAR,1,98
75293,Downloads window - please show location of folder where downloads are being saved,nickoo,2022-05-13T07:43:36.246Z,0,,7,154
77187,Vivaldi OS based on chromium OS.,Jknapp1208,2022-06-30T00:32:14.858Z,0,,1,153
79714,Some amazing new features in devtools of Chrome 106,martinspire,2022-09-28T19:04:28.218Z,0,DEVELOPER TOOLS,4,205
79628,Make "Untile selection" work within tab stacks,sirien.neiris,2022-09-25T14:29:22.433Z,0,USER INTERFACE:TABS:TAB STACKS:MENUS:QUICK COMMANDS,1,134
79601,GDI rendering mode option,tsa-work,2022-09-24T08:25:23.630Z,0,SETTINGS:USER INTERFACE,2,247
79449,Command Chain Command to Set Any Setting,rziiil,2022-09-19T04:19:57.548Z,0,SETTINGS,6,193
79030,Option to set geolocation manually,modifier,2022-09-02T19:33:02.296Z,0,SETTINGS:PIPELINE,3,236
79293,Add the ability to add Date to Folder name when bookmarking tab group,hasselk,2022-09-13T08:44:57.903Z,0,BOOKMARKS,2,75
79256,Page scrolls while jumping to search items,dteiml,2022-09-11T15:50:38.061Z,0,,2,71
78706,Add "Open in New Background Tab" in Quick Commands menu,theericbeaty,2022-08-24T04:59:24.596Z,0,TABS,3,130
79226,Add `Stack Tabs only from the command parameter` in command chain,sbv95,2022-09-10T08:48:21.097Z,0,TABS,2,86
79178,batch import speed dial thumbnails,JPlissken,2022-09-08T06:27:48.815Z,0,BOOKMARKS,1,82
79167,Show visual cue when Vivaldi's Address Field Drop-Down Menu is being populated,williamscaleba,2022-09-07T18:01:36.183Z,0,ADDRESS BAR,1,67
79158,Enhanced address bar for Vivaldi.,ImStillAnOperaFanBoy,2022-09-07T13:00:34.201Z,0,ADDRESS BAR,1,112
79127,Allow users to set custom proxy settings in incognito mode.,Jknapp1208,2022-09-05T21:45:18.395Z,0,SETTINGS,1,180
79023,Confirm dialog for merging tab stacks,RadekPilich,2022-09-02T15:17:38.977Z,0,,4,96
55110,Parental controls for changing settings  extensions  favorites,toroned,2021-01-03T15:07:44.719Z,0,SETTINGS,5,176
66427,Option to disable system tray icons,mystrdat,2021-09-17T10:54:14.753Z,0,,5,238
78781,Prioritise specific bookmarks for address bar/autocomplete,JustABrowser58,2022-08-26T04:17:21.017Z,0,BOOKMARKS,3,156
78807,Option to remove speed dial entries from taskbar context menu,Malebolge,2022-08-26T16:50:22.401Z,0,,7,395
78789,Multifunctional bookmarks as in Raindrop .io,kirill1996,2022-08-26T09:22:38.350Z,0,BOOKMARKS,2,163
78776,Clear the history and bookmark panels' "search" field after the panel closes,Aelius,2022-08-26T02:04:58.405Z,0,PANELS,3,128
78711,Keyword for Command Chain,shifte,2022-08-24T08:55:18.705Z,0,,8,236
77670,Back & Forward links in Notes,AbhishekMisra,2022-07-19T09:17:25.133Z,0,,3,102
78676,Make Picture-in-picture window rounder,SARRAF,2022-08-23T04:10:43.092Z,0,POP-OUT VIDEO,1,179
78645,Menu dropdown in fullscreen,randoomdude,2022-08-21T23:06:28.438Z,0,,2,78
78629,[Start Up] Restore Last session in "Inactive" Background tab,Lamaro,2022-08-21T06:20:40.289Z,0,,3,106
78492,Vivaldi Blue – the safe browser,PawelPoland,2022-08-17T02:19:04.257Z,0,,33,2974
78463,Support playready (DRM),Residentcl,2022-08-16T01:20:37.739Z,0,,5,348
78472,Allow toggling all types of Quick Command Item,anaskhan,2022-08-16T08:33:27.366Z,0,QUICK COMMANDS:SETTINGS,4,159
78471,Speed dial fit thumbnails to row,anaskhan,2022-08-16T08:21:32.174Z,0,SPEED DIAL,1,119
78458,Separate tab stacking and tiling behavior,laxu,2022-08-15T20:37:11.310Z,0,TABS,3,171
78227,Page action to darken fonts,Andrew111,2022-08-10T15:25:17.240Z,0,,12,196
78235,Request: Update Pop-up thumbnails when navigating away from tab,nih1,2022-08-10T16:56:29.821Z,0,TABS,3,121
78237,Charts and diagrams in notes,molex,2022-08-10T17:51:34.976Z,0,,3,180
78096,Improve UX on MacOS by opening Vivaldi  in "full-screen" mode,vitalii1k,2022-08-06T07:02:44.523Z,0,,1,183
78069,Option to sync *only* enabled extensions,Hadden89,2022-08-05T05:27:36.685Z,0,SETTINGS,3,107
78058,Session selection from Vivaldi app's task bar context menu,ZlaD,2022-08-04T12:43:02.499Z,0,,1,66
78047,Resize tab icon when tabs are on the side,zarte13,2022-08-04T01:55:23.664Z,0,TABS,1,67
78008,Feature suggestion - Floating side webpanel,DaniloAsanin,2022-08-02T11:14:01.991Z,0,PANELS,1,137
77846,Settings Web-Panel,Sendekomplex,2022-07-26T08:48:55.923Z,0,BOOKMARKS,3,134
77830,Exclude search nickname in search suggestions,shifte,2022-07-25T11:58:28.922Z,0,,6,170
77649,Vivaldi Start Page In Web Panel,TeroBauKoChack,2022-07-18T13:51:52.519Z,0,PANELS,2,157
77624,hit counter on the start page/bookmarks,nkateko,2022-07-17T04:02:15.468Z,0,BOOKMARKS,1,65
77616,Extension Sets,brenji,2022-07-16T18:55:02.903Z,0,PANELS,3,187
77585,Support in-document links in MHTML,MVV_,2022-07-15T09:55:16.000Z,0,,2,78
77245,Option to Pass Referrals in HTTPS Modes,btabke,2022-07-01T21:55:53.137Z,0,,5,182
61071,Add Audio Icon in Menu,tbussmann,2021-05-14T10:36:30.956Z,0,TABS,2,103
77511,🌟 Trim Stack-Tabs 🌟,bx376,2022-07-12T14:06:38.814Z,0,TABS,5,468
77528,Profile Shortcuts on Linux (Ubuntu),rued,2022-07-13T09:45:56.068Z,0,,4,131
77527,Show title of the tab stack in the description pop-up,RadekPilich,2022-07-13T08:11:47.632Z,0,TAB STACKS:TABS,1,94
77494,Shortcut File to start Command Chains,legobuilder26,2022-07-11T22:03:06.856Z,0,,1,74
77487,Allow Create Shortcut/PWA of Notes Page,mikestone,2022-07-11T17:40:41.745Z,0,,1,67
77454,Option to remove items automatically from a panel when opened/,irish66,2022-07-09T21:13:59.103Z,0,PANELS,3,142
77436,Find in page with current search engine words,irata,2022-07-09T08:10:42.421Z,0,ADDRESS BAR,2,127
77419,A snapshot from a video that is being watched on YouTube,Avangard,2022-07-08T14:30:15.036Z,0,,2,199
77407,Show warning when Content Blocker blocked resources from main domain,dude99,2022-07-08T07:08:12.215Z,0,,1,63
77246,Default download location based on filter,Teiem,2022-07-02T00:04:49.650Z,0,SETTINGS,2,88
77174,Web Panel toolbar customisation,spanakop,2022-06-29T10:58:10.742Z,0,PANELS,1,119
77152,reading mode color not with theme connected,user2303,2022-06-28T19:42:36.628Z,0,THEMES,1,93
77000,Ramdisk and Vivaldi,drradic,2022-06-24T14:30:48.759Z,0,,13,484
77037,Boost Vivaldi in comparative privacy tests,Hersir,2022-06-25T15:20:12.908Z,0,,2,106
77010,Rollbacks  please,TheRealJRogers,2022-06-24T16:41:51.517Z,0,,3,98
77019,Interrupted reload doesn't remove information.,BanisterJH,2022-06-24T22:19:32.205Z,0,PANELS,1,72
76997,macOS : no history navigation when scrolling tab bar,latinus31,2022-06-24T10:50:19.803Z,0,TABS,1,66
76967,Compress tab name on vertical tabs (like edge),kzhe,2022-06-23T14:09:46.152Z,0,TABS,1,102
76966,An option for Firefox-style MRU,Ineu,2022-06-23T11:47:45.252Z,0,TABS,1,93
76960,Add You.com search engine,meowmixes98,2022-06-23T03:21:49.778Z,0,,2,115
76859,Automatically set cookie policy for browsers,quartchug,2022-06-19T18:30:02.760Z,0,SETTINGS,2,106
73684,Behaviour akin to #account-consistency,pleasesendhelp,2022-04-02T19:31:55.209Z,0,SETTINGS,4,181
76768,View -> Second Tab Level,KSB,2022-06-17T00:30:10.511Z,0,SETTINGS,3,154
76132,Show popup thumbnails only for tabs  NOT for stacks,AzDayton,2022-06-05T02:51:29.983Z,0,TABS,8,187
76760,Translator Request - multiple options how single words (or specific phrases) can be translated,VivaldiFan137,2022-06-16T18:46:14.041Z,0,,1,65
76714,Prevent screenshot from opening Screenshot folder,H4M5TER,2022-06-15T17:19:21.548Z,0,SETTINGS,2,83
76700,Option to disable using search engine nicknames,Gregor,2022-06-15T14:04:29.814Z,0,ADDRESS BAR,6,249
76708,Thumbnails delayed refresh,Gregor,2022-06-15T15:13:25.516Z,0,,3,90
76669,Refresh display,jesus2099,2022-06-14T18:23:05.538Z,0,,3,115
76651,Increase localStorage quota for websites,CorruptComputer,2022-06-14T13:48:51.597Z,0,SETTINGS,4,407
76643,"Select All" on the Right-Click Menu,mccpry,2022-06-14T12:21:30.351Z,0,,4,122
75487,Time To Live for Cookies,mikestone,2022-05-18T18:47:23.068Z,0,SETTINGS,2,85
76438,Command for "Search with selection" that shows the search menu,killchain,2022-06-10T10:05:37.743Z,0,,10,255
70958,move Estimated time left for download,urfausto,2022-01-16T18:18:16.002Z,0,,15,302
76266,Add selected tabs to reading list,bstumpf,2022-06-07T18:38:29.983Z,0,TABS,2,74
76237,Password for starting up browser when syncronisation is enabled,andersholt,2022-06-07T09:33:34.812Z,0,,1,46
76224,Open a new tab on the screen where I clicked to open the new tab (two monitors),JotaOdiceu,2022-06-06T23:30:02.600Z,0,TABS,2,63
76223,News,frkylmz420,2022-06-06T22:46:50.933Z,0,BOOKMARKS,1,77
76148,Ability to press Alt key within Linux Mint Web Apps,thecloughnetwork,2022-06-05T14:30:22.924Z,0,,1,44
75908,Pinned Tab needs to be of right size,dericka,2022-06-02T09:00:25.649Z,0,TABS,2,71
75800,no spaces in file names,zedaardv,2022-05-31T08:04:58.729Z,0,SETTINGS,1,48
75694,Choose location for first- & second-row tabs individually,MourningStar,2022-05-26T15:28:10.936Z,0,TABS,1,64
75687,Fix keyboard focus in PDF view,garneticaciddos,2022-05-26T12:37:24.162Z,0,TABS,6,121
75624,New vivaldi luxurious style,juanitofut6,2022-05-23T17:43:55.826Z,0,THEMES,4,198
75311,change tab bar position easier by a click with two fingers,lillianli,2022-05-13T14:30:58.784Z,0,TABS,6,190
75557,Option to use POST search method in private windows only,Thescorb0,2022-05-21T02:33:54.576Z,0,SETTINGS,3,94
75558,Advanced Search Queries,adax64,2022-05-21T03:11:15.491Z,0,SETTINGS,1,77
75504,Panels shouldn't autohide while something is being dragged,homatyano,2022-05-19T09:21:37.707Z,0,PANELS,1,88
73861,Make text on Speed Dial items centered,jxst991059,2022-04-07T01:02:59.124Z,0,SPEED DIAL,5,365
75479,Separate themes for Mail/RSS and the rest of UI,cassandrawilliams,2022-05-18T15:21:30.584Z,0,THEMES,1,93
75469,ORDER IN IMAGE CAPTURE IN NOTES,diversiondiferente,2022-05-18T11:34:19.488Z,0,,3,122
75408,Split same tab  same login  same typing  same clicks  same session,donac64,2022-05-16T15:34:38.007Z,0,TABS,2,80
75331,"Bare" window - not full screen,JohnBarton,2022-05-14T01:23:46.122Z,0,,6,99
75359,Window size in status info when resizing window,Thescorb0,2022-05-15T00:26:43.101Z,0,,2,59
74691,Allow space characters in nickname of search engines,Xium,2022-04-24T05:14:52.573Z,0,SETTINGS,29,864
59650,Hover effect for sidebar and other places.,waleedskhan2007,2021-04-15T19:31:59.861Z,0,PANELS,3,158
74899,Allow Spatial Navigation with scroll wheel,naveisland,2022-05-01T00:52:19.918Z,0,,4,156
74778,Allow browser to export its menu bar for users with a global menu bar,NewAgeDerpDerp,2022-04-26T20:03:38.618Z,0,LINUX,2,279
74721,Proper option to address BGR subpixel monitors,teglicha,2022-04-25T09:32:40.706Z,0,,1,136
74510,Request: Shift Click Clear Icon in Downloads SideBar to Clear AND close the sidebar,dalinar,2022-04-18T21:51:56.905Z,0,PANELS,4,107
74507,Limiting browser framerate,rinrinrinrinrin,2022-04-18T20:26:25.734Z,0,SETTINGS,1,231
74496,PDF Viewer Options,bdecker,2022-04-18T14:59:12.868Z,0,SETTINGS,1,102
74151,Translate Panel: make text boxes taller,valiowk,2022-04-12T04:21:02.131Z,0,PANELS,5,166
74137,Notification notification dots now uses accent colors,basseX,2022-04-11T19:45:11.136Z,0,THEMES,1,104
74123,Color code Bookmarks,FLTR,2022-04-11T12:49:53.909Z,0,BOOKMARKS,1,92
74112,Ability to search menu content at Appearance => Menu section in Settings,Dobypeti,2022-04-11T06:29:53.622Z,0,SETTINGS,1,75
74098,separate download folder,repvez,2022-04-10T22:10:55.972Z,0,SETTINGS,2,88
74026,Web Panel | Toggle Title + Nav Buttons location,Zalex108,2022-04-09T09:32:43.293Z,0,PANELS,1,76
73929,Add keyboard shortcut to "Move Tab -> Window...",RetroCoder80sV2,2022-04-07T21:27:43.757Z,0,TABS,3,113
73801,In URL parameters  display normal double-byte characters  not their UTF-8 codes,drkh,2022-04-06T11:55:03.334Z,0,ADDRESS BAR,5,299
73846,Transform stack to Reading List,Nickko,2022-04-06T20:21:27.691Z,0,TABS,2,79
73744,Option to hide reader view button from the address bar,Thescorb0,2022-04-05T09:15:57.693Z,0,ADDRESS BAR,3,298
73710,Return Search Field to Default Search Engine,x-15a2,2022-04-03T22:23:11.502Z,0,SETTINGS,4,116
73707,Allow the grid layout to support "Z"-order in addition to the "И"-order,stdedos,2022-04-03T20:04:09.685Z,0,TABS,2,78
73656,Volume Master Natively on Vivaldi,PSW,2022-04-02T00:50:38.021Z,0,VOLUME:SETTINGS,1,223
73605,Panel Counter - Show total tab count as badge,planetcall,2022-03-31T12:01:41.383Z,0,PANELS,1,92
73485,Allow blocking exceptions with subdomains,Thescorb0,2022-03-28T05:27:20.187Z,0,,1,76
73437,Change tabs thumbnails for bigger fav icons and titles,kallon,2022-03-25T22:04:49.840Z,0,TABS,1,77
73414,Ctrl+[select] for the autocomplete contents.,litrio,2022-03-25T08:26:37.946Z,0,ADDRESS BAR,1,61
73365,Change Themes Easier!,LostDreamzx,2022-03-24T00:16:53.806Z,0,,4,116
73353,Themes editor within quick settings.,Priest72,2022-03-23T17:46:02.854Z,0,THEMES,2,92
73106,When starting the browser  keep windows minimized except for the last active window,Agych,2022-03-16T16:23:13.414Z,0,,2,120
73075,Hidden Tabs Indicator,janrif,2022-03-15T16:50:21.366Z,0,SCROLLABLE TABS:TAB BAR:TABS,1,154
73062,Smarter behavior in updating Session file after closing many tabs together or in a row,dude99,2022-03-15T04:42:46.378Z,0,,1,63
70763,Show Pinned Tabs at Bottom,BigT1776,2022-01-10T23:41:58.351Z,0,TABS,2,94
72971,I want to disable and hide the translate button in the address bar.,sinh999,2022-03-12T02:39:57.728Z,0,SETTINGS,2,241
72912,Dismiss form resubmission on periodic reload,Vinick,2022-03-10T12:12:09.934Z,0,RELOAD:TABS,3,304
72924,Make a tab stop (keyboard tab) at buttons on web forms,jprecher,2022-03-10T19:04:23.210Z,0,,2,67
72866,Not working Ctrl+F   Esc with right panel developer.,KoreshS,2022-03-09T01:24:47.037Z,0,PANELS,5,145
72818,Open folder and subfolders,Shoham,2022-03-07T12:25:14.026Z,0,BOOKMARKS,1,86
72809,Some new things to add to menus,Thescorb0,2022-03-07T04:38:06.401Z,0,SETTINGS,1,79
72687,Manual login opportunity for separate users,pecsijanos,2022-03-03T18:05:47.879Z,0,SETTINGS,4,123
72666,Reload all related tabs,dazlari,2022-03-03T05:33:23.576Z,0,,3,130
68921,Bugs/Features Tab Cycler,manusfreedom,2021-11-24T15:45:30.425Z,0,TABS,5,198
72546,[New feature request] Automatically turn on privacy mode Please,Y0ann,2022-02-27T17:11:07.330Z,0,SETTINGS,4,152
72430,Don't change the appearance/color of read articles favicons in the reading list,smerugu28,2022-02-23T16:04:07.941Z,0,READING LIST,13,457
72588,Shortcut to a specific tab of some pattern,premwork,2022-03-01T01:33:05.111Z,0,TABS,4,122
82211,Resizing bookmark sidebar,MoosMas,2022-12-20T16:06:31.162Z,0,BOOKMARKS,5,329
72523,A Bigger Separator for Bookmark Bar,Pheenic,2022-02-26T17:42:58.145Z,0,BOOKMARKS,1,83
72477,Shortcut for horizontal scrolling tabs,MinaWaheed9697,2022-02-25T10:25:49.357Z,0,TABS,1,138
72422,Theme switcher within a new tab,EFA2021,2022-02-23T13:12:46.551Z,0,THEMES,1,83
72410,New Private Tab required  for current  windows,knk040919,2022-02-23T07:00:28.123Z,0,TABS,1,80
72299,Add do not autoclose panels option from the panel sidebar,gabrasca,2022-02-20T09:44:49.402Z,0,PANELS,4,187
72298,Panels have to follow displayed settings,gabrasca,2022-02-20T09:40:08.323Z,0,PANELS,4,120
72232,configurable back button dropdown list size,k78d,2022-02-18T16:38:50.872Z,0,,3,105
72226,Check for update immediately before beginning update,jspraul,2022-02-18T14:55:11.150Z,0,,1,54
72172,Maximum no. of tabs,Stipa,2022-02-17T08:06:34.428Z,0,TABS,1,97
71918,Match Shortest Nickname First,digitrance,2022-02-12T05:05:59.946Z,0,ADDRESS BAR,1,66
71856,Tab Bar Overflow,Anarcho,2022-02-11T04:46:17.179Z,0,TABS,3,152
71768,Reading list in Reader View,Apanthropist,2022-02-09T19:45:52.243Z,0,READING LIST:READER VIEW,8,521
71701,Maximise the tab if moving to a new window and mouse is at the top of the screen.,Froody,2022-02-08T12:57:24.062Z,0,TABS,1,64
71680,iTerm2 style hotkey window,mjclarke94,2022-02-07T23:43:18.291Z,0,PANELS,1,90
71636,Icon in the tab if the tab is in silent mode,lostscene,2022-02-06T08:09:09.827Z,0,TABS,3,96
71498,Tab panel placement should be different on each device,dimang,2022-02-01T14:50:28.380Z,0,SETTINGS,2,82
71496,Video information similar to image information,MoosMas,2022-02-01T12:52:57.289Z,0,,2,72
71447,Drag Tabs while still loading,collinbrahana,2022-01-31T00:56:13.110Z,0,,1,62
71441,Use an Hourglass-Cursor when Lagging/Loading.,Eggcorn,2022-01-30T21:30:05.070Z,0,,1,91
71417,Bookmark bar tooltips should display page titles instead of page addresses,drkh,2022-01-30T07:00:08.044Z,0,BOOKMARKS,3,120
71284,Hide/Unhide all tabs outside the stack you are working on,yonchuk,2022-01-26T07:04:58.355Z,0,TABS,1,82
71179,Auto invite loading,ibay770,2022-01-23T05:16:26.980Z,0,,1,55
70877,Hotkey option to toggle pop out video (PIP)...,TsunamiZ,2022-01-13T23:20:05.378Z,0,,2,76
71105,Refresh button for translate,g_bartsch,2022-01-21T01:46:39.105Z,0,SETTINGS,1,63
71053,Scrollable tabs  but sparing the pinned tabs,MinaWaheed9697,2022-01-19T05:52:10.174Z,0,TABS,1,89
67094,Fix copying bookmarks between profiles  and dragging tabs from the window panel between profiles and windows.,rzjnzk,2021-10-04T18:33:35.292Z,0,,5,249
71017,Allow choice between defaulting to search bar or address bar on new tab,keithbaker,2022-01-18T09:49:50.100Z,0,SETTINGS,1,60
71013,RIght click on tab to add to speed dial,keithbaker,2022-01-18T07:38:59.225Z,0,TABS,1,60
70989,Frame Settings & Print Frame,Itug,2022-01-17T16:10:53.383Z,0,PANELS,2,102
70888,Wrb panels: allow custom profile or a separate cookie storage,Agentmc,2022-01-14T12:44:25.678Z,0,PANELS,1,88
70837,Whatsapp and Telegram integration similar to Gmail,Gurudeep,2022-01-13T08:29:09.468Z,0,,3,254
70784,Ability to have new themes for vivaldi mail  calendar  to do list  and feeds,nathanatlila,2022-01-11T16:45:18.332Z,0,THEMES,1,66
70772,Make new close button on notifications optional,hansbert,2022-01-11T10:18:08.521Z,0,,1,59
70708,Save tabs as a speed dial folder.,xanrer,2022-01-09T12:52:02.100Z,0,TABS,1,142
70546,Themes change with every site visited!,MichaelTheGamer,2022-01-03T01:25:02.905Z,0,THEMES,2,131
70542,sync bookmarks with tab stack,ejaen,2022-01-02T23:30:33.766Z,0,BOOKMARKS,1,65
70539,"Native Window" setting: Name,ZakMcKracken,2022-01-02T22:46:59.368Z,0,SETTINGS,1,266
70453,Native window settings depending on host?,grailforge,2021-12-30T14:18:37.484Z,0,SETTINGS,2,77
70298,Multi language dictionaries and thesauruses,sirinath,2021-12-24T14:28:16.309Z,0,,2,100
70295,Address bar bookmark nickname search order,rhubarbpieguy,2021-12-24T13:44:17.107Z,0,ADDRESS BAR,1,84
70268,New Bookmark - restore original behavior,master_kosa,2021-12-23T14:54:18.412Z,0,BOOKMARKS,3,133
70177,spell-check  reverse pop-up menu sequence,chrisgreaves,2021-12-20T20:48:54.641Z,0,SETTINGS,3,98
70172,Window panel: losing sight of favicons,mrw,2021-12-20T16:28:45.978Z,0,PANELS,1,76
70116,MacOS - View passwords using TouchID or Unlock with Apple Watch,leo32345,2021-12-18T16:32:20.511Z,0,,2,178
70101,Please Display All Bookmark Options When Adding to Speed Dial,sirinath,2021-12-18T09:37:35.618Z,0,TABS,1,54
70079,tab styles,OrchestraBrowser2021,2021-12-17T16:28:28.980Z,0,TABS,1,75
69741,Tabs styled like Firefox,gamrbuoi3122,2021-12-10T06:33:40.227Z,0,TABS,2,130
70024,Discord Web-Panel,AlarkiusJay,2021-12-16T08:52:26.044Z,0,PANELS,2,1155
70012,Add a way to remove the bookmark suggestions feature.,J1MP47,2021-12-15T23:26:57.944Z,0,BOOKMARKS,3,172
69986,show update progress on 'About' page in Vivaldi for windows,[[global:former-user]],2021-12-15T12:52:47.187Z,0,,4,90
69850,Multiple full screen windows on a single monitor,hemphandle,2021-12-12T19:06:31.877Z,0,PANELS,1,95
69837,crash con il nuovo vivaldi 5.0.2,claudioragni,2021-12-12T13:44:13.196Z,0,,1,44
69822,Speed Dial Bar Disappeared,mscarrington,2021-12-11T21:57:03.362Z,0,ADDRESS BAR,2,89
69740,panels and padding,gamrbuoi3122,2021-12-10T06:31:18.354Z,0,ADDRESS BAR,1,100
69587,Parse&Format JSON documents,alowinfield,2021-12-07T18:56:37.826Z,0,,1,121
69272,About Windows10dpi  the browser text appears blurry,wthmix,2021-12-03T06:27:16.304Z,0,,3,128
69474,Manage resources panel,Wolfgama,2021-12-06T04:08:26.720Z,0,PANELS,2,178
69425,Changeable Bookmarks page font size,mnabn,2021-12-05T05:28:16.844Z,0,BOOKMARKS,1,102
69421,Different header colour in foreground/background (Linux  possibly others),ryanrms,2021-12-05T03:18:29.880Z,0,THEMES,1,99
69352,Filter search URL or blacklist function,johnny0124,2021-12-04T05:11:02.864Z,0,,1,60
69351,Play Unplay toggle button,chidam,2021-12-04T05:09:08.457Z,0,TABS,1,81
69308,Endless tabs ans history browsing  days and groups splitting,Hedgeg,2021-12-03T15:27:07.096Z,0,,1,52
69186,I want to know how to automatically enable the brown filter on all pages. I like the display effect. Thank you!,lipu,2021-12-02T12:31:08.398Z,0,SETTINGS,6,132
69239,Open pages from homepage in new tab if pinned,maxoku,2021-12-02T22:58:05.412Z,0,TABS,3,104
69187,Ive created a theme but its too big to upload,nitrams,2021-12-02T12:37:14.077Z,0,THEMES,4,146
69116,Pomodoro 2.0,janrif,2021-11-30T20:57:34.777Z,0,,4,199
69055,Chromium Dialouge Windows,HarshuboiPlayz,2021-11-29T02:49:23.150Z,0,PANELS,2,122
69078,Distinguish subdomains for saved passwords (or provide option to do so).,simro,2021-11-29T17:29:42.033Z,0,SETTINGS,3,232
68968,Make third-party cookies configuration visible next too addressbar,1Z0FPMeRD5I,2021-11-26T09:12:07.534Z,0,SETTINGS,2,86
68952,Pannel options / fullscreen on video reproduction behavior,ericmelvin10,2021-11-25T13:31:08.911Z,0,SETTINGS,1,68
68894,Pressing and dragging the mouse cursor selects multiple bookmarks and folders,PhenomenalZJ,2021-11-23T18:14:30.658Z,0,BOOKMARKS,4,152
68852,Using a binary clock face in the status bar clock instead of the analog or digital face.,randompsyduck,2021-11-22T12:11:26.891Z,0,,1,91
68810,Key combination with click to define position of new tab when click in link,andrelgmartins,2021-11-21T05:31:06.555Z,0,,1,61
68809,Option to enable closing pinned tabs,Thescorb0,2021-11-21T04:26:13.697Z,0,TABS,1,80
68742,Copy Link Text Shortcut,Timitus,2021-11-19T05:48:23.838Z,0,SETTINGS,2,152
68730,cmd+t doesn't put a focus on the address bar,legitimatepanda,2021-11-18T19:02:10.292Z,0,ADDRESS BAR,1,63
68623,Webcam intrusion,jancyemcd,2021-11-15T17:03:48.748Z,0,SETTINGS,3,119
68606,Capture Image Selections to existing Note,markTpalmos,2021-11-15T10:04:06.659Z,0,CAPTURE:NOTES:SETTINGS,1,198
68536,Keep translating tab/website,sirien.neiris,2021-11-13T02:09:27.769Z,0,,1,65
68489,Add option to show folder text when 'Icon only' layout is selected,leohajder,2021-11-11T12:29:23.217Z,0,BOOKMARKS,1,79
68480,Parity between bookmarks side and bookmarks bar,Eric_V,2021-11-11T07:37:10.582Z,0,BOOKMARKS,2,152
68427,Chain commands in command palette,trmoon,2021-11-09T16:49:36.469Z,0,,1,100
68425,In-app notifications of received tabs,tangleofcode,2021-11-09T16:05:07.623Z,0,TABS,1,63
68413,Import/Export themes from file,Thescorb0,2021-11-09T08:38:01.658Z,0,THEMES,4,149
68325,MIDI Support,domportera,2021-11-06T02:29:53.956Z,0,,1,49
68322,Ability to edit text with 'notes' feature and use as a text expander.,regberesford,2021-11-06T00:38:53.766Z,0,PANELS,3,125
68310,Darcula theme for Vivaldi,DaniloAsanin,2021-11-05T14:19:29.712Z,0,THEMES,3,296
68235,Moving the main window per mouse via panel bar,bariton,2021-11-03T00:27:04.547Z,0,,5,131
68261,utilise empty Vertical Tab space,diusonem,2021-11-03T13:51:27.043Z,0,TABS,1,90
68231,Add a toggle for the philips hue integration in the status bar and an acceptable color range,victorguillet,2021-11-02T18:00:02.087Z,0,SETTINGS,1,71
68199,Show articles on start page,dark2,2021-11-02T08:20:28.780Z,0,,2,89
68182,"Disable all extensions" button,trojanobelix,2021-11-01T10:03:15.008Z,0,SETTINGS,7,336
68060,lock search accross time,nebelfuerst,2021-10-28T18:27:38.808Z,0,PANELS,4,151
68114,Integrate bookmarks bar into panel,WildEnte,2021-10-30T09:01:05.136Z,0,PANELS,1,108
68073,clear all  input history,whyjxz14,2021-10-29T06:45:03.151Z,0,ADDRESS BAR,1,104
68063,Allow console on about:blank (new tab),Hipreme,2021-10-28T20:43:07.630Z,0,,1,65
67956,Option to rebind keyboard modifier for scroll wheel tab cycling,deltille,2021-10-25T23:14:56.397Z,0,TABS,1,113
67952,Download link in metadata,BanisterJH,2021-10-25T20:00:29.436Z,0,,1,55
67926,Organise the task-manager,Thescorb0,2021-10-25T09:18:19.660Z,0,,3,91
67751,Right click>Scan as QR-code,Thescorb0,2021-10-20T09:38:59.725Z,0,ADDRESS BAR,1,82
67703,The Open All button is displayed independently in the synced tabs,Poto,2021-10-19T07:55:42.031Z,0,,2,76
67666,Close menus with escape,Thescorb0,2021-10-18T09:57:04.191Z,0,,4,126
67539,Improve contrast in address bar,ckdot,2021-10-14T07:39:10.955Z,0,MACOS:THEMES,1,263
67379,Two tweaks for Tab Stacks,paul1149,2021-10-10T17:24:17.082Z,0,TABS,18,683
67450,Warn about the imminent bookmarking with a + icon over the drop point...,TsunamiZ,2021-10-11T21:36:00.916Z,0,,1,99
67320,Simulate mouse click on selected text,jesusfdiaz,2021-10-09T10:24:30.087Z,0,,1,61
67267,VI style slash search function,scrutinizer,2021-10-08T09:49:00.159Z,0,,3,93
67303,When the download of the apk file is complete  the pop-up prompt dialog box should be disabled,jasli,2021-10-09T01:46:25.519Z,0,SETTINGS,2,121
67261,add to speed dial with right click,Treap,2021-10-08T07:39:52.784Z,0,TABS,1,59
67244,Run mobile applications from panels,Thescorb0,2021-10-08T03:04:28.823Z,0,PANELS,1,81
67241,Tab sets as workstations,bakari45,2021-10-08T01:42:36.766Z,0,TABS,1,76
59025,Add context menu option to move to an existing tab stack,rzjnzk,2021-03-31T11:48:58.713Z,0,TABS,3,130
67019,Auto add snapshot and stable to auto generated device name in sync,[[global:former-user]],2021-10-02T13:08:57.944Z,0,SETTINGS,0,63
66988,Actions over a link,ArroyoSotto,2021-10-01T12:43:33.687Z,0,,7,127
66935,Show bookmark only in new tabs,RaulDP,2021-09-29T20:29:34.933Z,0,BOOKMARKS,2,178
66908,Unlinking Bookmarks in Folders on the Bookmark Bar,Ricardo009,2021-09-29T01:38:14.123Z,0,BOOKMARKS,1,90
66858,Block Pages When Pomodoro Timer Is On,mrluvzflying,2021-09-28T04:05:07.292Z,0,,1,74
66834,Keyboard Remap Capability (Linux),bitmodeler,2021-09-27T11:45:42.753Z,0,,2,84
66818,Load Favicons on Default Search,ibhatt97,2021-09-27T05:39:31.086Z,0,SETTINGS,2,103
66752,Jumping between two tabs,Albinoni,2021-09-24T18:06:29.294Z,0,TABS,2,94
66751,F2 + Multi-Open + Location,ankor,2021-09-24T16:27:54.709Z,0,BOOKMARKS,1,69
66715,vertical tabs pinned unidentifieable,YODUCK,2021-09-24T04:01:42.845Z,0,TABS,4,135
66735,Remember Size of the User Profiles Popup Window,dalinar,2021-09-24T12:46:35.643Z,0,SETTINGS,1,63
66694,address auto-complete dont use bookmarks,SoulReaper,2021-09-23T16:42:53.485Z,0,SETTINGS,1,80
66536,seperate web panels for private window,Nish7009,2021-09-20T06:15:14.263Z,0,PANELS,1,64
66507,Quickly deleting a bookmark,Urvdmih,2021-09-19T08:40:51.729Z,0,BOOKMARKS,3,153
66499,Hibernate selected tabs command,Thescorb0,2021-09-19T04:09:03.503Z,0,TABS,1,98
66488,MacOS: double tap to zoom  missing space around content,SmoSen,2021-09-18T18:30:12.763Z,0,,1,51
66478,Page Tiling: Set tile viewport,trunktin,2021-09-18T12:20:48.291Z,0,TABS,1,104
66461,Settings for "Suggest password..." feature,danielp,2021-09-17T21:50:52.592Z,0,SETTINGS,3,208
66446,CTRL+SHFT+DEL --> ENTER,Merlinuz,2021-09-17T16:22:38.237Z,0,SETTINGS,2,94
66337,Auto-scroll all tabs in group,ww40,2021-09-15T18:44:12.211Z,0,TABS,1,64
66330,Option to consider open tabs as recent tabs when cycling tabs,johnnyasantoss,2021-09-15T15:38:34.189Z,0,TABS,1,72
65995,Option to disable IME when focus is on address bar,thyobu,2021-09-06T12:07:28.714Z,0,ADDRESS BAR,5,200
66129,multi-row bookmarks,swater07,2021-09-10T13:26:36.716Z,0,BOOKMARKS,2,191
66061,Easier bookmark saving function,BretMan,2021-09-08T16:18:37.182Z,0,BOOKMARKS,1,87
66060,Don't block view with pull-down,BretMan,2021-09-08T16:16:26.247Z,0,BOOKMARKS,1,60
66059,Edit bookmark title easily by ...,BretMan,2021-09-08T16:14:21.678Z,0,BOOKMARKS,1,76
66058,Expand bookmark title,BretMan,2021-09-08T16:12:14.318Z,0,BOOKMARKS,1,68
66046,Changing & Saving Speed Dial Image,LK52,2021-09-07T23:30:26.331Z,0,BOOKMARKS,1,92
66030,Mark a window as "main",iZicke,2021-09-07T14:08:05.516Z,0,TABS,2,105
65864,Command chains in Speed dial/Bookmarks,solidsnake,2021-09-01T18:06:11.145Z,0,,3,141
65978,Add custom Extention Vivaldi-UI instead of Chrome UI,Pliex,2021-09-05T18:30:13.020Z,0,,4,130
65972,Startup - Pinned Tabs Always Open First Website Pinned.,wangson,2021-09-05T11:47:28.369Z,0,TABS,2,144
65930,cookies and mouse gestures,somboku,2021-09-03T17:04:20.344Z,0,SETTINGS,1,69
65898,FavIco from ToDoIst is blank (other browsers work ok),MartinVoorsmit,2021-09-02T21:08:33.886Z,0,TABS,3,124
65878,Blank featureless background when loading new content,Jaseinatl,2021-09-02T09:16:05.212Z,0,,1,71
65844,Select first search suggestion when using down arrow in address bar,randompsyduck,2021-09-01T04:07:07.523Z,0,ADDRESS BAR,6,210
65834,Social Media like Flock,Jaseinatl,2021-08-31T18:32:45.523Z,0,PANELS,2,136
65777,Support mobile data optimization,Poto,2021-08-30T07:19:38.754Z,0,,2,83
65785,Start with Windows system and run in the background when the browser is closed.,GZX,2021-08-30T10:33:40.198Z,0,SETTINGS,1,70
65759,Insert custom Speed Dial thumbnails with copy+paste function,wohdin,2021-08-29T19:26:20.427Z,0,BOOKMARKS,1,74
65742,Show Dropdown menu for Extension Icon when width is small,ashvsmay00,2021-08-29T02:27:54.831Z,0,,2,363
65673,minor UI tweak - make the "close area" on the x button bigger,Panino,2021-08-26T22:32:03.085Z,0,TABS,7,254
65684,Develop Overlay Scrollbars effect,Poto,2021-08-27T10:04:53.771Z,0,,1,79
65495,Close tab-stack based on the same domain or group.,Ryanchuang,2021-08-21T15:19:08.572Z,0,TABS,5,198
65605,Option to keep tab unmuted when inactive,andocromn,2021-08-24T21:16:41.750Z,0,,1,79
65532,Aggressive searching with address bar,slouchy,2021-08-23T08:01:28.529Z,0,ADDRESS BAR,3,138
65522,Change next video or song,Chickenwingstew,2021-08-22T22:27:00.788Z,0,TABS,2,81
65513,Calendar notifications,DJLConsulting,2021-08-22T14:50:13.997Z,0,,1,70
65451,Our personal security.,Kurabiye,2021-08-20T13:19:30.734Z,0,SETTINGS,3,130
65432,PDF 1st page separated,r.marques,2021-08-19T20:59:12.948Z,0,,2,91
65400,Add CB Search as search engine option,Thescorb0,2021-08-19T06:41:53.227Z,0,SETTINGS,2,84
65388,Automatically suspend Vivaldi on user inactivity,bruninpsico,2021-08-18T16:27:36.982Z,0,,6,189
65345,Move the address bar on top when tabs are either left or right,noneoftheabove,2021-08-17T07:25:56.554Z,0,ADDRESS BAR,2,107
65318,Enlarged preview of saved note.,danielson,2021-08-16T13:14:11.401Z,0,PANELS,3,126
65261,All Commnands list of Command Chains show,kyu3a,2021-08-14T12:20:06.641Z,0,,7,233
65288,Add website as desktop application.,ImIveooo,2021-08-15T10:40:07.191Z,0,,1,59
65264,GoogleMap-Suggest-URL,shifte,2021-08-14T13:33:51.156Z,0,SETTINGS,6,178
65224,Tab Suspender,elitre,2021-08-13T11:23:53.792Z,0,TABS,3,801
65212,PiP to stay on top through switching virtual desktops (spaces),ebb,2021-08-13T04:44:55.710Z,0,,1,74
65194,Use menu bar AS address bar/ON address bar,stanleyha,2021-08-12T18:23:13.603Z,0,ADDRESS BAR,1,111
64957,Tab Stack Rule,Nonlone,2021-08-07T00:20:34.277Z,0,TABS,6,259
65181,Add close button to all tabs on second level stacked tabs,pauloaguia,2021-08-12T09:37:13.138Z,0,TABS,1,63
65063,Search bar to filter tabs in current window,Kalyori,2021-08-09T11:28:42.344Z,0,TABS,4,159
65142,Browser engines selection,wigselinux,2021-08-11T08:46:39.619Z,0,,6,165
65047,Customizable tile color highlighting,ronyxs,2021-08-09T03:11:25.294Z,0,TABS,7,346
65096,Choose the way the homepage always opens in...,TsunamiZ,2021-08-10T06:49:37.235Z,0,,1,51
65067,I want to be able to move the google bar - and a highlight stuff,MikeSavad,2021-08-09T12:42:51.798Z,0,,2,67
65066,Going back a tab if I open a new one,MikeSavad,2021-08-09T12:39:15.093Z,0,,2,62
65064,Quick Search Tabs (F2) customisations,Kalyori,2021-08-09T11:32:57.554Z,0,SETTINGS,1,80
59997,Select the video tab when returning from picture-in-picture,ribeirobreno,2021-04-24T01:29:39.659Z,0,TABS:POP-OUT VIDEO,2,210
64518,Compact Display Style for Accodion,tree1891,2021-07-29T02:45:49.911Z,0,TABS,3,140
64966,Move menu icon to the left,stardepp,2021-08-07T06:57:27.532Z,0,SETTINGS,5,220
64968,Popup with longer title when hover tab,matiasmovie,2021-08-07T07:58:35.515Z,0,TABS,4,150
64938,Enhanced editor (HTML  MD  BB) in HTML textarea,FilipJirsak,2021-08-06T11:00:10.639Z,0,,2,116
64891,Rename Folders Tab's,Kardia,2021-08-05T10:18:53.014Z,0,TABS,1,79
64871,Begging for No Looping choice on video/animations,lysisromulus,2021-08-04T22:30:02.240Z,0,SETTINGS,3,95
64863,Move All Buttons to the Panel,legobuilder26,2021-08-04T19:35:12.352Z,0,,3,83
64718,Option to add pages that always have to be translated,matiasmovie,2021-08-02T03:40:24.343Z,0,,4,124
64839,Add setting for site to prevent autofill of usernames,i00,2021-08-04T11:22:19.002Z,0,SETTINGS,2,72
64793,Window-Panel: Selecting multiple tabs for Move,Darwin4Ever,2021-08-03T15:44:52.013Z,0,PANELS,5,158
64714,Frame around tab group in compact mode,matiasmovie,2021-08-02T03:30:41.920Z,0,TABS,7,240
64747,"Specify the storage location of the created note",vaticanworld,2021-08-02T17:07:48.756Z,0,SETTINGS,1,65
64743,"Specify the storage location for the password.",vaticanworld,2021-08-02T16:36:27.703Z,0,SETTINGS,1,55
64655,Disable cyclic tab switching by scroll,softisaweapon,2021-08-01T00:27:08.825Z,0,TABS,3,196
64706,Notes: colors for text,Stardust,2021-08-02T00:49:25.799Z,0,,5,110
64703,Mail/ Labels,3333,2021-08-01T23:09:34.639Z,0,,2,73
64604,Floating Search Request,hari_ghk,2021-07-31T04:32:42.521Z,0,ADDRESS BAR,3,138
64627,Checker for extensions removed from the Chrome Web Store,donac64,2021-07-31T12:32:42.147Z,0,,2,86
64596,Option to turn off mouse Gestures on certain websites,usefuluselessness,2021-07-30T20:00:00.539Z,0,SETTINGS,1,57
64498,Move tab stack to specific window via quick command,tsrodr,2021-07-28T18:56:27.864Z,0,TABS,2,102
64563,Option to empty a bookmark folder,stargate,2021-07-30T03:34:53.629Z,0,BOOKMARKS,1,75
64371,option to not hide the 2nd level of tabs when switching to a tab that is not stacked,areider,2021-07-26T01:09:25.696Z,0,TABS,4,124
64442,add ability to assign mouse buttons to certain "keyboard shortcuts" (may need to also add one or two),garfield1022,2021-07-27T21:08:40.028Z,0,SETTINGS,1,91
64441,Ability to set different "webpage" zoom  between normal  and private windows,garfield1022,2021-07-27T21:03:46.001Z,0,SETTINGS,1,66
64433,Implement news like in Opera browser,ItsenkoTimur,2021-07-27T18:31:08.028Z,0,,2,81
64432,Update list of passwords in privacy tab of settings in real time,Hallker,2021-07-27T18:29:06.476Z,0,SETTINGS,1,56
64015,Show tabs  on full screen,TomHatz,2021-07-15T16:00:41.304Z,0,TABS,3,530
64375,can Vivaldi have some Opera GX stuff,Alexpd7706,2021-07-26T03:02:24.082Z,0,TABS,2,118
64342,Force "Open in New" for specific tabs.,solforge,2021-07-25T05:12:03.799Z,0,TABS,1,85
64247,tab environment: open all the tabs from the folder,Reastr,2021-07-22T10:14:17.924Z,0,TABS,4,116
64268,The panel can directly add favorite URLs,svivaldi,2021-07-22T19:56:52.264Z,0,TABS,1,62
64267,When using the panel  the address bar and the title bar are on the same line,svivaldi,2021-07-22T19:43:21.214Z,0,,1,82
64155,Tab Levels/Folders,silasmccord,2021-07-19T15:33:57.405Z,0,TABS,3,356
64051,Option to Position Address Bar Above Page Content Area,g_bartsch,2021-07-16T22:24:38.339Z,0,ADDRESS BAR,3,132
64128,Option to always show scrollbars on macOS,splorp,2021-07-19T04:11:10.687Z,0,SETTINGS,1,126
64126,hiding tabs,MikeSavad,2021-07-19T00:34:47.241Z,0,TABS,1,77
64116,highlighter tool,MikeSavad,2021-07-18T19:07:41.142Z,0,,2,98
64087,User Interface Zoom  "LOCK" Please,pgareis27,2021-07-18T00:45:16.007Z,0,SETTINGS,2,149
64056,Toggle the Kb/Mb page load counter in address bar,Rolandboy,2021-07-17T04:20:39.582Z,0,ADDRESS BAR,2,207
64017,Double quick-search box,jacek.frankowski,2021-07-15T18:03:56.074Z,0,ADDRESS BAR,2,109
63889,Bookmark Create: finding folder scrolls away after selection,z4ck,2021-07-12T08:03:36.679Z,0,BOOKMARKS,2,70
63882,Better image scaling algorithm,Daktyl,2021-07-12T01:23:45.811Z,0,,1,79
63834,Reopening Closed Window,TheShadowDancer,2021-07-10T12:09:28.366Z,0,TABS,3,337
63687,Allow multiple hotkey presses to be queued up...,TsunamiZ,2021-07-07T18:03:00.919Z,0,,1,51
63679,Remove grey lock on extensions when logging in to servers,PhasedFox,2021-07-07T16:22:15.812Z,0,ADDRESS BAR,1,68
63594,cookies per domain limit?,kuhlmanck,2021-07-05T13:28:43.794Z,0,SETTINGS,2,75
63455,option to move grouped or stacked tabs to left panel in a folder,M0E,2021-07-02T08:39:08.791Z,0,TABS,8,172
62926,More appearance settings for bookmarks,matiasmovie,2021-06-20T15:44:09.703Z,0,BOOKMARKS,3,163
63332,official Chocolatey support,Xyz00777,2021-06-29T11:58:49.245Z,0,,1,114
63236,Place focus in address bar when new tab is opened,dhsOnVivaldi,2021-06-27T16:10:37.604Z,0,TABS,2,223
63162,Right click shortcut on taskbar to open the last closed window,bpm.r,2021-06-25T15:49:01.076Z,0,,1,56
63116,Hide the Status Bar with a button,xtech,2021-06-24T14:07:51.578Z,0,PANELS,3,152
63056,Open in new tab.,SvenneOvik,2021-06-23T11:19:32.233Z,0,SETTINGS,12,263
62991,Update the look of the AdBlock & Anti-Tracker,ogredale,2021-06-21T19:15:00.227Z,0,SETTINGS,1,99
62950,The selected tab is difficult to distinguish,sirinath,2021-06-21T04:21:33.390Z,0,TABS,3,124
62837,Autofill,gbloomquist,2021-06-18T16:49:20.612Z,0,SETTINGS,4,550
62752,Delay closing second level tabs used for tab-stack,codemedic,2021-06-17T08:17:03.875Z,0,TABS,3,91
62638,Page Stats and Info,sirinath,2021-06-15T11:37:47.160Z,0,,2,75
62614,Access to all setting pages,sirinath,2021-06-15T03:22:14.846Z,0,SETTINGS,4,144
62270,minimal browser,callimachus,2021-06-10T19:24:34.876Z,0,,13,621
62538,Ability to Set Different Sizes and Higher Max Size for Panels,sirinath,2021-06-14T06:18:01.719Z,0,PANELS,18,569
62516,Improve Quality of Suggestions to be in Par with Chrome,sirinath,2021-06-13T18:35:25.770Z,0,ADDRESS BAR,3,136
62513,Find/replace in All Tabs  Find/replace in Stacked Tabs,sirinath,2021-06-13T17:15:00.326Z,0,TABS,1,64
62506,Show all options when adding to speed dial,sirinath,2021-06-13T15:21:59.709Z,0,BOOKMARKS,1,64
62428,Opening tabs from the search bar in the second level tab bar,Gregor,2021-06-12T13:32:13.291Z,0,ADDRESS BAR,1,66
61869,Unhibernate/wake tab stack,chrabia,2021-06-04T13:46:07.715Z,0,TABS,2,179
62374,Full Menu for Downloads,noopiscool,2021-06-11T21:08:59.536Z,0,PANELS,2,101
62376,Download Progress on Taskbar,noopiscool,2021-06-11T21:15:58.000Z,0,SETTINGS,5,124
62375,Add the ability to disable download completion notifications,noopiscool,2021-06-11T21:12:19.351Z,0,SETTINGS,2,102
62314,Full justification in Reader view,Fruchtenstein,2021-06-11T07:48:42.413Z,0,,8,169
62326,Option for opening links in new tabs at the end of the tab list,mbert,2021-06-11T09:45:26.833Z,0,TABS,1,87
62285,Add change background color feature to the bar below the address bar,Mohammad2021,2021-06-10T23:23:35.243Z,0,THEMES,1,102
62239,Better Sync options,ghpy,2021-06-10T14:35:00.540Z,0,,1,87
62153,Preserve window order on,alexandremckinnon,2021-06-10T03:24:48.257Z,0,TABS,1,74
62046,Tweet/Twitter notifications for multiple twitter accounts,Gurudeep,2021-06-09T10:30:44.785Z,0,PANELS,1,61
62000,invisible middle button in browser  scrollbar - force its appearence!,dedeco,2021-06-08T19:18:08.534Z,0,,1,78
61868,Multilevel tab stacks?,chrabia,2021-06-04T13:38:19.752Z,0,TABS,3,237
61734,Third-party cookies - suggestion,Caligos,2021-05-31T18:54:51.917Z,0,SETTINGS,3,149
61686,Keyboard Shortcut Auto Wallpaper?,AlphaRabbit7000,2021-05-30T14:04:39.279Z,0,SETTINGS,4,159
61645,Full screen button icon (macOS Big Sur),01397,2021-05-29T02:07:52.242Z,0,,1,79
61634,please  add an option for opening files in a new tab,thisusernameisavaible,2021-05-28T19:49:10.600Z,0,SETTINGS,2,76
61585,Option to Hide bookmark folders from Quick Command Search,coden1ke,2021-05-27T14:45:12.745Z,0,BOOKMARKS,3,97
61420,Prerender to Speed Window opening,code3,2021-05-22T13:32:12.979Z,0,,1,67
61305,Internet Explorer Mode.,Buglocker,2021-05-19T20:42:01.541Z,0,,1,283
61210,put a different background image behind tabs,BillyCS,2021-05-17T12:33:20.835Z,0,TABS,4,201
61211,Sync extension visibility on the panel,sergentum,2021-05-17T14:02:23.291Z,0,SETTINGS,1,60
61168,Site Detection for Web Panels,schmebi,2021-05-16T12:02:05.890Z,0,,3,98
60103,Option to fully disable close and disable-sound buttons on tabs,perljshtml,2021-04-26T14:17:25.602Z,0,TABS,4,155
61166,Enable in Break Mode Badges Option,schmebi,2021-05-16T11:38:48.088Z,0,,1,50
61125,Rolling page with clicking mouse wheel enabled by default,ekeimaja,2021-05-15T11:40:34.281Z,0,SETTINGS,8,254
54716,Right click context menu from Vivaldi's scrollbar,RasheedHolland,2020-12-20T16:23:03.039Z,0,,6,257
61014,User-defined Update interval,Berteiges,2021-05-13T07:35:47.852Z,0,,2,65
61007,Page scroll preview pop-out from scrollbar  similar to code preview within VSCODE.,Xeddius,2021-05-13T03:57:48.300Z,0,,2,89
61000,Build Vivaldi using the SegmentHeap to save memory? (Windows),ryanfarmer,2021-05-12T20:58:14.986Z,0,,1,61
60988,tabbar under navbar,adacom,2021-05-12T17:39:20.641Z,0,TABS,3,119
60643,[Linux] Open terminal emulator in Vivaldi,redqueen,2021-05-05T10:12:46.630Z,0,TABS,11,753
60919,Enhanced profile security,WhiteBlueRibbon,2021-05-11T06:11:13.189Z,0,,1,52
60745,Bottom tab bar has unwanted gap on Linux,emvaized,2021-05-07T07:52:55.186Z,0,TABS,4,130
60907,Open previous in new tab with recent history of previous tabs.,kubek8,2021-05-10T20:35:57.440Z,0,TABS,2,101
60747,Button to "restore default for all menus"...,TsunamiZ,2021-05-07T08:06:04.056Z,0,,1,50
60708,Remove counters in site function for adblock,DRYN,2021-05-06T12:18:34.920Z,0,SETTINGS,1,74
60691,access key for QR popup ( copy and download it),[[global:former-user]],2021-05-06T07:13:03.212Z,0,,0,47
60690,Keyboard shortcut and Mouse gesture to generate QR code,[[global:former-user]],2021-05-06T07:12:51.571Z,0,,0,88
60671,Express panel button,ingthehatter,2021-05-05T20:02:24.864Z,0,ADDRESS BAR,3,110
60622,Toggles instead of checkboxes,code3,2021-05-04T21:20:42.028Z,0,SETTINGS,1,54
60562,Custom language/script/region setting combination in "accept language" setting,c933103,2021-05-03T18:11:14.368Z,0,SETTINGS,1,67
60543,Option to reset Clock,EbrahimLodi,2021-05-03T13:40:32.451Z,0,SETTINGS,9,171
60535,Adjust the with of the tab stack to fit the text when the user has renamed it.,PerCSjoborg,2021-05-03T09:33:34.809Z,0,ADDRESS BAR,1,52
60451,Usability Improvements to Keyboard Settings Page,BioLehrer,2021-05-02T06:02:13.838Z,0,SETTINGS,2,56
60433,add extra security features,HunterYou2002,2021-05-01T17:53:16.410Z,0,SETTINGS,2,100
60386,Option: Disable scroll bouncing (top / end of page),panda83,2021-05-01T01:43:39.230Z,0,SETTINGS,1,54
60326,preview link on hovering cursor on a link,EbrahimLodi,2021-04-30T08:27:13.041Z,0,SETTINGS,1,50
60325,stop syncing start page and speed dial page,EbrahimLodi,2021-04-30T08:03:40.727Z,0,SETTINGS,1,66
59160,Move the "reopen closed tab" command to the top so we can access it faster...,TsunamiZ,2021-04-03T10:21:22.451Z,0,TABS,5,112
60313,Cookie crumbler only in private mode,haan,2021-04-30T04:45:00.927Z,0,SETTINGS,1,54
60287,Please streamline tabs/stacks/sessions,vvsurfr,2021-04-29T19:42:33.224Z,0,TABS,3,132
59954,Add Bookmark Dropdown list order?,kmagick64,2021-04-22T22:26:37.339Z,0,BOOKMARKS,5,205
60239,Maintain logins to sites past a browser close or reboot,4jtvT43nGoL4B,2021-04-29T10:22:31.980Z,0,SETTINGS,5,112
60218,Customizable notifications,rapaz,2021-04-28T23:05:03.971Z,0,SETTINGS,1,54
59879,A tab back/forward for accessing recently used order (if this is not the default tab cycling order),saturnus,2021-04-21T13:35:00.179Z,0,TABS,7,186
60173,Improve speed by making the start page part of the browser,code3,2021-04-27T22:49:50.082Z,0,,3,93
60148,Flat view for Bookmarks side panel,artemmelnik,2021-04-27T12:20:14.726Z,0,BOOKMARKS,1,104
60014,Keyboard shortcut to open password,EbrahimLodi,2021-04-24T11:54:59.950Z,0,SETTINGS,1,49
59939,Density Customization options,drazini,2021-04-22T15:53:41.171Z,0,PANELS,1,64
59917,Add custom keybinds to omnibox,bojan.ivanovic,2021-04-22T09:56:59.615Z,0,SETTINGS,1,69
59891,right-click a link > "Open link outside current stack",jasmithspriorit,2021-04-21T20:50:10.062Z,0,TABS,3,69
59828,Settings  "Open Links New Tab except bookmarklets".,shifte,2021-04-20T07:15:57.821Z,0,,1,72
59784,Tab button like in the mobile version,aldhabby,2021-04-19T00:33:50.819Z,0,TABS,1,56
59683,Slim Tab Page,kmcgrory,2021-04-16T13:34:04.471Z,0,ADDRESS BAR,7,145
59643,Simpler  manual controled Split View,GregEm,2021-04-15T18:07:23.453Z,0,TABS,2,80
59583,When open folder autoclose others,Dancer18,2021-04-14T14:26:11.898Z,0,PANELS,1,60
59527,Different web page zoom setting for images,iyo13,2021-04-12T19:09:43.216Z,0,SETTINGS,5,172
59490,Address bar search works only for addresses not words.,Buglocker,2021-04-11T22:49:49.558Z,0,ADDRESS BAR,5,109
59190,Change the "Use Native Window" option name into "Hide Title Bar",Walton,2021-04-03T23:10:17.148Z,0,SETTINGS,23,1994
59443,Floating search dialog,sondenis,2021-04-11T01:58:36.969Z,0,,2,58
59374,Maximize Toggle for Panels,RadekPilich,2021-04-08T19:52:52.683Z,0,PANELS,5,98
59323,Option to disable exit confirmation in private windows.,heyworld,2021-04-07T07:10:21.987Z,0,SETTINGS,1,58
59170,Auto-Hide PDF Reader Toolbar,palexaze,2021-04-03T13:55:32.350Z,0,,1,70
59147,Print Specific Page Elements,lewisbolaton,2021-04-03T00:03:44.603Z,0,,3,98
59098,Option to make it not possible for more than one express-panel tab to be open at the same time,Den4ick240,2021-04-02T02:33:51.722Z,0,TABS,2,52
59084,Open current url in clipboard by pressing third mouse button on "New Tab" button on tabs panel,believer,2021-04-01T15:24:19.708Z,0,TABS,2,100
59045,Ability to disable MEI autoplay requirements on tabs and/or sites/pages?,jrstrai,2021-03-31T23:36:09.730Z,0,,1,44
59041,Make tab order configurable to follow tab stack membership.,speakertomeat,2021-03-31T19:00:09.705Z,0,TABS,2,54
59009,Reverse the click/double-click functionality of tab stacks in the 'Window' pane.,rzjnzk,2021-03-31T05:25:59.315Z,0,PANELS,1,58
58986,Page tiling requests,luhmann,2021-03-30T12:12:39.520Z,0,TABS,1,79
58835,Tab Cycler | Icons,Zalex108,2021-03-27T02:39:43.603Z,0,,1,52
58833,Enable Private Tab option {taskbar icon},DontiRohit,2021-03-27T02:13:03.135Z,0,TABS,1,74
58647,custom search engine working on more sites,Zarrip,2021-03-23T21:07:00.520Z,0,,8,179
58799,History: Tree View,algy,2021-03-26T11:41:29.244Z,0,,1,60
58728,To be able to add bookmarks on the panels bar,mzayani,2021-03-25T06:20:57.085Z,0,PANELS,1,51
58688,Make speed dial subfolder not open as start page,Hallker,2021-03-24T13:46:24.303Z,0,BOOKMARKS,1,53
58671,Option to turn off shadows from thumbnails in speed dial,mezenin,2021-03-24T08:59:30.261Z,0,BOOKMARKS,2,85
58633,Note Table Function,janrifkinson,2021-03-23T15:28:49.637Z,0,PANELS,5,139
57553,Window Management | Session Management | Three level tab Management,DinakarKotha,2021-02-26T16:02:20.925Z,0,TABS,2,83
58570,Customizeable Speed Dial Dimensions,jpslabio,2021-03-22T11:54:03.919Z,0,BOOKMARKS,10,213
58566,New tab wallpaper auto change,Wrongmanmango,2021-03-22T11:20:48.246Z,0,THEMES,2,89
58531,Better handling of the "notifications > quieter messaging" feature,Kiana,2021-03-21T14:04:57.873Z,0,,2,80
58387,Widevine ARM64,Nicoacho,2021-03-18T20:40:08.658Z,0,SETTINGS,2,1384
58235,Honor different character case as a unique URL compared to previous URL entries,aksaks,2021-03-17T03:46:11.751Z,0,ADDRESS BAR,3,86
58221,Option to Disable/Enable "Private" Icon in Private Windows,TheStig,2021-03-16T17:59:18.209Z,0,SETTINGS,3,312
58224,Search without parameters (%s),Raymo111,2021-03-16T20:02:32.933Z,0,ADDRESS BAR,5,93
58149,Cookie Spoofer,RussellD,2021-03-15T15:09:40.974Z,0,SETTINGS,10,275
58157,Editing a bookmark in the window instead of a sliding panel from the bottom in panel and tab,matiasmovie,2021-03-15T16:57:17.264Z,0,BOOKMARKS,4,98
58160,about saving all pages in a tab,stevenyanmu,2021-03-15T17:44:06.691Z,0,TABS,1,48
58150,Style editor in inspector like Firefox Developer Edition,AdeurD,2021-03-15T15:17:43.659Z,0,,2,53
58107,Show bookmark bar directly into Quick command!,Seasonly,2021-03-14T09:49:42.049Z,0,BOOKMARKS,1,76
58063,Different Panels States for Different Tab Stacks,code3,2021-03-12T19:44:56.046Z,0,,3,47
57958,vpn on tab,Dentinr,2021-03-10T11:42:55.733Z,0,TABS,7,402
57917,Request for Voice service like speechnotes,yumisaiki,2021-03-09T06:49:13.452Z,0,,1,75
57837,Two Level Tab Keyboard Shortcut,IceCold,2021-03-06T12:41:45.180Z,0,SETTINGS,2,54
57778,Automatic page resize/zoom when opening Panel,tmab2003,2021-03-05T15:58:50.322Z,0,PANELS,2,87
57819,Display thumbnail of active tab only in vertical tabs,orangeE,2021-03-06T06:55:16.623Z,0,TABS,1,50
57789,keyboard navigation of manage profile dialog,mbarton98,2021-03-05T21:36:25.250Z,0,SETTINGS,1,41
57742,Make a Quick Bookmark available from cursor (floating bookmark panel or bar),Seasonly,2021-03-04T14:53:00.032Z,0,BOOKMARKS,1,108
57545,Youtube Panel Sound Manager,IBlitzzI,2021-02-26T12:01:44.133Z,0,PANELS,5,113
57683,Cookies automatic rejection feature for all websites,C2A,2021-03-02T14:19:13.184Z,0,,2,73
57674,Tabs scrolling in the address bar,C2A,2021-03-02T13:29:47.101Z,0,ADDRESS BAR,1,49
57635,Ommwriter and Ommbits-like developed and integrated within Vivaldi,C2A,2021-03-01T12:21:53.198Z,0,,11,373
57640,Text Replacement,xirix,2021-03-01T13:21:33.960Z,0,,1,82
57583,SpeedDial | Clock widget,clamelia,2021-02-27T13:54:41.072Z,0,SETTINGS,6,413
57542,Options to control the batch opening of multiple bookmarks at once from a folder of bookmarks...,TsunamiZ,2021-02-26T10:10:48.755Z,0,,1,39
57536,"Eat empty tab if it is the only tab" when opening URL addresses...,TsunamiZ,2021-02-26T06:36:42.759Z,0,,1,48
57517,Being able to define columns for download/bookmarks panel,saturnus,2021-02-25T19:53:19.155Z,0,PANELS,1,55
57441,Allow a keyboard shortcut to open a panel that is disabled (unchecked),Iaaa123456789,2021-02-24T05:03:12.127Z,0,PANELS,1,47
57353,Print Multiple Links / Pages at once,Klemsi,2021-02-21T17:26:55.243Z,0,TABS,2,173
54168,Context menu editing function when text is selected,clueto,2020-12-10T03:41:00.895Z,0,SETTINGS,4,115
57313,Right click to email image,oranwalker,2021-02-20T17:40:25.163Z,0,,1,42
57190,Forms and Data Panel,sf0greensill,2021-02-18T12:53:28.395Z,0,PANELS,1,67
57106,Quick suggest last file downloaded,ilitur.g,2021-02-16T14:19:42.501Z,0,,1,34
56987,Display address bar on mouseover when hidden or by clicking between menu panel and bookmark bar,evanricard,2021-02-14T22:58:46.889Z,0,ADDRESS BAR,4,176
56862,Clearing cache and website storage should not delete personal data,debiedowner,2021-02-12T09:15:00.519Z,0,,1,100
56814,Add web panel shortcut bindings for opening in a new tab,Andrewmumblebee,2021-02-11T08:50:16.646Z,0,PANELS,1,102
56801,Windows - Jump Lists Support,djfdat,2021-02-11T00:03:07.133Z,0,,1,52
56027,User Profile preferred sites,sf0greensill,2021-01-28T17:38:20.319Z,0,,7,187
56729,Real markdown syntax for Notes,antoine.luboz,2021-02-09T16:12:47.507Z,0,,8,141
56759,A command to instantly "tile with previous tab"...,TsunamiZ,2021-02-10T09:51:10.452Z,0,,1,44
56575,Option «Switch off spell checking» needed,River71,2021-02-06T12:53:35.016Z,0,SETTINGS,5,197
56663,Activate tabs when selected in the window panel,Rewel,2021-02-08T09:48:17.537Z,0,PANELS,10,157
56546,Add "x" icon next to the "Lock" on 2nd row for close stacked tab,eeeemc,2021-02-06T04:49:18.099Z,0,TABS,2,51
56543,Customize the size of the "show closed tabs" menu...,TsunamiZ,2021-02-06T03:23:55.417Z,0,,1,50
56482,"Tab Height" of the extra row from stacked tab appreciate make shorter,eeeemc,2021-02-05T03:54:57.909Z,0,TABS,1,64
56448,Include a sequential number option for Capture File Name Template,mepqfilho,2021-02-04T11:39:54.236Z,0,SETTINGS,1,52
56403,Allow CSS Mods from external sources via @import,hebgbs,2021-02-03T16:14:30.264Z,0,THEMES,5,163
56297,Make the Vivaldi ad blocker also block ad related nag screens...,TsunamiZ,2021-02-01T18:59:00.529Z,0,,4,115
56359,Toggle 2nd Tab Bar By Clicking On Tab Stack,legobuilder26,2021-02-02T20:54:50.972Z,0,TABS,1,48
56306,Extension Blacklist By Site Option,CovenStine,2021-02-01T22:42:19.950Z,0,SETTINGS,1,144
56302,Improve style of double bottom tab bars,supra107,2021-02-01T21:23:53.010Z,0,TABS,1,46
56292,Disable Bookmarks Completely,briansee,2021-02-01T18:16:48.565Z,0,BOOKMARKS,2,88
56270,A left click modifier for "open in private window",pointed.stick,2021-02-01T11:13:34.037Z,0,TABS,1,55
56230,Multiline speed dial text,kshipsak,2021-01-31T17:52:20.566Z,0,SETTINGS,1,70
56161,Tab cycle/prev-next open only when the modifier key is released,zendo9,2021-01-30T12:42:49.320Z,0,TABS,3,74
56110,Option to use nickname on bookmarks bar,endemoniada,2021-01-29T16:14:12.046Z,0,BOOKMARKS,3,101
56178,Private mode's address field drop-down menu  allow search suggestions only and hide everything else...,TsunamiZ,2021-01-30T19:12:08.383Z,0,,6,116
55867,Border coloring around Vivaldi window,CheechGe,2021-01-24T21:19:09.740Z,0,,1,57
55754,Do not mute old tabs,John11,2021-01-21T23:21:10.774Z,0,SETTINGS,2,65
55581,All tabs scaling,qsimpleq,2021-01-16T20:18:24.531Z,0,TABS,7,197
55445,Limit use of hardware media controls to a specific tab,Vincent500,2021-01-13T14:56:53.194Z,0,,1,51
55417,KaTeX support in Notes,supra107,2021-01-12T19:19:42.387Z,0,,6,124
55285,Also show URL for vertical tabs,willrs,2021-01-09T04:24:28.170Z,0,TABS,6,144
55345,"Don't close last tab" option.,beckfield,2021-01-10T17:11:27.696Z,0,TABS,1,159
55323,Add - Edit saved credentials.,egbaker,2021-01-10T03:35:04.920Z,0,SETTINGS,4,137
54069,🔎 Open search via the search bar in the background 🔍,stardepp,2020-12-08T19:08:10.154Z,0,ADDRESS BAR,2,223
55231,Bookmark folders -Like google chrome & possibly tab in calendar  notes  etc -Regardless of OS.,billydanielcom,2021-01-07T15:11:02.518Z,0,BOOKMARKS,1,48
55182,Over-ride default chromium page background : white -> theme color,Verbunk,2021-01-06T03:10:07.270Z,0,TABS,1,62
55169,Always display titles in tab cycler,ffirow,2021-01-05T14:29:55.656Z,0,TABS,4,117
55111,Dragging bookmarks hides the position where the bookmark will be going,7eggert,2021-01-03T15:50:58.212Z,0,BOOKMARKS,11,237
54927,CTRL + middle click to open in new tab,thepaladintech,2020-12-27T18:04:41.365Z,0,ADDRESS BAR,1,63
54923,Bookmarks folder in panel,PhilippeLebel,2020-12-27T12:01:00.857Z,0,PANELS,2,86
54860,Twitter fleets on the panel view,MHamidi,2020-12-24T21:47:37.757Z,0,PANELS,1,76
54812,Add a dedicated 'Start Page' button,simon.lattmann,2020-12-23T13:32:05.318Z,0,ADDRESS BAR,3,110
54764,Rename "New tab stack with your selection (x tabs)" to "Stack x tabs",flooners,2020-12-21T23:44:52.752Z,0,TABS,4,114
54704,Add OneSearch as search engine,SandroLinux,2020-12-20T09:24:59.271Z,0,SETTINGS,4,145
54450,preload while typing in the search bar,Drakelfy,2020-12-14T22:29:20.055Z,0,ADDRESS BAR,4,112
54354,Folder Awareness and Intelligent Bookmark Placement,g_bartsch,2020-12-13T01:58:18.809Z,0,BOOKMARKS,7,149
54396,floating address bar like in fullscreen mode,mizouniihichem,2020-12-13T19:50:48.770Z,0,,1,43
54306,Add DNS API to extensions,zakius,2020-12-12T05:22:52.739Z,0,,5,149
54364,Option to reload tab when select,tree1891,2020-12-13T07:47:14.463Z,0,,3,59
54351,More Darker theme,Stardust,2020-12-13T00:20:05.395Z,0,THEMES,10,173
54238,Pin bookmark bar bookmarks,floweringmind,2020-12-11T05:31:13.782Z,0,BOOKMARKS,1,71
54126,Key + Hover on Popup Thumbnails,noneoftheabove,2020-12-09T14:54:18.955Z,0,TABS,1,66
54093,Shazam or equivalent in browser,elektriknathan,2020-12-09T03:07:32.463Z,0,,2,1080
54081,Copy address url without the protocol,docky,2020-12-08T21:32:51.131Z,0,ADDRESS BAR,2,60
54034,Use the new address bar's QR code function for passwords as well,GiMiX,2020-12-08T08:50:28.303Z,0,SETTINGS,2,71
53967,Disable tab detaching/tearing,madonnaragu,2020-12-06T13:53:37.984Z,0,TABS,1,68
53776,Start a new stack of tabs when opening links in new tabs after a certain amount,Lu9,2020-12-02T10:58:48.555Z,0,TABS,3,109
53818,Vivaldi Sound/Voicemeeter,chaos_stimpy,2020-12-03T01:31:34.809Z,0,SETTINGS,2,96
53787,Display Start Page on Address Bar Drop-down,alxgvr,2020-12-02T13:37:31.844Z,0,ADDRESS BAR,3,103
53550,Pressing close-tab (Ctrl-W) on an empty window should close the window,gcross2,2020-11-27T19:16:44.150Z,0,RESOLVED:TABS,3,163
53501,Image properties for SVG,area42,2020-11-27T09:31:09.674Z,0,PANELS,2,79
53182,avoid to set vivaldi as autolaunch in apple setting,vivaldisuggestions,2020-11-20T11:51:57.829Z,0,,1,49
53159,When invoking "close tab" from the quick commands panel  force closing of pinned tabs,matklad,2020-11-19T18:57:01.426Z,0,TABS,1,52
53114,⚙ Speed Dial navigation bar - add shortcuts for settings  extensions and Downloads ⚙,stardepp,2020-11-18T09:50:25.579Z,0,SETTINGS,3,91
53071,Top and Bottom panel positions,leo5th,2020-11-17T00:53:31.301Z,0,PANELS,2,73
53067,Setting option to set folder for icons on speed dial pages,datdinhquoc,2020-11-16T22:28:36.747Z,0,SETTINGS,2,53
53044,Direct version labeling in changelogs...,TsunamiZ,2020-11-16T07:46:41.620Z,0,,1,46
53039,add right click colours menu in palemoon style,vivaldisuggestions,2020-11-16T02:32:18.252Z,0,,1,56
52945,Make the program folder name constant,Agych,2020-11-13T02:20:07.639Z,0,,4,98
52873,Page refresh by timer - add notice if page changed,romdev,2020-11-11T09:52:05.381Z,0,TABS,2,89
52831,Allow mouse gestures to be bound to shortcut keys,datdinhquoc,2020-11-10T08:29:18.608Z,0,SETTINGS,2,67
52786,note in bottom bar with pin on top an full length mode  faster switch and opacity,vivaldisuggestions,2020-11-08T23:33:23.507Z,0,,1,61
52782,faster delete all in search queries,vivaldisuggestions,2020-11-08T22:33:53.518Z,0,,1,42
52774,Global Quick Commands,aqm,2020-11-08T20:09:59.891Z,0,,1,45
52754,smart search queries --> convert xxx to %s automatically,vivaldisuggestions,2020-11-08T00:02:35.811Z,0,,4,393
52693,smart auto quit mode - multiple vivaldi profiles: SS34,vivaldisuggestions,2020-11-07T01:25:24.926Z,0,,8,99
52699,extension in pipmode,vivaldisuggestions,2020-11-07T01:53:54.533Z,0,POP-OUT VIDEO,5,269
52700,playlist features in pipmode,vivaldisuggestions,2020-11-07T01:54:28.791Z,0,POP-OUT VIDEO,3,200
52702,separate history for pip,vivaldisuggestions,2020-11-07T01:56:39.673Z,0,POP-OUT VIDEO,5,288
52692,add download status on tabs: SS38-2,vivaldisuggestions,2020-11-07T01:22:00.370Z,0,,1,35
52691,screenshot based warning: SS38-1,vivaldisuggestions,2020-11-07T01:21:14.448Z,0,,1,41
